================================================================================
GlycoGarden Network Structures (auto-generated at startup)
Total Structures: 11355
================================================================================

0	(2, 2, 2, 0, 0, 0, 0, 0, 0, 0, 0, 0)
1	(2, 2, 1, 0, 0, 0, 0, 0, 0, 0, 0, 0)
2	(2, 2, 2, 0, 0, 0, 0, 0, 0, 0, 0, 1)
3	(1, 2, 1, 0, 0, 0, 0, 0, 0, 0, 0, 0)
4	(2, 2, 1, 0, 0, 0, 0, 0, 0, 0, 0, 1)
5	(2, 2, 2, 0, 0, 0, 0, 0, 0, 0, 0, 2)
6	(1, 2, 0, 0, 0, 0, 0, 0, 0, 0, 0, 0)
7	(1, 2, 1, 0, 0, 0, 0, 0, 0, 0, 0, 1)
8	(2, 2, 1, 0, 0, 0, 0, 0, 0, 0, 0, 2)
9	(1, 1, 0, 0, 0, 0, 0, 0, 0, 0, 0, 0)
10	(1, 2, 0, 0, 0, 0, 0, 0, 0, 0, 0, 1)
11	(1, 2, 1, 0, 0, 0, 0, 0, 0, 0, 0, 2)
12	(1, 1, 0, 0, 0, 0, 0, 0, 1, 0, 0, 0)
13	(1, 1, 0, 0, 0, 0, 0, 0, 0, 0, 0, 1)
14	(1, 2, 0, 0, 0, 0, 0, 0, 0, 0, 0, 2)
15	(1, 0, 0, 0, 0, 0, 0, 0, 1, 0, 0, 0)
16	(1, 1, 0, 1, 0, 0, 0, 0, 1, 0, 0, 0)
17	(1, 1, 0, 0, 0, 0, 0, 1, 1, 0, 0, 0)
18	(1, 1, 0, 0, 0, 0, 0, 0, 2, 1, 0, 0)
19	(1, 1, 0, 0, 0, 0, 0, 0, 1, 0, 0, 1)
20	(1, 1, 0, 0, 0, 0, 0, 0, 0, 0, 0, 2)
21	(0, 0, 0, 0, 0, 0, 0, 0, 1, 0, 0, 0)
22	(1, 0, 0, 1, 0, 0, 0, 0, 1, 0, 0, 0)
23	(1, 0, 0, 0, 0, 0, 0, 1, 1, 0, 0, 0)
24	(1, 0, 0, 0, 0, 0, 0, 0, 2, 1, 0, 0)
25	(1, 1, 0, 1, 0, 0, 0, 1, 1, 0, 0, 0)
26	(1, 1, 0, 1, 0, 0, 0, 0, 2, 1, 0, 0)
27	(1, 1, 0, 0, 0, 0, 0, 2, 1, 1, 0, 0)
28	(1, 1, 0, 0, 0, 0, 0, 1, 2, 1, 0, 0)
29	(1, 1, 0, 0, 0, 0, 0, 0, 4, 1, 0, 0)
30	(1, 1, 0, 0, 0, 0, 0, 0, 3, 1, 1, 0)
31	(1, 0, 0, 0, 0, 0, 0, 0, 1, 0, 0, 1)
32	(1, 1, 0, 1, 0, 0, 0, 0, 1, 0, 0, 1)
33	(1, 1, 0, 0, 0, 0, 0, 1, 1, 0, 0, 1)
34	(1, 1, 0, 0, 0, 0, 0, 0, 2, 1, 0, 1)
35	(1, 1, 0, 0, 0, 0, 0, 0, 1, 0, 0, 2)
36	(0, 0, 0, 1, 0, 0, 0, 0, 1, 0, 0, 0)
37	(0, 0, 0, 0, 0, 0, 1, 0, 1, 0, 0, 0)
38	(0, 0, 0, 0, 0, 0, 0, 1, 1, 0, 0, 0)
39	(0, 0, 0, 0, 0, 0, 0, 0, 2, 1, 0, 0)
40	(1, 0, 0, 1, 0, 0, 0, 1, 1, 0, 0, 0)
41	(1, 0, 0, 1, 0, 0, 0, 0, 2, 1, 0, 0)
42	(1, 0, 0, 0, 0, 0, 0, 2, 1, 1, 0, 0)
43	(1, 0, 0, 0, 0, 0, 0, 1, 2, 1, 0, 0)
44	(1, 0, 0, 0, 0, 0, 0, 0, 4, 1, 0, 0)
45	(1, 0, 0, 0, 0, 0, 0, 0, 3, 1, 1, 0)
46	(1, 1, 0, 1, 0, 0, 0, 2, 1, 1, 0, 0)
47	(1, 1, 0, 1, 0, 0, 0, 1, 2, 1, 0, 0)
48	(1, 1, 0, 1, 0, 0, 0, 0, 4, 1, 0, 0)
49	(1, 1, 0, 1, 0, 0, 0, 0, 3, 1, 1, 0)
50	(1, 1, 0, 0, 0, 0, 0, 4, 1, 1, 0, 0)
51	(1, 1, 0, 0, 0, 0, 0, 2, 2, 2, 0, 0)
52	(1, 1, 0, 0, 0, 0, 0, 3, 1, 1, 1, 0)
53	(1, 1, 0, 0, 0, 0, 0, 1, 4, 1, 0, 0)
54	(1, 1, 0, 0, 0, 0, 0, 1, 3, 1, 1, 0)
55	(1, 1, 0, 0, 0, 0, 0, 0, 5, 2, 0, 0)
56	(0, 0, 0, 0, 0, 0, 0, 0, 1, 0, 0, 1)
57	(1, 0, 0, 1, 0, 0, 0, 0, 1, 0, 0, 1)
58	(1, 0, 0, 0, 0, 0, 0, 1, 1, 0, 0, 1)
59	(1, 0, 0, 0, 0, 0, 0, 0, 2, 1, 0, 1)
60	(1, 0, 0, 0, 0, 0, 0, 0, 1, 0, 0, 2)
61	(1, 1, 0, 1, 0, 0, 0, 1, 1, 0, 0, 1)
62	(1, 1, 0, 1, 0, 0, 0, 0, 2, 1, 0, 1)
63	(1, 1, 0, 1, 0, 0, 0, 0, 1, 0, 0, 2)
64	(1, 1, 0, 0, 0, 0, 0, 2, 1, 1, 0, 1)
65	(1, 1, 0, 0, 0, 0, 0, 1, 2, 1, 0, 1)
66	(1, 1, 0, 0, 0, 0, 0, 1, 1, 0, 0, 2)
67	(1, 1, 0, 0, 0, 0, 0, 0, 4, 1, 0, 1)
68	(1, 1, 0, 0, 0, 0, 0, 0, 3, 1, 1, 1)
69	(1, 1, 0, 0, 0, 0, 0, 0, 2, 1, 0, 2)
70	(0, 0, 0, 1, 0, 0, 1, 0, 1, 0, 0, 0)
71	(0, 0, 0, 1, 0, 0, 0, 1, 1, 0, 0, 0)
72	(0, 0, 0, 1, 0, 0, 0, 0, 2, 1, 0, 0)
73	(0, 0, 0, 0, 0, 0, 1, 1, 1, 0, 0, 0)
74	(0, 0, 0, 0, 0, 1, 1, 0, 1, 0, 0, 0)
75	(0, 0, 0, 0, 0, 0, 2, 0, 1, 1, 0, 0)
76	(0, 0, 0, 0, 0, 0, 1, 0, 2, 1, 0, 0)
77	(0, 0, 0, 0, 0, 0, 0, 2, 1, 1, 0, 0)
78	(0, 0, 0, 0, 0, 0, 0, 1, 2, 1, 0, 0)
79	(0, 0, 0, 0, 0, 0, 0, 0, 4, 1, 0, 0)
80	(0, 0, 0, 0, 0, 0, 0, 0, 3, 1, 1, 0)
81	(1, 0, 0, 1, 0, 0, 0, 2, 1, 1, 0, 0)
82	(1, 0, 0, 1, 0, 0, 0, 1, 2, 1, 0, 0)
83	(1, 0, 0, 1, 0, 0, 0, 0, 4, 1, 0, 0)
84	(1, 0, 0, 1, 0, 0, 0, 0, 3, 1, 1, 0)
85	(1, 0, 0, 0, 0, 0, 0, 4, 1, 1, 0, 0)
86	(1, 0, 0, 0, 0, 0, 0, 2, 2, 2, 0, 0)
87	(1, 0, 0, 0, 0, 0, 0, 3, 1, 1, 1, 0)
88	(1, 0, 0, 0, 0, 0, 0, 1, 4, 1, 0, 0)
89	(1, 0, 0, 0, 0, 0, 0, 1, 3, 1, 1, 0)
90	(1, 0, 0, 0, 0, 0, 0, 0, 5, 2, 0, 0)
91	(1, 1, 0, 1, 0, 0, 0, 4, 1, 1, 0, 0)
92	(1, 1, 0, 1, 0, 0, 0, 2, 2, 2, 0, 0)
93	(1, 1, 0, 1, 0, 0, 0, 3, 1, 1, 1, 0)
94	(1, 1, 0, 1, 0, 0, 0, 1, 4, 1, 0, 0)
95	(1, 1, 0, 1, 0, 0, 0, 1, 3, 1, 1, 0)
96	(1, 1, 0, 1, 0, 0, 0, 0, 5, 2, 0, 0)
97	(1, 1, 0, 0, 0, 0, 0, 5, 1, 2, 0, 0)
98	(1, 1, 0, 0, 0, 0, 0, 4, 2, 2, 0, 0)
99	(1, 1, 0, 0, 0, 0, 0, 2, 4, 2, 0, 0)
100	(1, 1, 0, 0, 0, 0, 0, 3, 2, 2, 1, 0)
101	(1, 1, 0, 0, 0, 0, 0, 2, 3, 2, 1, 0)
102	(1, 1, 0, 0, 0, 0, 0, 1, 5, 2, 0, 0)
103	(1, 1, 0, 0, 0, 0, 0, 0, 6, 2, 1, 0)
104	(0, 0, 0, 1, 0, 0, 0, 0, 1, 0, 0, 1)
105	(0, 0, 0, 0, 0, 0, 1, 0, 1, 0, 0, 1)
106	(0, 0, 0, 0, 0, 0, 0, 1, 1, 0, 0, 1)
107	(0, 0, 0, 0, 0, 0, 0, 0, 2, 1, 0, 1)
108	(0, 0, 0, 0, 0, 0, 0, 0, 1, 0, 0, 2)
109	(1, 0, 0, 1, 0, 0, 0, 1, 1, 0, 0, 1)
110	(1, 0, 0, 1, 0, 0, 0, 0, 2, 1, 0, 1)
111	(1, 0, 0, 1, 0, 0, 0, 0, 1, 0, 0, 2)
112	(1, 0, 0, 0, 0, 0, 0, 2, 1, 1, 0, 1)
113	(1, 0, 0, 0, 0, 0, 0, 1, 2, 1, 0, 1)
114	(1, 0, 0, 0, 0, 0, 0, 1, 1, 0, 0, 2)
115	(1, 0, 0, 0, 0, 0, 0, 0, 4, 1, 0, 1)
116	(1, 0, 0, 0, 0, 0, 0, 0, 3, 1, 1, 1)
117	(1, 0, 0, 0, 0, 0, 0, 0, 2, 1, 0, 2)
118	(1, 1, 0, 1, 0, 0, 0, 2, 1, 1, 0, 1)
119	(1, 1, 0, 1, 0, 0, 0, 1, 2, 1, 0, 1)
120	(1, 1, 0, 1, 0, 0, 0, 1, 1, 0, 0, 2)
121	(1, 1, 0, 1, 0, 0, 0, 0, 4, 1, 0, 1)
122	(1, 1, 0, 1, 0, 0, 0, 0, 3, 1, 1, 1)
123	(1, 1, 0, 1, 0, 0, 0, 0, 2, 1, 0, 2)
124	(1, 1, 0, 0, 0, 0, 0, 4, 1, 1, 0, 1)
125	(1, 1, 0, 0, 0, 0, 0, 2, 2, 2, 0, 1)
126	(1, 1, 0, 0, 0, 0, 0, 3, 1, 1, 1, 1)
127	(1, 1, 0, 0, 0, 0, 0, 2, 1, 1, 0, 2)
128	(1, 1, 0, 0, 0, 0, 0, 1, 4, 1, 0, 1)
129	(1, 1, 0, 0, 0, 0, 0, 1, 3, 1, 1, 1)
130	(1, 1, 0, 0, 0, 0, 0, 1, 2, 1, 0, 2)
131	(1, 1, 0, 0, 0, 0, 0, 0, 5, 2, 0, 1)
132	(1, 1, 0, 0, 0, 0, 0, 0, 4, 1, 0, 2)
133	(1, 1, 0, 0, 0, 0, 0, 0, 3, 1, 1, 2)
134	(0, 0, 0, 1, 0, 0, 1, 1, 1, 0, 0, 0)
135	(0, 0, 0, 1, 0, 1, 1, 0, 1, 0, 0, 0)
136	(0, 0, 0, 1, 0, 0, 2, 0, 1, 1, 0, 0)
137	(0, 0, 0, 1, 0, 0, 1, 0, 2, 1, 0, 0)
138	(0, 0, 0, 1, 0, 0, 0, 2, 1, 1, 0, 0)
139	(0, 0, 0, 1, 0, 0, 0, 1, 2, 1, 0, 0)
140	(0, 0, 0, 1, 0, 0, 0, 0, 4, 1, 0, 0)
141	(0, 0, 0, 1, 0, 0, 0, 0, 3, 1, 1, 0)
142	(0, 0, 0, 0, 0, 1, 1, 1, 1, 0, 0, 0)
143	(0, 0, 0, 0, 0, 0, 2, 1, 1, 1, 0, 0)
144	(0, 0, 0, 0, 0, 0, 1, 2, 1, 1, 0, 0)
145	(0, 0, 0, 0, 0, 0, 1, 1, 2, 1, 0, 0)
146	(0, 0, 0, 0, 0, 2, 1, 0, 1, 1, 0, 0)
147	(0, 0, 0, 0, 0, 1, 2, 0, 1, 1, 0, 0)
148	(0, 0, 0, 0, 0, 1, 1, 0, 2, 1, 0, 0)
149	(0, 0, 0, 0, 0, 0, 4, 0, 1, 1, 0, 0)
150	(0, 0, 0, 0, 0, 0, 2, 0, 2, 2, 0, 0)
151	(0, 0, 0, 0, 0, 0, 3, 0, 1, 1, 1, 0)
152	(0, 0, 0, 0, 0, 0, 1, 0, 4, 1, 0, 0)
153	(0, 0, 0, 0, 0, 0, 1, 0, 3, 1, 1, 0)
154	(0, 0, 0, 0, 0, 0, 0, 4, 1, 1, 0, 0)
155	(0, 0, 0, 0, 0, 0, 0, 2, 2, 2, 0, 0)
156	(0, 0, 0, 0, 0, 0, 0, 3, 1, 1, 1, 0)
157	(0, 0, 0, 0, 0, 0, 0, 1, 4, 1, 0, 0)
158	(0, 0, 0, 0, 0, 0, 0, 1, 3, 1, 1, 0)
159	(0, 0, 0, 0, 0, 0, 0, 0, 5, 2, 0, 0)
160	(1, 0, 0, 1, 0, 0, 0, 4, 1, 1, 0, 0)
161	(1, 0, 0, 1, 0, 0, 0, 2, 2, 2, 0, 0)
162	(1, 0, 0, 1, 0, 0, 0, 3, 1, 1, 1, 0)
163	(1, 0, 0, 1, 0, 0, 0, 1, 4, 1, 0, 0)
164	(1, 0, 0, 1, 0, 0, 0, 1, 3, 1, 1, 0)
165	(1, 0, 0, 1, 0, 0, 0, 0, 5, 2, 0, 0)
166	(1, 0, 0, 0, 0, 0, 0, 5, 1, 2, 0, 0)
167	(1, 0, 0, 0, 0, 0, 0, 4, 2, 2, 0, 0)
168	(1, 0, 0, 0, 0, 0, 0, 2, 4, 2, 0, 0)
169	(1, 0, 0, 0, 0, 0, 0, 3, 2, 2, 1, 0)
170	(1, 0, 0, 0, 0, 0, 0, 2, 3, 2, 1, 0)
171	(1, 0, 0, 0, 0, 0, 0, 1, 5, 2, 0, 0)
172	(1, 0, 0, 0, 0, 0, 0, 0, 6, 2, 1, 0)
173	(1, 1, 0, 1, 0, 0, 0, 5, 1, 2, 0, 0)
174	(1, 1, 0, 1, 0, 0, 0, 4, 2, 2, 0, 0)
175	(1, 1, 0, 1, 0, 0, 0, 2, 4, 2, 0, 0)
176	(1, 1, 0, 1, 0, 0, 0, 3, 2, 2, 1, 0)
177	(1, 1, 0, 1, 0, 0, 0, 2, 3, 2, 1, 0)
178	(1, 1, 0, 1, 0, 0, 0, 1, 5, 2, 0, 0)
179	(1, 1, 0, 1, 0, 0, 0, 0, 6, 2, 1, 0)
180	(1, 1, 0, 0, 0, 0, 0, 5, 2, 3, 0, 0)
181	(1, 1, 0, 0, 0, 0, 0, 6, 1, 2, 1, 0)
182	(1, 1, 0, 0, 0, 0, 0, 4, 4, 2, 0, 0)
183	(1, 1, 0, 0, 0, 0, 0, 4, 3, 2, 1, 0)
184	(1, 1, 0, 0, 0, 0, 0, 2, 5, 3, 0, 0)
185	(1, 1, 0, 0, 0, 0, 0, 3, 4, 2, 1, 0)
186	(1, 1, 0, 0, 0, 0, 0, 3, 3, 2, 2, 0)
187	(1, 1, 0, 0, 0, 0, 0, 1, 6, 2, 1, 0)
188	(0, 0, 0, 1, 0, 0, 1, 0, 1, 0, 0, 1)
189	(0, 0, 0, 1, 0, 0, 0, 1, 1, 0, 0, 1)
190	(0, 0, 0, 1, 0, 0, 0, 0, 2, 1, 0, 1)
191	(0, 0, 0, 1, 0, 0, 0, 0, 1, 0, 0, 2)
192	(0, 0, 0, 0, 0, 0, 1, 1, 1, 0, 0, 1)
193	(0, 0, 0, 0, 0, 1, 1, 0, 1, 0, 0, 1)
194	(0, 0, 0, 0, 0, 0, 2, 0, 1, 1, 0, 1)
195	(0, 0, 0, 0, 0, 0, 1, 0, 2, 1, 0, 1)
196	(0, 0, 0, 0, 0, 0, 1, 0, 1, 0, 0, 2)
197	(0, 0, 0, 0, 0, 0, 0, 2, 1, 1, 0, 1)
198	(0, 0, 0, 0, 0, 0, 0, 1, 2, 1, 0, 1)
199	(0, 0, 0, 0, 0, 0, 0, 1, 1, 0, 0, 2)
200	(0, 0, 0, 0, 0, 0, 0, 0, 4, 1, 0, 1)
201	(0, 0, 0, 0, 0, 0, 0, 0, 3, 1, 1, 1)
202	(0, 0, 0, 0, 0, 0, 0, 0, 2, 1, 0, 2)
203	(1, 0, 0, 1, 0, 0, 0, 2, 1, 1, 0, 1)
204	(1, 0, 0, 1, 0, 0, 0, 1, 2, 1, 0, 1)
205	(1, 0, 0, 1, 0, 0, 0, 1, 1, 0, 0, 2)
206	(1, 0, 0, 1, 0, 0, 0, 0, 4, 1, 0, 1)
207	(1, 0, 0, 1, 0, 0, 0, 0, 3, 1, 1, 1)
208	(1, 0, 0, 1, 0, 0, 0, 0, 2, 1, 0, 2)
209	(1, 0, 0, 0, 0, 0, 0, 4, 1, 1, 0, 1)
210	(1, 0, 0, 0, 0, 0, 0, 2, 2, 2, 0, 1)
211	(1, 0, 0, 0, 0, 0, 0, 3, 1, 1, 1, 1)
212	(1, 0, 0, 0, 0, 0, 0, 2, 1, 1, 0, 2)
213	(1, 0, 0, 0, 0, 0, 0, 1, 4, 1, 0, 1)
214	(1, 0, 0, 0, 0, 0, 0, 1, 3, 1, 1, 1)
215	(1, 0, 0, 0, 0, 0, 0, 1, 2, 1, 0, 2)
216	(1, 0, 0, 0, 0, 0, 0, 0, 5, 2, 0, 1)
217	(1, 0, 0, 0, 0, 0, 0, 0, 4, 1, 0, 2)
218	(1, 0, 0, 0, 0, 0, 0, 0, 3, 1, 1, 2)
219	(1, 1, 0, 1, 0, 0, 0, 4, 1, 1, 0, 1)
220	(1, 1, 0, 1, 0, 0, 0, 2, 2, 2, 0, 1)
221	(1, 1, 0, 1, 0, 0, 0, 3, 1, 1, 1, 1)
222	(1, 1, 0, 1, 0, 0, 0, 2, 1, 1, 0, 2)
223	(1, 1, 0, 1, 0, 0, 0, 1, 4, 1, 0, 1)
224	(1, 1, 0, 1, 0, 0, 0, 1, 3, 1, 1, 1)
225	(1, 1, 0, 1, 0, 0, 0, 1, 2, 1, 0, 2)
226	(1, 1, 0, 1, 0, 0, 0, 0, 5, 2, 0, 1)
227	(1, 1, 0, 1, 0, 0, 0, 0, 4, 1, 0, 2)
228	(1, 1, 0, 1, 0, 0, 0, 0, 3, 1, 1, 2)
229	(1, 1, 0, 0, 0, 0, 0, 5, 1, 2, 0, 1)
230	(1, 1, 0, 0, 0, 0, 0, 4, 2, 2, 0, 1)
231	(1, 1, 0, 0, 0, 0, 0, 4, 1, 1, 0, 2)
232	(1, 1, 0, 0, 0, 0, 0, 2, 4, 2, 0, 1)
233	(1, 1, 0, 0, 0, 0, 0, 3, 2, 2, 1, 1)
234	(1, 1, 0, 0, 0, 0, 0, 2, 3, 2, 1, 1)
235	(1, 1, 0, 0, 0, 0, 0, 2, 2, 2, 0, 2)
236	(1, 1, 0, 0, 0, 0, 0, 3, 1, 1, 1, 2)
237	(1, 1, 0, 0, 0, 0, 0, 1, 5, 2, 0, 1)
238	(1, 1, 0, 0, 0, 0, 0, 1, 4, 1, 0, 2)
239	(1, 1, 0, 0, 0, 0, 0, 1, 3, 1, 1, 2)
240	(1, 1, 0, 0, 0, 0, 0, 0, 6, 2, 1, 1)
241	(1, 1, 0, 0, 0, 0, 0, 0, 5, 2, 0, 2)
242	(0, 0, 0, 1, 0, 1, 1, 1, 1, 0, 0, 0)
243	(0, 0, 0, 1, 0, 0, 2, 1, 1, 1, 0, 0)
244	(0, 0, 0, 1, 0, 0, 1, 2, 1, 1, 0, 0)
245	(0, 0, 0, 1, 0, 0, 1, 1, 2, 1, 0, 0)
246	(0, 0, 0, 1, 0, 2, 1, 0, 1, 1, 0, 0)
247	(0, 0, 0, 1, 0, 1, 2, 0, 1, 1, 0, 0)
248	(0, 0, 0, 1, 0, 1, 1, 0, 2, 1, 0, 0)
249	(0, 0, 0, 1, 0, 0, 4, 0, 1, 1, 0, 0)
250	(0, 0, 0, 1, 0, 0, 2, 0, 2, 2, 0, 0)
251	(0, 0, 0, 1, 0, 0, 3, 0, 1, 1, 1, 0)
252	(0, 0, 0, 1, 0, 0, 1, 0, 4, 1, 0, 0)
253	(0, 0, 0, 1, 0, 0, 1, 0, 3, 1, 1, 0)
254	(0, 0, 0, 1, 0, 0, 0, 4, 1, 1, 0, 0)
255	(0, 0, 0, 1, 0, 0, 0, 2, 2, 2, 0, 0)
256	(0, 0, 0, 1, 0, 0, 0, 3, 1, 1, 1, 0)
257	(0, 0, 0, 1, 0, 0, 0, 1, 4, 1, 0, 0)
258	(0, 0, 0, 1, 0, 0, 0, 1, 3, 1, 1, 0)
259	(0, 0, 0, 1, 0, 0, 0, 0, 5, 2, 0, 0)
260	(0, 0, 0, 0, 0, 2, 1, 1, 1, 1, 0, 0)
261	(0, 0, 0, 0, 0, 1, 2, 1, 1, 1, 0, 0)
262	(0, 0, 0, 0, 0, 1, 1, 2, 1, 1, 0, 0)
263	(0, 0, 0, 0, 0, 1, 1, 1, 2, 1, 0, 0)
264	(0, 0, 0, 0, 0, 0, 4, 1, 1, 1, 0, 0)
265	(0, 0, 0, 0, 0, 0, 2, 2, 1, 2, 0, 0)
266	(0, 0, 0, 0, 0, 0, 2, 1, 2, 2, 0, 0)
267	(0, 0, 0, 0, 0, 0, 3, 1, 1, 1, 1, 0)
268	(0, 0, 0, 0, 0, 0, 1, 4, 1, 1, 0, 0)
269	(0, 0, 0, 0, 0, 0, 1, 2, 2, 2, 0, 0)
270	(0, 0, 0, 0, 0, 0, 1, 3, 1, 1, 1, 0)
271	(0, 0, 0, 0, 0, 0, 1, 1, 4, 1, 0, 0)
272	(0, 0, 0, 0, 0, 0, 1, 1, 3, 1, 1, 0)
273	(0, 0, 0, 0, 0, 4, 1, 0, 1, 1, 0, 0)
274	(0, 0, 0, 0, 0, 2, 2, 0, 1, 2, 0, 0)
275	(0, 0, 0, 0, 0, 2, 1, 0, 2, 2, 0, 0)
276	(0, 0, 0, 0, 0, 3, 1, 0, 1, 1, 1, 0)
277	(0, 0, 0, 0, 0, 1, 4, 0, 1, 1, 0, 0)
278	(0, 0, 0, 0, 0, 1, 2, 0, 2, 2, 0, 0)
279	(0, 0, 0, 0, 0, 1, 3, 0, 1, 1, 1, 0)
280	(0, 0, 0, 0, 0, 1, 1, 0, 4, 1, 0, 0)
281	(0, 0, 0, 0, 0, 1, 1, 0, 3, 1, 1, 0)
282	(0, 0, 0, 0, 0, 0, 5, 0, 1, 2, 0, 0)
283	(0, 0, 0, 0, 0, 0, 4, 0, 2, 2, 0, 0)
284	(0, 0, 0, 0, 0, 0, 2, 0, 4, 2, 0, 0)
285	(0, 0, 0, 0, 0, 0, 3, 0, 2, 2, 1, 0)
286	(0, 0, 0, 0, 0, 0, 2, 0, 3, 2, 1, 0)
287	(0, 0, 0, 0, 0, 0, 1, 0, 5, 2, 0, 0)
288	(0, 0, 0, 0, 0, 0, 0, 5, 1, 2, 0, 0)
289	(0, 0, 0, 0, 0, 0, 0, 4, 2, 2, 0, 0)
290	(0, 0, 0, 0, 0, 0, 0, 2, 4, 2, 0, 0)
291	(0, 0, 0, 0, 0, 0, 0, 3, 2, 2, 1, 0)
292	(0, 0, 0, 0, 0, 0, 0, 2, 3, 2, 1, 0)
293	(0, 0, 0, 0, 0, 0, 0, 1, 5, 2, 0, 0)
294	(0, 0, 0, 0, 0, 0, 0, 0, 6, 2, 1, 0)
295	(1, 0, 0, 1, 0, 0, 0, 5, 1, 2, 0, 0)
296	(1, 0, 0, 1, 0, 0, 0, 4, 2, 2, 0, 0)
297	(1, 0, 0, 1, 0, 0, 0, 2, 4, 2, 0, 0)
298	(1, 0, 0, 1, 0, 0, 0, 3, 2, 2, 1, 0)
299	(1, 0, 0, 1, 0, 0, 0, 2, 3, 2, 1, 0)
300	(1, 0, 0, 1, 0, 0, 0, 1, 5, 2, 0, 0)
301	(1, 0, 0, 1, 0, 0, 0, 0, 6, 2, 1, 0)
302	(1, 0, 0, 0, 0, 0, 0, 5, 2, 3, 0, 0)
303	(1, 0, 0, 0, 0, 0, 0, 6, 1, 2, 1, 0)
304	(1, 0, 0, 0, 0, 0, 0, 4, 4, 2, 0, 0)
305	(1, 0, 0, 0, 0, 0, 0, 4, 3, 2, 1, 0)
306	(1, 0, 0, 0, 0, 0, 0, 2, 5, 3, 0, 0)
307	(1, 0, 0, 0, 0, 0, 0, 3, 4, 2, 1, 0)
308	(1, 0, 0, 0, 0, 0, 0, 3, 3, 2, 2, 0)
309	(1, 0, 0, 0, 0, 0, 0, 1, 6, 2, 1, 0)
310	(1, 1, 0, 1, 0, 0, 0, 5, 2, 3, 0, 0)
311	(1, 1, 0, 1, 0, 0, 0, 6, 1, 2, 1, 0)
312	(1, 1, 0, 1, 0, 0, 0, 4, 4, 2, 0, 0)
313	(1, 1, 0, 1, 0, 0, 0, 4, 3, 2, 1, 0)
314	(1, 1, 0, 1, 0, 0, 0, 2, 5, 3, 0, 0)
315	(1, 1, 0, 1, 0, 0, 0, 3, 4, 2, 1, 0)
316	(1, 1, 0, 1, 0, 0, 0, 3, 3, 2, 2, 0)
317	(1, 1, 0, 1, 0, 0, 0, 1, 6, 2, 1, 0)
318	(1, 1, 0, 0, 0, 0, 0, 5, 4, 3, 0, 0)
319	(1, 1, 0, 0, 0, 0, 0, 6, 2, 3, 1, 0)
320	(1, 1, 0, 0, 0, 0, 0, 5, 3, 3, 1, 0)
321	(1, 1, 0, 0, 0, 0, 0, 4, 5, 3, 0, 0)
322	(1, 1, 0, 0, 0, 0, 0, 3, 5, 3, 1, 0)
323	(1, 1, 0, 0, 0, 0, 0, 2, 6, 3, 1, 0)
324	(0, 0, 0, 1, 0, 0, 1, 1, 1, 0, 0, 1)
325	(0, 0, 0, 1, 0, 1, 1, 0, 1, 0, 0, 1)
326	(0, 0, 0, 1, 0, 0, 2, 0, 1, 1, 0, 1)
327	(0, 0, 0, 1, 0, 0, 1, 0, 2, 1, 0, 1)
328	(0, 0, 0, 1, 0, 0, 1, 0, 1, 0, 0, 2)
329	(0, 0, 0, 1, 0, 0, 0, 2, 1, 1, 0, 1)
330	(0, 0, 0, 1, 0, 0, 0, 1, 2, 1, 0, 1)
331	(0, 0, 0, 1, 0, 0, 0, 1, 1, 0, 0, 2)
332	(0, 0, 0, 1, 0, 0, 0, 0, 4, 1, 0, 1)
333	(0, 0, 0, 1, 0, 0, 0, 0, 3, 1, 1, 1)
334	(0, 0, 0, 1, 0, 0, 0, 0, 2, 1, 0, 2)
335	(0, 0, 0, 0, 0, 1, 1, 1, 1, 0, 0, 1)
336	(0, 0, 0, 0, 0, 0, 2, 1, 1, 1, 0, 1)
337	(0, 0, 0, 0, 0, 0, 1, 2, 1, 1, 0, 1)
338	(0, 0, 0, 0, 0, 0, 1, 1, 2, 1, 0, 1)
339	(0, 0, 0, 0, 0, 0, 1, 1, 1, 0, 0, 2)
340	(0, 0, 0, 0, 0, 2, 1, 0, 1, 1, 0, 1)
341	(0, 0, 0, 0, 0, 1, 2, 0, 1, 1, 0, 1)
342	(0, 0, 0, 0, 0, 1, 1, 0, 2, 1, 0, 1)
343	(0, 0, 0, 0, 0, 1, 1, 0, 1, 0, 0, 2)
344	(0, 0, 0, 0, 0, 0, 4, 0, 1, 1, 0, 1)
345	(0, 0, 0, 0, 0, 0, 2, 0, 2, 2, 0, 1)
346	(0, 0, 0, 0, 0, 0, 3, 0, 1, 1, 1, 1)
347	(0, 0, 0, 0, 0, 0, 2, 0, 1, 1, 0, 2)
348	(0, 0, 0, 0, 0, 0, 1, 0, 4, 1, 0, 1)
349	(0, 0, 0, 0, 0, 0, 1, 0, 3, 1, 1, 1)
350	(0, 0, 0, 0, 0, 0, 1, 0, 2, 1, 0, 2)
351	(0, 0, 0, 0, 0, 0, 0, 4, 1, 1, 0, 1)
352	(0, 0, 0, 0, 0, 0, 0, 2, 2, 2, 0, 1)
353	(0, 0, 0, 0, 0, 0, 0, 3, 1, 1, 1, 1)
354	(0, 0, 0, 0, 0, 0, 0, 2, 1, 1, 0, 2)
355	(0, 0, 0, 0, 0, 0, 0, 1, 4, 1, 0, 1)
356	(0, 0, 0, 0, 0, 0, 0, 1, 3, 1, 1, 1)
357	(0, 0, 0, 0, 0, 0, 0, 1, 2, 1, 0, 2)
358	(0, 0, 0, 0, 0, 0, 0, 0, 5, 2, 0, 1)
359	(0, 0, 0, 0, 0, 0, 0, 0, 4, 1, 0, 2)
360	(0, 0, 0, 0, 0, 0, 0, 0, 3, 1, 1, 2)
361	(1, 0, 0, 1, 0, 0, 0, 4, 1, 1, 0, 1)
362	(1, 0, 0, 1, 0, 0, 0, 2, 2, 2, 0, 1)
363	(1, 0, 0, 1, 0, 0, 0, 3, 1, 1, 1, 1)
364	(1, 0, 0, 1, 0, 0, 0, 2, 1, 1, 0, 2)
365	(1, 0, 0, 1, 0, 0, 0, 1, 4, 1, 0, 1)
366	(1, 0, 0, 1, 0, 0, 0, 1, 3, 1, 1, 1)
367	(1, 0, 0, 1, 0, 0, 0, 1, 2, 1, 0, 2)
368	(1, 0, 0, 1, 0, 0, 0, 0, 5, 2, 0, 1)
369	(1, 0, 0, 1, 0, 0, 0, 0, 4, 1, 0, 2)
370	(1, 0, 0, 1, 0, 0, 0, 0, 3, 1, 1, 2)
371	(1, 0, 0, 0, 0, 0, 0, 5, 1, 2, 0, 1)
372	(1, 0, 0, 0, 0, 0, 0, 4, 2, 2, 0, 1)
373	(1, 0, 0, 0, 0, 0, 0, 4, 1, 1, 0, 2)
374	(1, 0, 0, 0, 0, 0, 0, 2, 4, 2, 0, 1)
375	(1, 0, 0, 0, 0, 0, 0, 3, 2, 2, 1, 1)
376	(1, 0, 0, 0, 0, 0, 0, 2, 3, 2, 1, 1)
377	(1, 0, 0, 0, 0, 0, 0, 2, 2, 2, 0, 2)
378	(1, 0, 0, 0, 0, 0, 0, 3, 1, 1, 1, 2)
379	(1, 0, 0, 0, 0, 0, 0, 1, 5, 2, 0, 1)
380	(1, 0, 0, 0, 0, 0, 0, 1, 4, 1, 0, 2)
381	(1, 0, 0, 0, 0, 0, 0, 1, 3, 1, 1, 2)
382	(1, 0, 0, 0, 0, 0, 0, 0, 6, 2, 1, 1)
383	(1, 0, 0, 0, 0, 0, 0, 0, 5, 2, 0, 2)
384	(1, 1, 0, 1, 0, 0, 0, 5, 1, 2, 0, 1)
385	(1, 1, 0, 1, 0, 0, 0, 4, 2, 2, 0, 1)
386	(1, 1, 0, 1, 0, 0, 0, 4, 1, 1, 0, 2)
387	(1, 1, 0, 1, 0, 0, 0, 2, 4, 2, 0, 1)
388	(1, 1, 0, 1, 0, 0, 0, 3, 2, 2, 1, 1)
389	(1, 1, 0, 1, 0, 0, 0, 2, 3, 2, 1, 1)
390	(1, 1, 0, 1, 0, 0, 0, 2, 2, 2, 0, 2)
391	(1, 1, 0, 1, 0, 0, 0, 3, 1, 1, 1, 2)
392	(1, 1, 0, 1, 0, 0, 0, 1, 5, 2, 0, 1)
393	(1, 1, 0, 1, 0, 0, 0, 1, 4, 1, 0, 2)
394	(1, 1, 0, 1, 0, 0, 0, 1, 3, 1, 1, 2)
395	(1, 1, 0, 1, 0, 0, 0, 0, 6, 2, 1, 1)
396	(1, 1, 0, 1, 0, 0, 0, 0, 5, 2, 0, 2)
397	(1, 1, 0, 0, 0, 0, 0, 5, 2, 3, 0, 1)
398	(1, 1, 0, 0, 0, 0, 0, 6, 1, 2, 1, 1)
399	(1, 1, 0, 0, 0, 0, 0, 5, 1, 2, 0, 2)
400	(1, 1, 0, 0, 0, 0, 0, 4, 4, 2, 0, 1)
401	(1, 1, 0, 0, 0, 0, 0, 4, 3, 2, 1, 1)
402	(1, 1, 0, 0, 0, 0, 0, 4, 2, 2, 0, 2)
403	(1, 1, 0, 0, 0, 0, 0, 2, 5, 3, 0, 1)
404	(1, 1, 0, 0, 0, 0, 0, 3, 4, 2, 1, 1)
405	(1, 1, 0, 0, 0, 0, 0, 2, 4, 2, 0, 2)
406	(1, 1, 0, 0, 0, 0, 0, 3, 3, 2, 2, 1)
407	(1, 1, 0, 0, 0, 0, 0, 3, 2, 2, 1, 2)
408	(1, 1, 0, 0, 0, 0, 0, 2, 3, 2, 1, 2)
409	(1, 1, 0, 0, 0, 0, 0, 1, 6, 2, 1, 1)
410	(1, 1, 0, 0, 0, 0, 0, 1, 5, 2, 0, 2)
411	(1, 1, 0, 0, 0, 0, 0, 0, 6, 2, 1, 2)
412	(0, 0, 0, 1, 0, 2, 1, 1, 1, 1, 0, 0)
413	(0, 0, 0, 1, 0, 1, 2, 1, 1, 1, 0, 0)
414	(0, 0, 0, 1, 0, 1, 1, 2, 1, 1, 0, 0)
415	(0, 0, 0, 1, 0, 1, 1, 1, 2, 1, 0, 0)
416	(0, 0, 0, 1, 0, 0, 4, 1, 1, 1, 0, 0)
417	(0, 0, 0, 1, 0, 0, 2, 2, 1, 2, 0, 0)
418	(0, 0, 0, 1, 0, 0, 2, 1, 2, 2, 0, 0)
419	(0, 0, 0, 1, 0, 0, 3, 1, 1, 1, 1, 0)
420	(0, 0, 0, 1, 0, 0, 1, 4, 1, 1, 0, 0)
421	(0, 0, 0, 1, 0, 0, 1, 2, 2, 2, 0, 0)
422	(0, 0, 0, 1, 0, 0, 1, 3, 1, 1, 1, 0)
423	(0, 0, 0, 1, 0, 0, 1, 1, 4, 1, 0, 0)
424	(0, 0, 0, 1, 0, 0, 1, 1, 3, 1, 1, 0)
425	(0, 0, 0, 1, 0, 4, 1, 0, 1, 1, 0, 0)
426	(0, 0, 0, 1, 0, 2, 2, 0, 1, 2, 0, 0)
427	(0, 0, 0, 1, 0, 2, 1, 0, 2, 2, 0, 0)
428	(0, 0, 0, 1, 0, 3, 1, 0, 1, 1, 1, 0)
429	(0, 0, 0, 1, 0, 1, 4, 0, 1, 1, 0, 0)
430	(0, 0, 0, 1, 0, 1, 2, 0, 2, 2, 0, 0)
431	(0, 0, 0, 1, 0, 1, 3, 0, 1, 1, 1, 0)
432	(0, 0, 0, 1, 0, 1, 1, 0, 4, 1, 0, 0)
433	(0, 0, 0, 1, 0, 1, 1, 0, 3, 1, 1, 0)
434	(0, 0, 0, 1, 0, 0, 5, 0, 1, 2, 0, 0)
435	(0, 0, 0, 1, 0, 0, 4, 0, 2, 2, 0, 0)
436	(0, 0, 0, 1, 0, 0, 2, 0, 4, 2, 0, 0)
437	(0, 0, 0, 1, 0, 0, 3, 0, 2, 2, 1, 0)
438	(0, 0, 0, 1, 0, 0, 2, 0, 3, 2, 1, 0)
439	(0, 0, 0, 1, 0, 0, 1, 0, 5, 2, 0, 0)
440	(0, 0, 0, 1, 0, 0, 0, 5, 1, 2, 0, 0)
441	(0, 0, 0, 1, 0, 0, 0, 4, 2, 2, 0, 0)
442	(0, 0, 0, 1, 0, 0, 0, 2, 4, 2, 0, 0)
443	(0, 0, 0, 1, 0, 0, 0, 3, 2, 2, 1, 0)
444	(0, 0, 0, 1, 0, 0, 0, 2, 3, 2, 1, 0)
445	(0, 0, 0, 1, 0, 0, 0, 1, 5, 2, 0, 0)
446	(0, 0, 0, 1, 0, 0, 0, 0, 6, 2, 1, 0)
447	(0, 0, 0, 0, 0, 4, 1, 1, 1, 1, 0, 0)
448	(0, 0, 0, 0, 0, 2, 2, 1, 1, 2, 0, 0)
449	(0, 0, 0, 0, 0, 2, 1, 2, 1, 2, 0, 0)
450	(0, 0, 0, 0, 0, 2, 1, 1, 2, 2, 0, 0)
451	(0, 0, 0, 0, 0, 3, 1, 1, 1, 1, 1, 0)
452	(0, 0, 0, 0, 0, 1, 4, 1, 1, 1, 0, 0)
453	(0, 0, 0, 0, 0, 1, 2, 2, 1, 2, 0, 0)
454	(0, 0, 0, 0, 0, 1, 2, 1, 2, 2, 0, 0)
455	(0, 0, 0, 0, 0, 1, 3, 1, 1, 1, 1, 0)
456	(0, 0, 0, 0, 0, 1, 1, 4, 1, 1, 0, 0)
457	(0, 0, 0, 0, 0, 1, 1, 2, 2, 2, 0, 0)
458	(0, 0, 0, 0, 0, 1, 1, 3, 1, 1, 1, 0)
459	(0, 0, 0, 0, 0, 1, 1, 1, 4, 1, 0, 0)
460	(0, 0, 0, 0, 0, 1, 1, 1, 3, 1, 1, 0)
461	(0, 0, 0, 0, 0, 0, 5, 1, 1, 2, 0, 0)
462	(0, 0, 0, 0, 0, 0, 4, 2, 1, 2, 0, 0)
463	(0, 0, 0, 0, 0, 0, 4, 1, 2, 2, 0, 0)
464	(0, 0, 0, 0, 0, 0, 2, 4, 1, 2, 0, 0)
465	(0, 0, 0, 0, 0, 0, 2, 2, 2, 3, 0, 0)
466	(0, 0, 0, 0, 0, 0, 3, 2, 1, 2, 1, 0)
467	(0, 0, 0, 0, 0, 0, 2, 3, 1, 2, 1, 0)
468	(0, 0, 0, 0, 0, 0, 2, 1, 4, 2, 0, 0)
469	(0, 0, 0, 0, 0, 0, 3, 1, 2, 2, 1, 0)
470	(0, 0, 0, 0, 0, 0, 2, 1, 3, 2, 1, 0)
471	(0, 0, 0, 0, 0, 0, 1, 5, 1, 2, 0, 0)
472	(0, 0, 0, 0, 0, 0, 1, 4, 2, 2, 0, 0)
473	(0, 0, 0, 0, 0, 0, 1, 2, 4, 2, 0, 0)
474	(0, 0, 0, 0, 0, 0, 1, 3, 2, 2, 1, 0)
475	(0, 0, 0, 0, 0, 0, 1, 2, 3, 2, 1, 0)
476	(0, 0, 0, 0, 0, 0, 1, 1, 5, 2, 0, 0)
477	(0, 0, 0, 0, 0, 5, 1, 0, 1, 2, 0, 0)
478	(0, 0, 0, 0, 0, 4, 2, 0, 1, 2, 0, 0)
479	(0, 0, 0, 0, 0, 4, 1, 0, 2, 2, 0, 0)
480	(0, 0, 0, 0, 0, 2, 4, 0, 1, 2, 0, 0)
481	(0, 0, 0, 0, 0, 2, 2, 0, 2, 3, 0, 0)
482	(0, 0, 0, 0, 0, 3, 2, 0, 1, 2, 1, 0)
483	(0, 0, 0, 0, 0, 2, 3, 0, 1, 2, 1, 0)
484	(0, 0, 0, 0, 0, 2, 1, 0, 4, 2, 0, 0)
485	(0, 0, 0, 0, 0, 3, 1, 0, 2, 2, 1, 0)
486	(0, 0, 0, 0, 0, 2, 1, 0, 3, 2, 1, 0)
487	(0, 0, 0, 0, 0, 1, 5, 0, 1, 2, 0, 0)
488	(0, 0, 0, 0, 0, 1, 4, 0, 2, 2, 0, 0)
489	(0, 0, 0, 0, 0, 1, 2, 0, 4, 2, 0, 0)
490	(0, 0, 0, 0, 0, 1, 3, 0, 2, 2, 1, 0)
491	(0, 0, 0, 0, 0, 1, 2, 0, 3, 2, 1, 0)
492	(0, 0, 0, 0, 0, 1, 1, 0, 5, 2, 0, 0)
493	(0, 0, 0, 0, 0, 0, 5, 0, 2, 3, 0, 0)
494	(0, 0, 0, 0, 0, 0, 6, 0, 1, 2, 1, 0)
495	(0, 0, 0, 0, 0, 0, 4, 0, 4, 2, 0, 0)
496	(0, 0, 0, 0, 0, 0, 4, 0, 3, 2, 1, 0)
497	(0, 0, 0, 0, 0, 0, 2, 0, 5, 3, 0, 0)
498	(0, 0, 0, 0, 0, 0, 3, 0, 4, 2, 1, 0)
499	(0, 0, 0, 0, 0, 0, 3, 0, 3, 2, 2, 0)
500	(0, 0, 0, 0, 0, 0, 1, 0, 6, 2, 1, 0)
501	(0, 0, 0, 0, 0, 0, 0, 5, 2, 3, 0, 0)
502	(0, 0, 0, 0, 0, 0, 0, 6, 1, 2, 1, 0)
503	(0, 0, 0, 0, 0, 0, 0, 4, 4, 2, 0, 0)
504	(0, 0, 0, 0, 0, 0, 0, 4, 3, 2, 1, 0)
505	(0, 0, 0, 0, 0, 0, 0, 2, 5, 3, 0, 0)
506	(0, 0, 0, 0, 0, 0, 0, 3, 4, 2, 1, 0)
507	(0, 0, 0, 0, 0, 0, 0, 3, 3, 2, 2, 0)
508	(0, 0, 0, 0, 0, 0, 0, 1, 6, 2, 1, 0)
509	(1, 0, 0, 1, 0, 0, 0, 5, 2, 3, 0, 0)
510	(1, 0, 0, 1, 0, 0, 0, 6, 1, 2, 1, 0)
511	(1, 0, 0, 1, 0, 0, 0, 4, 4, 2, 0, 0)
512	(1, 0, 0, 1, 0, 0, 0, 4, 3, 2, 1, 0)
513	(1, 0, 0, 1, 0, 0, 0, 2, 5, 3, 0, 0)
514	(1, 0, 0, 1, 0, 0, 0, 3, 4, 2, 1, 0)
515	(1, 0, 0, 1, 0, 0, 0, 3, 3, 2, 2, 0)
516	(1, 0, 0, 1, 0, 0, 0, 1, 6, 2, 1, 0)
517	(1, 0, 0, 0, 0, 0, 0, 5, 4, 3, 0, 0)
518	(1, 0, 0, 0, 0, 0, 0, 6, 2, 3, 1, 0)
519	(1, 0, 0, 0, 0, 0, 0, 5, 3, 3, 1, 0)
520	(1, 0, 0, 0, 0, 0, 0, 4, 5, 3, 0, 0)
521	(1, 0, 0, 0, 0, 0, 0, 3, 5, 3, 1, 0)
522	(1, 0, 0, 0, 0, 0, 0, 2, 6, 3, 1, 0)
523	(1, 1, 0, 1, 0, 0, 0, 5, 4, 3, 0, 0)
524	(1, 1, 0, 1, 0, 0, 0, 6, 2, 3, 1, 0)
525	(1, 1, 0, 1, 0, 0, 0, 5, 3, 3, 1, 0)
526	(1, 1, 0, 1, 0, 0, 0, 4, 5, 3, 0, 0)
527	(1, 1, 0, 1, 0, 0, 0, 3, 5, 3, 1, 0)
528	(1, 1, 0, 1, 0, 0, 0, 2, 6, 3, 1, 0)
529	(1, 1, 0, 0, 0, 0, 0, 5, 5, 4, 0, 0)
530	(1, 1, 0, 0, 0, 0, 0, 6, 4, 3, 1, 0)
531	(1, 1, 0, 0, 0, 0, 0, 6, 3, 3, 2, 0)
532	(1, 1, 0, 0, 0, 0, 0, 4, 6, 3, 1, 0)
533	(1, 1, 0, 0, 0, 0, 0, 3, 6, 3, 2, 0)
534	(0, 0, 0, 1, 0, 1, 1, 1, 1, 0, 0, 1)
535	(0, 0, 0, 1, 0, 0, 2, 1, 1, 1, 0, 1)
536	(0, 0, 0, 1, 0, 0, 1, 2, 1, 1, 0, 1)
537	(0, 0, 0, 1, 0, 0, 1, 1, 2, 1, 0, 1)
538	(0, 0, 0, 1, 0, 0, 1, 1, 1, 0, 0, 2)
539	(0, 0, 0, 1, 0, 2, 1, 0, 1, 1, 0, 1)
540	(0, 0, 0, 1, 0, 1, 2, 0, 1, 1, 0, 1)
541	(0, 0, 0, 1, 0, 1, 1, 0, 2, 1, 0, 1)
542	(0, 0, 0, 1, 0, 1, 1, 0, 1, 0, 0, 2)
543	(0, 0, 0, 1, 0, 0, 4, 0, 1, 1, 0, 1)
544	(0, 0, 0, 1, 0, 0, 2, 0, 2, 2, 0, 1)
545	(0, 0, 0, 1, 0, 0, 3, 0, 1, 1, 1, 1)
546	(0, 0, 0, 1, 0, 0, 2, 0, 1, 1, 0, 2)
547	(0, 0, 0, 1, 0, 0, 1, 0, 4, 1, 0, 1)
548	(0, 0, 0, 1, 0, 0, 1, 0, 3, 1, 1, 1)
549	(0, 0, 0, 1, 0, 0, 1, 0, 2, 1, 0, 2)
550	(0, 0, 0, 1, 0, 0, 0, 4, 1, 1, 0, 1)
551	(0, 0, 0, 1, 0, 0, 0, 2, 2, 2, 0, 1)
552	(0, 0, 0, 1, 0, 0, 0, 3, 1, 1, 1, 1)
553	(0, 0, 0, 1, 0, 0, 0, 2, 1, 1, 0, 2)
554	(0, 0, 0, 1, 0, 0, 0, 1, 4, 1, 0, 1)
555	(0, 0, 0, 1, 0, 0, 0, 1, 3, 1, 1, 1)
556	(0, 0, 0, 1, 0, 0, 0, 1, 2, 1, 0, 2)
557	(0, 0, 0, 1, 0, 0, 0, 0, 5, 2, 0, 1)
558	(0, 0, 0, 1, 0, 0, 0, 0, 4, 1, 0, 2)
559	(0, 0, 0, 1, 0, 0, 0, 0, 3, 1, 1, 2)
560	(0, 0, 0, 0, 0, 2, 1, 1, 1, 1, 0, 1)
561	(0, 0, 0, 0, 0, 1, 2, 1, 1, 1, 0, 1)
562	(0, 0, 0, 0, 0, 1, 1, 2, 1, 1, 0, 1)
563	(0, 0, 0, 0, 0, 1, 1, 1, 2, 1, 0, 1)
564	(0, 0, 0, 0, 0, 1, 1, 1, 1, 0, 0, 2)
565	(0, 0, 0, 0, 0, 0, 4, 1, 1, 1, 0, 1)
566	(0, 0, 0, 0, 0, 0, 2, 2, 1, 2, 0, 1)
567	(0, 0, 0, 0, 0, 0, 2, 1, 2, 2, 0, 1)
568	(0, 0, 0, 0, 0, 0, 3, 1, 1, 1, 1, 1)
569	(0, 0, 0, 0, 0, 0, 2, 1, 1, 1, 0, 2)
570	(0, 0, 0, 0, 0, 0, 1, 4, 1, 1, 0, 1)
571	(0, 0, 0, 0, 0, 0, 1, 2, 2, 2, 0, 1)
572	(0, 0, 0, 0, 0, 0, 1, 3, 1, 1, 1, 1)
573	(0, 0, 0, 0, 0, 0, 1, 2, 1, 1, 0, 2)
574	(0, 0, 0, 0, 0, 0, 1, 1, 4, 1, 0, 1)
575	(0, 0, 0, 0, 0, 0, 1, 1, 3, 1, 1, 1)
576	(0, 0, 0, 0, 0, 0, 1, 1, 2, 1, 0, 2)
577	(0, 0, 0, 0, 0, 4, 1, 0, 1, 1, 0, 1)
578	(0, 0, 0, 0, 0, 2, 2, 0, 1, 2, 0, 1)
579	(0, 0, 0, 0, 0, 2, 1, 0, 2, 2, 0, 1)
580	(0, 0, 0, 0, 0, 3, 1, 0, 1, 1, 1, 1)
581	(0, 0, 0, 0, 0, 2, 1, 0, 1, 1, 0, 2)
582	(0, 0, 0, 0, 0, 1, 4, 0, 1, 1, 0, 1)
583	(0, 0, 0, 0, 0, 1, 2, 0, 2, 2, 0, 1)
584	(0, 0, 0, 0, 0, 1, 3, 0, 1, 1, 1, 1)
585	(0, 0, 0, 0, 0, 1, 2, 0, 1, 1, 0, 2)
586	(0, 0, 0, 0, 0, 1, 1, 0, 4, 1, 0, 1)
587	(0, 0, 0, 0, 0, 1, 1, 0, 3, 1, 1, 1)
588	(0, 0, 0, 0, 0, 1, 1, 0, 2, 1, 0, 2)
589	(0, 0, 0, 0, 0, 0, 5, 0, 1, 2, 0, 1)
590	(0, 0, 0, 0, 0, 0, 4, 0, 2, 2, 0, 1)
591	(0, 0, 0, 0, 0, 0, 4, 0, 1, 1, 0, 2)
592	(0, 0, 0, 0, 0, 0, 2, 0, 4, 2, 0, 1)
593	(0, 0, 0, 0, 0, 0, 3, 0, 2, 2, 1, 1)
594	(0, 0, 0, 0, 0, 0, 2, 0, 3, 2, 1, 1)
595	(0, 0, 0, 0, 0, 0, 2, 0, 2, 2, 0, 2)
596	(0, 0, 0, 0, 0, 0, 3, 0, 1, 1, 1, 2)
597	(0, 0, 0, 0, 0, 0, 1, 0, 5, 2, 0, 1)
598	(0, 0, 0, 0, 0, 0, 1, 0, 4, 1, 0, 2)
599	(0, 0, 0, 0, 0, 0, 1, 0, 3, 1, 1, 2)
600	(0, 0, 0, 0, 0, 0, 0, 5, 1, 2, 0, 1)
601	(0, 0, 0, 0, 0, 0, 0, 4, 2, 2, 0, 1)
602	(0, 0, 0, 0, 0, 0, 0, 4, 1, 1, 0, 2)
603	(0, 0, 0, 0, 0, 0, 0, 2, 4, 2, 0, 1)
604	(0, 0, 0, 0, 0, 0, 0, 3, 2, 2, 1, 1)
605	(0, 0, 0, 0, 0, 0, 0, 2, 3, 2, 1, 1)
606	(0, 0, 0, 0, 0, 0, 0, 2, 2, 2, 0, 2)
607	(0, 0, 0, 0, 0, 0, 0, 3, 1, 1, 1, 2)
608	(0, 0, 0, 0, 0, 0, 0, 1, 5, 2, 0, 1)
609	(0, 0, 0, 0, 0, 0, 0, 1, 4, 1, 0, 2)
610	(0, 0, 0, 0, 0, 0, 0, 1, 3, 1, 1, 2)
611	(0, 0, 0, 0, 0, 0, 0, 0, 6, 2, 1, 1)
612	(0, 0, 0, 0, 0, 0, 0, 0, 5, 2, 0, 2)
613	(1, 0, 0, 1, 0, 0, 0, 5, 1, 2, 0, 1)
614	(1, 0, 0, 1, 0, 0, 0, 4, 2, 2, 0, 1)
615	(1, 0, 0, 1, 0, 0, 0, 4, 1, 1, 0, 2)
616	(1, 0, 0, 1, 0, 0, 0, 2, 4, 2, 0, 1)
617	(1, 0, 0, 1, 0, 0, 0, 3, 2, 2, 1, 1)
618	(1, 0, 0, 1, 0, 0, 0, 2, 3, 2, 1, 1)
619	(1, 0, 0, 1, 0, 0, 0, 2, 2, 2, 0, 2)
620	(1, 0, 0, 1, 0, 0, 0, 3, 1, 1, 1, 2)
621	(1, 0, 0, 1, 0, 0, 0, 1, 5, 2, 0, 1)
622	(1, 0, 0, 1, 0, 0, 0, 1, 4, 1, 0, 2)
623	(1, 0, 0, 1, 0, 0, 0, 1, 3, 1, 1, 2)
624	(1, 0, 0, 1, 0, 0, 0, 0, 6, 2, 1, 1)
625	(1, 0, 0, 1, 0, 0, 0, 0, 5, 2, 0, 2)
626	(1, 0, 0, 0, 0, 0, 0, 5, 2, 3, 0, 1)
627	(1, 0, 0, 0, 0, 0, 0, 6, 1, 2, 1, 1)
628	(1, 0, 0, 0, 0, 0, 0, 5, 1, 2, 0, 2)
629	(1, 0, 0, 0, 0, 0, 0, 4, 4, 2, 0, 1)
630	(1, 0, 0, 0, 0, 0, 0, 4, 3, 2, 1, 1)
631	(1, 0, 0, 0, 0, 0, 0, 4, 2, 2, 0, 2)
632	(1, 0, 0, 0, 0, 0, 0, 2, 5, 3, 0, 1)
633	(1, 0, 0, 0, 0, 0, 0, 3, 4, 2, 1, 1)
634	(1, 0, 0, 0, 0, 0, 0, 2, 4, 2, 0, 2)
635	(1, 0, 0, 0, 0, 0, 0, 3, 3, 2, 2, 1)
636	(1, 0, 0, 0, 0, 0, 0, 3, 2, 2, 1, 2)
637	(1, 0, 0, 0, 0, 0, 0, 2, 3, 2, 1, 2)
638	(1, 0, 0, 0, 0, 0, 0, 1, 6, 2, 1, 1)
639	(1, 0, 0, 0, 0, 0, 0, 1, 5, 2, 0, 2)
640	(1, 0, 0, 0, 0, 0, 0, 0, 6, 2, 1, 2)
641	(1, 1, 0, 1, 0, 0, 0, 5, 2, 3, 0, 1)
642	(1, 1, 0, 1, 0, 0, 0, 6, 1, 2, 1, 1)
643	(1, 1, 0, 1, 0, 0, 0, 5, 1, 2, 0, 2)
644	(1, 1, 0, 1, 0, 0, 0, 4, 4, 2, 0, 1)
645	(1, 1, 0, 1, 0, 0, 0, 4, 3, 2, 1, 1)
646	(1, 1, 0, 1, 0, 0, 0, 4, 2, 2, 0, 2)
647	(1, 1, 0, 1, 0, 0, 0, 2, 5, 3, 0, 1)
648	(1, 1, 0, 1, 0, 0, 0, 3, 4, 2, 1, 1)
649	(1, 1, 0, 1, 0, 0, 0, 2, 4, 2, 0, 2)
650	(1, 1, 0, 1, 0, 0, 0, 3, 3, 2, 2, 1)
651	(1, 1, 0, 1, 0, 0, 0, 3, 2, 2, 1, 2)
652	(1, 1, 0, 1, 0, 0, 0, 2, 3, 2, 1, 2)
653	(1, 1, 0, 1, 0, 0, 0, 1, 6, 2, 1, 1)
654	(1, 1, 0, 1, 0, 0, 0, 1, 5, 2, 0, 2)
655	(1, 1, 0, 1, 0, 0, 0, 0, 6, 2, 1, 2)
656	(1, 1, 0, 0, 0, 0, 0, 5, 4, 3, 0, 1)
657	(1, 1, 0, 0, 0, 0, 0, 6, 2, 3, 1, 1)
658	(1, 1, 0, 0, 0, 0, 0, 5, 3, 3, 1, 1)
659	(1, 1, 0, 0, 0, 0, 0, 5, 2, 3, 0, 2)
660	(1, 1, 0, 0, 0, 0, 0, 6, 1, 2, 1, 2)
661	(1, 1, 0, 0, 0, 0, 0, 4, 5, 3, 0, 1)
662	(1, 1, 0, 0, 0, 0, 0, 4, 4, 2, 0, 2)
663	(1, 1, 0, 0, 0, 0, 0, 4, 3, 2, 1, 2)
664	(1, 1, 0, 0, 0, 0, 0, 3, 5, 3, 1, 1)
665	(1, 1, 0, 0, 0, 0, 0, 2, 6, 3, 1, 1)
666	(1, 1, 0, 0, 0, 0, 0, 2, 5, 3, 0, 2)
667	(1, 1, 0, 0, 0, 0, 0, 3, 4, 2, 1, 2)
668	(1, 1, 0, 0, 0, 0, 0, 3, 3, 2, 2, 2)
669	(1, 1, 0, 0, 0, 0, 0, 1, 6, 2, 1, 2)
670	(0, 0, 0, 1, 0, 4, 1, 1, 1, 1, 0, 0)
671	(0, 0, 0, 1, 0, 2, 2, 1, 1, 2, 0, 0)
672	(0, 0, 0, 1, 0, 2, 1, 2, 1, 2, 0, 0)
673	(0, 0, 0, 1, 0, 2, 1, 1, 2, 2, 0, 0)
674	(0, 0, 0, 1, 0, 3, 1, 1, 1, 1, 1, 0)
675	(0, 0, 0, 1, 0, 1, 4, 1, 1, 1, 0, 0)
676	(0, 0, 0, 1, 0, 1, 2, 2, 1, 2, 0, 0)
677	(0, 0, 0, 1, 0, 1, 2, 1, 2, 2, 0, 0)
678	(0, 0, 0, 1, 0, 1, 3, 1, 1, 1, 1, 0)
679	(0, 0, 0, 1, 0, 1, 1, 4, 1, 1, 0, 0)
680	(0, 0, 0, 1, 0, 1, 1, 2, 2, 2, 0, 0)
681	(0, 0, 0, 1, 0, 1, 1, 3, 1, 1, 1, 0)
682	(0, 0, 0, 1, 0, 1, 1, 1, 4, 1, 0, 0)
683	(0, 0, 0, 1, 0, 1, 1, 1, 3, 1, 1, 0)
684	(0, 0, 0, 1, 0, 0, 5, 1, 1, 2, 0, 0)
685	(0, 0, 0, 1, 0, 0, 4, 2, 1, 2, 0, 0)
686	(0, 0, 0, 1, 0, 0, 4, 1, 2, 2, 0, 0)
687	(0, 0, 0, 1, 0, 0, 2, 4, 1, 2, 0, 0)
688	(0, 0, 0, 1, 0, 0, 2, 2, 2, 3, 0, 0)
689	(0, 0, 0, 1, 0, 0, 3, 2, 1, 2, 1, 0)
690	(0, 0, 0, 1, 0, 0, 2, 3, 1, 2, 1, 0)
691	(0, 0, 0, 1, 0, 0, 2, 1, 4, 2, 0, 0)
692	(0, 0, 0, 1, 0, 0, 3, 1, 2, 2, 1, 0)
693	(0, 0, 0, 1, 0, 0, 2, 1, 3, 2, 1, 0)
694	(0, 0, 0, 1, 0, 0, 1, 5, 1, 2, 0, 0)
695	(0, 0, 0, 1, 0, 0, 1, 4, 2, 2, 0, 0)
696	(0, 0, 0, 1, 0, 0, 1, 2, 4, 2, 0, 0)
697	(0, 0, 0, 1, 0, 0, 1, 3, 2, 2, 1, 0)
698	(0, 0, 0, 1, 0, 0, 1, 2, 3, 2, 1, 0)
699	(0, 0, 0, 1, 0, 0, 1, 1, 5, 2, 0, 0)
700	(0, 0, 0, 1, 0, 5, 1, 0, 1, 2, 0, 0)
701	(0, 0, 0, 1, 0, 4, 2, 0, 1, 2, 0, 0)
702	(0, 0, 0, 1, 0, 4, 1, 0, 2, 2, 0, 0)
703	(0, 0, 0, 1, 0, 2, 4, 0, 1, 2, 0, 0)
704	(0, 0, 0, 1, 0, 2, 2, 0, 2, 3, 0, 0)
705	(0, 0, 0, 1, 0, 3, 2, 0, 1, 2, 1, 0)
706	(0, 0, 0, 1, 0, 2, 3, 0, 1, 2, 1, 0)
707	(0, 0, 0, 1, 0, 2, 1, 0, 4, 2, 0, 0)
708	(0, 0, 0, 1, 0, 3, 1, 0, 2, 2, 1, 0)
709	(0, 0, 0, 1, 0, 2, 1, 0, 3, 2, 1, 0)
710	(0, 0, 0, 1, 0, 1, 5, 0, 1, 2, 0, 0)
711	(0, 0, 0, 1, 0, 1, 4, 0, 2, 2, 0, 0)
712	(0, 0, 0, 1, 0, 1, 2, 0, 4, 2, 0, 0)
713	(0, 0, 0, 1, 0, 1, 3, 0, 2, 2, 1, 0)
714	(0, 0, 0, 1, 0, 1, 2, 0, 3, 2, 1, 0)
715	(0, 0, 0, 1, 0, 1, 1, 0, 5, 2, 0, 0)
716	(0, 0, 0, 1, 0, 0, 5, 0, 2, 3, 0, 0)
717	(0, 0, 0, 1, 0, 0, 6, 0, 1, 2, 1, 0)
718	(0, 0, 0, 1, 0, 0, 4, 0, 4, 2, 0, 0)
719	(0, 0, 0, 1, 0, 0, 4, 0, 3, 2, 1, 0)
720	(0, 0, 0, 1, 0, 0, 2, 0, 5, 3, 0, 0)
721	(0, 0, 0, 1, 0, 0, 3, 0, 4, 2, 1, 0)
722	(0, 0, 0, 1, 0, 0, 3, 0, 3, 2, 2, 0)
723	(0, 0, 0, 1, 0, 0, 1, 0, 6, 2, 1, 0)
724	(0, 0, 0, 1, 0, 0, 0, 5, 2, 3, 0, 0)
725	(0, 0, 0, 1, 0, 0, 0, 6, 1, 2, 1, 0)
726	(0, 0, 0, 1, 0, 0, 0, 4, 4, 2, 0, 0)
727	(0, 0, 0, 1, 0, 0, 0, 4, 3, 2, 1, 0)
728	(0, 0, 0, 1, 0, 0, 0, 2, 5, 3, 0, 0)
729	(0, 0, 0, 1, 0, 0, 0, 3, 4, 2, 1, 0)
730	(0, 0, 0, 1, 0, 0, 0, 3, 3, 2, 2, 0)
731	(0, 0, 0, 1, 0, 0, 0, 1, 6, 2, 1, 0)
732	(0, 0, 0, 0, 0, 5, 1, 1, 1, 2, 0, 0)
733	(0, 0, 0, 0, 0, 4, 2, 1, 1, 2, 0, 0)
734	(0, 0, 0, 0, 0, 4, 1, 2, 1, 2, 0, 0)
735	(0, 0, 0, 0, 0, 4, 1, 1, 2, 2, 0, 0)
736	(0, 0, 0, 0, 0, 2, 4, 1, 1, 2, 0, 0)
737	(0, 0, 0, 0, 0, 2, 2, 2, 1, 3, 0, 0)
738	(0, 0, 0, 0, 0, 2, 2, 1, 2, 3, 0, 0)
739	(0, 0, 0, 0, 0, 3, 2, 1, 1, 2, 1, 0)
740	(0, 0, 0, 0, 0, 2, 3, 1, 1, 2, 1, 0)
741	(0, 0, 0, 0, 0, 2, 1, 4, 1, 2, 0, 0)
742	(0, 0, 0, 0, 0, 2, 1, 2, 2, 3, 0, 0)
743	(0, 0, 0, 0, 0, 3, 1, 2, 1, 2, 1, 0)
744	(0, 0, 0, 0, 0, 2, 1, 3, 1, 2, 1, 0)
745	(0, 0, 0, 0, 0, 2, 1, 1, 4, 2, 0, 0)
746	(0, 0, 0, 0, 0, 3, 1, 1, 2, 2, 1, 0)
747	(0, 0, 0, 0, 0, 2, 1, 1, 3, 2, 1, 0)
748	(0, 0, 0, 0, 0, 1, 5, 1, 1, 2, 0, 0)
749	(0, 0, 0, 0, 0, 1, 4, 2, 1, 2, 0, 0)
750	(0, 0, 0, 0, 0, 1, 4, 1, 2, 2, 0, 0)
751	(0, 0, 0, 0, 0, 1, 2, 4, 1, 2, 0, 0)
752	(0, 0, 0, 0, 0, 1, 2, 2, 2, 3, 0, 0)
753	(0, 0, 0, 0, 0, 1, 3, 2, 1, 2, 1, 0)
754	(0, 0, 0, 0, 0, 1, 2, 3, 1, 2, 1, 0)
755	(0, 0, 0, 0, 0, 1, 2, 1, 4, 2, 0, 0)
756	(0, 0, 0, 0, 0, 1, 3, 1, 2, 2, 1, 0)
757	(0, 0, 0, 0, 0, 1, 2, 1, 3, 2, 1, 0)
758	(0, 0, 0, 0, 0, 1, 1, 5, 1, 2, 0, 0)
759	(0, 0, 0, 0, 0, 1, 1, 4, 2, 2, 0, 0)
760	(0, 0, 0, 0, 0, 1, 1, 2, 4, 2, 0, 0)
761	(0, 0, 0, 0, 0, 1, 1, 3, 2, 2, 1, 0)
762	(0, 0, 0, 0, 0, 1, 1, 2, 3, 2, 1, 0)
763	(0, 0, 0, 0, 0, 1, 1, 1, 5, 2, 0, 0)
764	(0, 0, 0, 0, 0, 0, 5, 2, 1, 3, 0, 0)
765	(0, 0, 0, 0, 0, 0, 5, 1, 2, 3, 0, 0)
766	(0, 0, 0, 0, 0, 0, 6, 1, 1, 2, 1, 0)
767	(0, 0, 0, 0, 0, 0, 4, 4, 1, 2, 0, 0)
768	(0, 0, 0, 0, 0, 0, 4, 2, 2, 3, 0, 0)
769	(0, 0, 0, 0, 0, 0, 4, 3, 1, 2, 1, 0)
770	(0, 0, 0, 0, 0, 0, 4, 1, 4, 2, 0, 0)
771	(0, 0, 0, 0, 0, 0, 4, 1, 3, 2, 1, 0)
772	(0, 0, 0, 0, 0, 0, 2, 5, 1, 3, 0, 0)
773	(0, 0, 0, 0, 0, 0, 2, 4, 2, 3, 0, 0)
774	(0, 0, 0, 0, 0, 0, 3, 4, 1, 2, 1, 0)
775	(0, 0, 0, 0, 0, 0, 2, 2, 4, 3, 0, 0)
776	(0, 0, 0, 0, 0, 0, 3, 2, 2, 3, 1, 0)
777	(0, 0, 0, 0, 0, 0, 2, 3, 2, 3, 1, 0)
778	(0, 0, 0, 0, 0, 0, 2, 2, 3, 3, 1, 0)
779	(0, 0, 0, 0, 0, 0, 3, 3, 1, 2, 2, 0)
780	(0, 0, 0, 0, 0, 0, 2, 1, 5, 3, 0, 0)
781	(0, 0, 0, 0, 0, 0, 3, 1, 4, 2, 1, 0)
782	(0, 0, 0, 0, 0, 0, 3, 1, 3, 2, 2, 0)
783	(0, 0, 0, 0, 0, 0, 1, 5, 2, 3, 0, 0)
784	(0, 0, 0, 0, 0, 0, 1, 6, 1, 2, 1, 0)
785	(0, 0, 0, 0, 0, 0, 1, 4, 4, 2, 0, 0)
786	(0, 0, 0, 0, 0, 0, 1, 4, 3, 2, 1, 0)
787	(0, 0, 0, 0, 0, 0, 1, 2, 5, 3, 0, 0)
788	(0, 0, 0, 0, 0, 0, 1, 3, 4, 2, 1, 0)
789	(0, 0, 0, 0, 0, 0, 1, 3, 3, 2, 2, 0)
790	(0, 0, 0, 0, 0, 0, 1, 1, 6, 2, 1, 0)
791	(0, 0, 0, 0, 0, 5, 2, 0, 1, 3, 0, 0)
792	(0, 0, 0, 0, 0, 5, 1, 0, 2, 3, 0, 0)
793	(0, 0, 0, 0, 0, 6, 1, 0, 1, 2, 1, 0)
794	(0, 0, 0, 0, 0, 4, 4, 0, 1, 2, 0, 0)
795	(0, 0, 0, 0, 0, 4, 2, 0, 2, 3, 0, 0)
796	(0, 0, 0, 0, 0, 4, 3, 0, 1, 2, 1, 0)
797	(0, 0, 0, 0, 0, 4, 1, 0, 4, 2, 0, 0)
798	(0, 0, 0, 0, 0, 4, 1, 0, 3, 2, 1, 0)
799	(0, 0, 0, 0, 0, 2, 5, 0, 1, 3, 0, 0)
800	(0, 0, 0, 0, 0, 2, 4, 0, 2, 3, 0, 0)
801	(0, 0, 0, 0, 0, 3, 4, 0, 1, 2, 1, 0)
802	(0, 0, 0, 0, 0, 2, 2, 0, 4, 3, 0, 0)
803	(0, 0, 0, 0, 0, 3, 2, 0, 2, 3, 1, 0)
804	(0, 0, 0, 0, 0, 2, 3, 0, 2, 3, 1, 0)
805	(0, 0, 0, 0, 0, 2, 2, 0, 3, 3, 1, 0)
806	(0, 0, 0, 0, 0, 3, 3, 0, 1, 2, 2, 0)
807	(0, 0, 0, 0, 0, 2, 1, 0, 5, 3, 0, 0)
808	(0, 0, 0, 0, 0, 3, 1, 0, 4, 2, 1, 0)
809	(0, 0, 0, 0, 0, 3, 1, 0, 3, 2, 2, 0)
810	(0, 0, 0, 0, 0, 1, 5, 0, 2, 3, 0, 0)
811	(0, 0, 0, 0, 0, 1, 6, 0, 1, 2, 1, 0)
812	(0, 0, 0, 0, 0, 1, 4, 0, 4, 2, 0, 0)
813	(0, 0, 0, 0, 0, 1, 4, 0, 3, 2, 1, 0)
814	(0, 0, 0, 0, 0, 1, 2, 0, 5, 3, 0, 0)
815	(0, 0, 0, 0, 0, 1, 3, 0, 4, 2, 1, 0)
816	(0, 0, 0, 0, 0, 1, 3, 0, 3, 2, 2, 0)
817	(0, 0, 0, 0, 0, 1, 1, 0, 6, 2, 1, 0)
818	(0, 0, 0, 0, 0, 0, 5, 0, 4, 3, 0, 0)
819	(0, 0, 0, 0, 0, 0, 6, 0, 2, 3, 1, 0)
820	(0, 0, 0, 0, 0, 0, 5, 0, 3, 3, 1, 0)
821	(0, 0, 0, 0, 0, 0, 4, 0, 5, 3, 0, 0)
822	(0, 0, 0, 0, 0, 0, 3, 0, 5, 3, 1, 0)
823	(0, 0, 0, 0, 0, 0, 2, 0, 6, 3, 1, 0)
824	(0, 0, 0, 0, 0, 0, 0, 5, 4, 3, 0, 0)
825	(0, 0, 0, 0, 0, 0, 0, 6, 2, 3, 1, 0)
826	(0, 0, 0, 0, 0, 0, 0, 5, 3, 3, 1, 0)
827	(0, 0, 0, 0, 0, 0, 0, 4, 5, 3, 0, 0)
828	(0, 0, 0, 0, 0, 0, 0, 3, 5, 3, 1, 0)
829	(0, 0, 0, 0, 0, 0, 0, 2, 6, 3, 1, 0)
830	(1, 0, 0, 1, 0, 0, 0, 5, 4, 3, 0, 0)
831	(1, 0, 0, 1, 0, 0, 0, 6, 2, 3, 1, 0)
832	(1, 0, 0, 1, 0, 0, 0, 5, 3, 3, 1, 0)
833	(1, 0, 0, 1, 0, 0, 0, 4, 5, 3, 0, 0)
834	(1, 0, 0, 1, 0, 0, 0, 3, 5, 3, 1, 0)
835	(1, 0, 0, 1, 0, 0, 0, 2, 6, 3, 1, 0)
836	(1, 0, 0, 0, 0, 0, 0, 5, 5, 4, 0, 0)
837	(1, 0, 0, 0, 0, 0, 0, 6, 4, 3, 1, 0)
838	(1, 0, 0, 0, 0, 0, 0, 6, 3, 3, 2, 0)
839	(1, 0, 0, 0, 0, 0, 0, 4, 6, 3, 1, 0)
840	(1, 0, 0, 0, 0, 0, 0, 3, 6, 3, 2, 0)
841	(1, 1, 0, 1, 0, 0, 0, 5, 5, 4, 0, 0)
842	(1, 1, 0, 1, 0, 0, 0, 6, 4, 3, 1, 0)
843	(1, 1, 0, 1, 0, 0, 0, 6, 3, 3, 2, 0)
844	(1, 1, 0, 1, 0, 0, 0, 4, 6, 3, 1, 0)
845	(1, 1, 0, 1, 0, 0, 0, 3, 6, 3, 2, 0)
846	(1, 1, 0, 0, 0, 0, 0, 6, 5, 4, 1, 0)
847	(1, 1, 0, 0, 0, 0, 0, 5, 6, 4, 1, 0)
848	(0, 0, 0, 1, 0, 2, 1, 1, 1, 1, 0, 1)
849	(0, 0, 0, 1, 0, 1, 2, 1, 1, 1, 0, 1)
850	(0, 0, 0, 1, 0, 1, 1, 2, 1, 1, 0, 1)
851	(0, 0, 0, 1, 0, 1, 1, 1, 2, 1, 0, 1)
852	(0, 0, 0, 1, 0, 1, 1, 1, 1, 0, 0, 2)
853	(0, 0, 0, 1, 0, 0, 4, 1, 1, 1, 0, 1)
854	(0, 0, 0, 1, 0, 0, 2, 2, 1, 2, 0, 1)
855	(0, 0, 0, 1, 0, 0, 2, 1, 2, 2, 0, 1)
856	(0, 0, 0, 1, 0, 0, 3, 1, 1, 1, 1, 1)
857	(0, 0, 0, 1, 0, 0, 2, 1, 1, 1, 0, 2)
858	(0, 0, 0, 1, 0, 0, 1, 4, 1, 1, 0, 1)
859	(0, 0, 0, 1, 0, 0, 1, 2, 2, 2, 0, 1)
860	(0, 0, 0, 1, 0, 0, 1, 3, 1, 1, 1, 1)
861	(0, 0, 0, 1, 0, 0, 1, 2, 1, 1, 0, 2)
862	(0, 0, 0, 1, 0, 0, 1, 1, 4, 1, 0, 1)
863	(0, 0, 0, 1, 0, 0, 1, 1, 3, 1, 1, 1)
864	(0, 0, 0, 1, 0, 0, 1, 1, 2, 1, 0, 2)
865	(0, 0, 0, 1, 0, 4, 1, 0, 1, 1, 0, 1)
866	(0, 0, 0, 1, 0, 2, 2, 0, 1, 2, 0, 1)
867	(0, 0, 0, 1, 0, 2, 1, 0, 2, 2, 0, 1)
868	(0, 0, 0, 1, 0, 3, 1, 0, 1, 1, 1, 1)
869	(0, 0, 0, 1, 0, 2, 1, 0, 1, 1, 0, 2)
870	(0, 0, 0, 1, 0, 1, 4, 0, 1, 1, 0, 1)
871	(0, 0, 0, 1, 0, 1, 2, 0, 2, 2, 0, 1)
872	(0, 0, 0, 1, 0, 1, 3, 0, 1, 1, 1, 1)
873	(0, 0, 0, 1, 0, 1, 2, 0, 1, 1, 0, 2)
874	(0, 0, 0, 1, 0, 1, 1, 0, 4, 1, 0, 1)
875	(0, 0, 0, 1, 0, 1, 1, 0, 3, 1, 1, 1)
876	(0, 0, 0, 1, 0, 1, 1, 0, 2, 1, 0, 2)
877	(0, 0, 0, 1, 0, 0, 5, 0, 1, 2, 0, 1)
878	(0, 0, 0, 1, 0, 0, 4, 0, 2, 2, 0, 1)
879	(0, 0, 0, 1, 0, 0, 4, 0, 1, 1, 0, 2)
880	(0, 0, 0, 1, 0, 0, 2, 0, 4, 2, 0, 1)
881	(0, 0, 0, 1, 0, 0, 3, 0, 2, 2, 1, 1)
882	(0, 0, 0, 1, 0, 0, 2, 0, 3, 2, 1, 1)
883	(0, 0, 0, 1, 0, 0, 2, 0, 2, 2, 0, 2)
884	(0, 0, 0, 1, 0, 0, 3, 0, 1, 1, 1, 2)
885	(0, 0, 0, 1, 0, 0, 1, 0, 5, 2, 0, 1)
886	(0, 0, 0, 1, 0, 0, 1, 0, 4, 1, 0, 2)
887	(0, 0, 0, 1, 0, 0, 1, 0, 3, 1, 1, 2)
888	(0, 0, 0, 1, 0, 0, 0, 5, 1, 2, 0, 1)
889	(0, 0, 0, 1, 0, 0, 0, 4, 2, 2, 0, 1)
890	(0, 0, 0, 1, 0, 0, 0, 4, 1, 1, 0, 2)
891	(0, 0, 0, 1, 0, 0, 0, 2, 4, 2, 0, 1)
892	(0, 0, 0, 1, 0, 0, 0, 3, 2, 2, 1, 1)
893	(0, 0, 0, 1, 0, 0, 0, 2, 3, 2, 1, 1)
894	(0, 0, 0, 1, 0, 0, 0, 2, 2, 2, 0, 2)
895	(0, 0, 0, 1, 0, 0, 0, 3, 1, 1, 1, 2)
896	(0, 0, 0, 1, 0, 0, 0, 1, 5, 2, 0, 1)
897	(0, 0, 0, 1, 0, 0, 0, 1, 4, 1, 0, 2)
898	(0, 0, 0, 1, 0, 0, 0, 1, 3, 1, 1, 2)
899	(0, 0, 0, 1, 0, 0, 0, 0, 6, 2, 1, 1)
900	(0, 0, 0, 1, 0, 0, 0, 0, 5, 2, 0, 2)
901	(0, 0, 0, 0, 0, 4, 1, 1, 1, 1, 0, 1)
902	(0, 0, 0, 0, 0, 2, 2, 1, 1, 2, 0, 1)
903	(0, 0, 0, 0, 0, 2, 1, 2, 1, 2, 0, 1)
904	(0, 0, 0, 0, 0, 2, 1, 1, 2, 2, 0, 1)
905	(0, 0, 0, 0, 0, 3, 1, 1, 1, 1, 1, 1)
906	(0, 0, 0, 0, 0, 2, 1, 1, 1, 1, 0, 2)
907	(0, 0, 0, 0, 0, 1, 4, 1, 1, 1, 0, 1)
908	(0, 0, 0, 0, 0, 1, 2, 2, 1, 2, 0, 1)
909	(0, 0, 0, 0, 0, 1, 2, 1, 2, 2, 0, 1)
910	(0, 0, 0, 0, 0, 1, 3, 1, 1, 1, 1, 1)
911	(0, 0, 0, 0, 0, 1, 2, 1, 1, 1, 0, 2)
912	(0, 0, 0, 0, 0, 1, 1, 4, 1, 1, 0, 1)
913	(0, 0, 0, 0, 0, 1, 1, 2, 2, 2, 0, 1)
914	(0, 0, 0, 0, 0, 1, 1, 3, 1, 1, 1, 1)
915	(0, 0, 0, 0, 0, 1, 1, 2, 1, 1, 0, 2)
916	(0, 0, 0, 0, 0, 1, 1, 1, 4, 1, 0, 1)
917	(0, 0, 0, 0, 0, 1, 1, 1, 3, 1, 1, 1)
918	(0, 0, 0, 0, 0, 1, 1, 1, 2, 1, 0, 2)
919	(0, 0, 0, 0, 0, 0, 5, 1, 1, 2, 0, 1)
920	(0, 0, 0, 0, 0, 0, 4, 2, 1, 2, 0, 1)
921	(0, 0, 0, 0, 0, 0, 4, 1, 2, 2, 0, 1)
922	(0, 0, 0, 0, 0, 0, 4, 1, 1, 1, 0, 2)
923	(0, 0, 0, 0, 0, 0, 2, 4, 1, 2, 0, 1)
924	(0, 0, 0, 0, 0, 0, 2, 2, 2, 3, 0, 1)
925	(0, 0, 0, 0, 0, 0, 3, 2, 1, 2, 1, 1)
926	(0, 0, 0, 0, 0, 0, 2, 3, 1, 2, 1, 1)
927	(0, 0, 0, 0, 0, 0, 2, 2, 1, 2, 0, 2)
928	(0, 0, 0, 0, 0, 0, 2, 1, 4, 2, 0, 1)
929	(0, 0, 0, 0, 0, 0, 3, 1, 2, 2, 1, 1)
930	(0, 0, 0, 0, 0, 0, 2, 1, 3, 2, 1, 1)
931	(0, 0, 0, 0, 0, 0, 2, 1, 2, 2, 0, 2)
932	(0, 0, 0, 0, 0, 0, 3, 1, 1, 1, 1, 2)
933	(0, 0, 0, 0, 0, 0, 1, 5, 1, 2, 0, 1)
934	(0, 0, 0, 0, 0, 0, 1, 4, 2, 2, 0, 1)
935	(0, 0, 0, 0, 0, 0, 1, 4, 1, 1, 0, 2)
936	(0, 0, 0, 0, 0, 0, 1, 2, 4, 2, 0, 1)
937	(0, 0, 0, 0, 0, 0, 1, 3, 2, 2, 1, 1)
938	(0, 0, 0, 0, 0, 0, 1, 2, 3, 2, 1, 1)
939	(0, 0, 0, 0, 0, 0, 1, 2, 2, 2, 0, 2)
940	(0, 0, 0, 0, 0, 0, 1, 3, 1, 1, 1, 2)
941	(0, 0, 0, 0, 0, 0, 1, 1, 5, 2, 0, 1)
942	(0, 0, 0, 0, 0, 0, 1, 1, 4, 1, 0, 2)
943	(0, 0, 0, 0, 0, 0, 1, 1, 3, 1, 1, 2)
944	(0, 0, 0, 0, 0, 5, 1, 0, 1, 2, 0, 1)
945	(0, 0, 0, 0, 0, 4, 2, 0, 1, 2, 0, 1)
946	(0, 0, 0, 0, 0, 4, 1, 0, 2, 2, 0, 1)
947	(0, 0, 0, 0, 0, 4, 1, 0, 1, 1, 0, 2)
948	(0, 0, 0, 0, 0, 2, 4, 0, 1, 2, 0, 1)
949	(0, 0, 0, 0, 0, 2, 2, 0, 2, 3, 0, 1)
950	(0, 0, 0, 0, 0, 3, 2, 0, 1, 2, 1, 1)
951	(0, 0, 0, 0, 0, 2, 3, 0, 1, 2, 1, 1)
952	(0, 0, 0, 0, 0, 2, 2, 0, 1, 2, 0, 2)
953	(0, 0, 0, 0, 0, 2, 1, 0, 4, 2, 0, 1)
954	(0, 0, 0, 0, 0, 3, 1, 0, 2, 2, 1, 1)
955	(0, 0, 0, 0, 0, 2, 1, 0, 3, 2, 1, 1)
956	(0, 0, 0, 0, 0, 2, 1, 0, 2, 2, 0, 2)
957	(0, 0, 0, 0, 0, 3, 1, 0, 1, 1, 1, 2)
958	(0, 0, 0, 0, 0, 1, 5, 0, 1, 2, 0, 1)
959	(0, 0, 0, 0, 0, 1, 4, 0, 2, 2, 0, 1)
960	(0, 0, 0, 0, 0, 1, 4, 0, 1, 1, 0, 2)
961	(0, 0, 0, 0, 0, 1, 2, 0, 4, 2, 0, 1)
962	(0, 0, 0, 0, 0, 1, 3, 0, 2, 2, 1, 1)
963	(0, 0, 0, 0, 0, 1, 2, 0, 3, 2, 1, 1)
964	(0, 0, 0, 0, 0, 1, 2, 0, 2, 2, 0, 2)
965	(0, 0, 0, 0, 0, 1, 3, 0, 1, 1, 1, 2)
966	(0, 0, 0, 0, 0, 1, 1, 0, 5, 2, 0, 1)
967	(0, 0, 0, 0, 0, 1, 1, 0, 4, 1, 0, 2)
968	(0, 0, 0, 0, 0, 1, 1, 0, 3, 1, 1, 2)
969	(0, 0, 0, 0, 0, 0, 5, 0, 2, 3, 0, 1)
970	(0, 0, 0, 0, 0, 0, 6, 0, 1, 2, 1, 1)
971	(0, 0, 0, 0, 0, 0, 5, 0, 1, 2, 0, 2)
972	(0, 0, 0, 0, 0, 0, 4, 0, 4, 2, 0, 1)
973	(0, 0, 0, 0, 0, 0, 4, 0, 3, 2, 1, 1)
974	(0, 0, 0, 0, 0, 0, 4, 0, 2, 2, 0, 2)
975	(0, 0, 0, 0, 0, 0, 2, 0, 5, 3, 0, 1)
976	(0, 0, 0, 0, 0, 0, 3, 0, 4, 2, 1, 1)
977	(0, 0, 0, 0, 0, 0, 2, 0, 4, 2, 0, 2)
978	(0, 0, 0, 0, 0, 0, 3, 0, 3, 2, 2, 1)
979	(0, 0, 0, 0, 0, 0, 3, 0, 2, 2, 1, 2)
980	(0, 0, 0, 0, 0, 0, 2, 0, 3, 2, 1, 2)
981	(0, 0, 0, 0, 0, 0, 1, 0, 6, 2, 1, 1)
982	(0, 0, 0, 0, 0, 0, 1, 0, 5, 2, 0, 2)
983	(0, 0, 0, 0, 0, 0, 0, 5, 2, 3, 0, 1)
984	(0, 0, 0, 0, 0, 0, 0, 6, 1, 2, 1, 1)
985	(0, 0, 0, 0, 0, 0, 0, 5, 1, 2, 0, 2)
986	(0, 0, 0, 0, 0, 0, 0, 4, 4, 2, 0, 1)
987	(0, 0, 0, 0, 0, 0, 0, 4, 3, 2, 1, 1)
988	(0, 0, 0, 0, 0, 0, 0, 4, 2, 2, 0, 2)
989	(0, 0, 0, 0, 0, 0, 0, 2, 5, 3, 0, 1)
990	(0, 0, 0, 0, 0, 0, 0, 3, 4, 2, 1, 1)
991	(0, 0, 0, 0, 0, 0, 0, 2, 4, 2, 0, 2)
992	(0, 0, 0, 0, 0, 0, 0, 3, 3, 2, 2, 1)
993	(0, 0, 0, 0, 0, 0, 0, 3, 2, 2, 1, 2)
994	(0, 0, 0, 0, 0, 0, 0, 2, 3, 2, 1, 2)
995	(0, 0, 0, 0, 0, 0, 0, 1, 6, 2, 1, 1)
996	(0, 0, 0, 0, 0, 0, 0, 1, 5, 2, 0, 2)
997	(0, 0, 0, 0, 0, 0, 0, 0, 6, 2, 1, 2)
998	(1, 0, 0, 1, 0, 0, 0, 5, 2, 3, 0, 1)
999	(1, 0, 0, 1, 0, 0, 0, 6, 1, 2, 1, 1)
1000	(1, 0, 0, 1, 0, 0, 0, 5, 1, 2, 0, 2)
1001	(1, 0, 0, 1, 0, 0, 0, 4, 4, 2, 0, 1)
1002	(1, 0, 0, 1, 0, 0, 0, 4, 3, 2, 1, 1)
1003	(1, 0, 0, 1, 0, 0, 0, 4, 2, 2, 0, 2)
1004	(1, 0, 0, 1, 0, 0, 0, 2, 5, 3, 0, 1)
1005	(1, 0, 0, 1, 0, 0, 0, 3, 4, 2, 1, 1)
1006	(1, 0, 0, 1, 0, 0, 0, 2, 4, 2, 0, 2)
1007	(1, 0, 0, 1, 0, 0, 0, 3, 3, 2, 2, 1)
1008	(1, 0, 0, 1, 0, 0, 0, 3, 2, 2, 1, 2)
1009	(1, 0, 0, 1, 0, 0, 0, 2, 3, 2, 1, 2)
1010	(1, 0, 0, 1, 0, 0, 0, 1, 6, 2, 1, 1)
1011	(1, 0, 0, 1, 0, 0, 0, 1, 5, 2, 0, 2)
1012	(1, 0, 0, 1, 0, 0, 0, 0, 6, 2, 1, 2)
1013	(1, 0, 0, 0, 0, 0, 0, 5, 4, 3, 0, 1)
1014	(1, 0, 0, 0, 0, 0, 0, 6, 2, 3, 1, 1)
1015	(1, 0, 0, 0, 0, 0, 0, 5, 3, 3, 1, 1)
1016	(1, 0, 0, 0, 0, 0, 0, 5, 2, 3, 0, 2)
1017	(1, 0, 0, 0, 0, 0, 0, 6, 1, 2, 1, 2)
1018	(1, 0, 0, 0, 0, 0, 0, 4, 5, 3, 0, 1)
1019	(1, 0, 0, 0, 0, 0, 0, 4, 4, 2, 0, 2)
1020	(1, 0, 0, 0, 0, 0, 0, 4, 3, 2, 1, 2)
1021	(1, 0, 0, 0, 0, 0, 0, 3, 5, 3, 1, 1)
1022	(1, 0, 0, 0, 0, 0, 0, 2, 6, 3, 1, 1)
1023	(1, 0, 0, 0, 0, 0, 0, 2, 5, 3, 0, 2)
1024	(1, 0, 0, 0, 0, 0, 0, 3, 4, 2, 1, 2)
1025	(1, 0, 0, 0, 0, 0, 0, 3, 3, 2, 2, 2)
1026	(1, 0, 0, 0, 0, 0, 0, 1, 6, 2, 1, 2)
1027	(1, 1, 0, 1, 0, 0, 0, 5, 4, 3, 0, 1)
1028	(1, 1, 0, 1, 0, 0, 0, 6, 2, 3, 1, 1)
1029	(1, 1, 0, 1, 0, 0, 0, 5, 3, 3, 1, 1)
1030	(1, 1, 0, 1, 0, 0, 0, 5, 2, 3, 0, 2)
1031	(1, 1, 0, 1, 0, 0, 0, 6, 1, 2, 1, 2)
1032	(1, 1, 0, 1, 0, 0, 0, 4, 5, 3, 0, 1)
1033	(1, 1, 0, 1, 0, 0, 0, 4, 4, 2, 0, 2)
1034	(1, 1, 0, 1, 0, 0, 0, 4, 3, 2, 1, 2)
1035	(1, 1, 0, 1, 0, 0, 0, 3, 5, 3, 1, 1)
1036	(1, 1, 0, 1, 0, 0, 0, 2, 6, 3, 1, 1)
1037	(1, 1, 0, 1, 0, 0, 0, 2, 5, 3, 0, 2)
1038	(1, 1, 0, 1, 0, 0, 0, 3, 4, 2, 1, 2)
1039	(1, 1, 0, 1, 0, 0, 0, 3, 3, 2, 2, 2)
1040	(1, 1, 0, 1, 0, 0, 0, 1, 6, 2, 1, 2)
1041	(1, 1, 0, 0, 0, 0, 0, 5, 5, 4, 0, 1)
1042	(1, 1, 0, 0, 0, 0, 0, 6, 4, 3, 1, 1)
1043	(1, 1, 0, 0, 0, 0, 0, 5, 4, 3, 0, 2)
1044	(1, 1, 0, 0, 0, 0, 0, 6, 3, 3, 2, 1)
1045	(1, 1, 0, 0, 0, 0, 0, 6, 2, 3, 1, 2)
1046	(1, 1, 0, 0, 0, 0, 0, 5, 3, 3, 1, 2)
1047	(1, 1, 0, 0, 0, 0, 0, 4, 6, 3, 1, 1)
1048	(1, 1, 0, 0, 0, 0, 0, 4, 5, 3, 0, 2)
1049	(1, 1, 0, 0, 0, 0, 0, 3, 6, 3, 2, 1)
1050	(1, 1, 0, 0, 0, 0, 0, 3, 5, 3, 1, 2)
1051	(1, 1, 0, 0, 0, 0, 0, 2, 6, 3, 1, 2)
1052	(0, 0, 0, 1, 0, 5, 1, 1, 1, 2, 0, 0)
1053	(0, 0, 0, 1, 0, 4, 2, 1, 1, 2, 0, 0)
1054	(0, 0, 0, 1, 0, 4, 1, 2, 1, 2, 0, 0)
1055	(0, 0, 0, 1, 0, 4, 1, 1, 2, 2, 0, 0)
1056	(0, 0, 0, 1, 0, 2, 4, 1, 1, 2, 0, 0)
1057	(0, 0, 0, 1, 0, 2, 2, 2, 1, 3, 0, 0)
1058	(0, 0, 0, 1, 0, 2, 2, 1, 2, 3, 0, 0)
1059	(0, 0, 0, 1, 0, 3, 2, 1, 1, 2, 1, 0)
1060	(0, 0, 0, 1, 0, 2, 3, 1, 1, 2, 1, 0)
1061	(0, 0, 0, 1, 0, 2, 1, 4, 1, 2, 0, 0)
1062	(0, 0, 0, 1, 0, 2, 1, 2, 2, 3, 0, 0)
1063	(0, 0, 0, 1, 0, 3, 1, 2, 1, 2, 1, 0)
1064	(0, 0, 0, 1, 0, 2, 1, 3, 1, 2, 1, 0)
1065	(0, 0, 0, 1, 0, 2, 1, 1, 4, 2, 0, 0)
1066	(0, 0, 0, 1, 0, 3, 1, 1, 2, 2, 1, 0)
1067	(0, 0, 0, 1, 0, 2, 1, 1, 3, 2, 1, 0)
1068	(0, 0, 0, 1, 0, 1, 5, 1, 1, 2, 0, 0)
1069	(0, 0, 0, 1, 0, 1, 4, 2, 1, 2, 0, 0)
1070	(0, 0, 0, 1, 0, 1, 4, 1, 2, 2, 0, 0)
1071	(0, 0, 0, 1, 0, 1, 2, 4, 1, 2, 0, 0)
1072	(0, 0, 0, 1, 0, 1, 2, 2, 2, 3, 0, 0)
1073	(0, 0, 0, 1, 0, 1, 3, 2, 1, 2, 1, 0)
1074	(0, 0, 0, 1, 0, 1, 2, 3, 1, 2, 1, 0)
1075	(0, 0, 0, 1, 0, 1, 2, 1, 4, 2, 0, 0)
1076	(0, 0, 0, 1, 0, 1, 3, 1, 2, 2, 1, 0)
1077	(0, 0, 0, 1, 0, 1, 2, 1, 3, 2, 1, 0)
1078	(0, 0, 0, 1, 0, 1, 1, 5, 1, 2, 0, 0)
1079	(0, 0, 0, 1, 0, 1, 1, 4, 2, 2, 0, 0)
1080	(0, 0, 0, 1, 0, 1, 1, 2, 4, 2, 0, 0)
1081	(0, 0, 0, 1, 0, 1, 1, 3, 2, 2, 1, 0)
1082	(0, 0, 0, 1, 0, 1, 1, 2, 3, 2, 1, 0)
1083	(0, 0, 0, 1, 0, 1, 1, 1, 5, 2, 0, 0)
1084	(0, 0, 0, 1, 0, 0, 5, 2, 1, 3, 0, 0)
1085	(0, 0, 0, 1, 0, 0, 5, 1, 2, 3, 0, 0)
1086	(0, 0, 0, 1, 0, 0, 6, 1, 1, 2, 1, 0)
1087	(0, 0, 0, 1, 0, 0, 4, 4, 1, 2, 0, 0)
1088	(0, 0, 0, 1, 0, 0, 4, 2, 2, 3, 0, 0)
1089	(0, 0, 0, 1, 0, 0, 4, 3, 1, 2, 1, 0)
1090	(0, 0, 0, 1, 0, 0, 4, 1, 4, 2, 0, 0)
1091	(0, 0, 0, 1, 0, 0, 4, 1, 3, 2, 1, 0)
1092	(0, 0, 0, 1, 0, 0, 2, 5, 1, 3, 0, 0)
1093	(0, 0, 0, 1, 0, 0, 2, 4, 2, 3, 0, 0)
1094	(0, 0, 0, 1, 0, 0, 3, 4, 1, 2, 1, 0)
1095	(0, 0, 0, 1, 0, 0, 2, 2, 4, 3, 0, 0)
1096	(0, 0, 0, 1, 0, 0, 3, 2, 2, 3, 1, 0)
1097	(0, 0, 0, 1, 0, 0, 2, 3, 2, 3, 1, 0)
1098	(0, 0, 0, 1, 0, 0, 2, 2, 3, 3, 1, 0)
1099	(0, 0, 0, 1, 0, 0, 3, 3, 1, 2, 2, 0)
1100	(0, 0, 0, 1, 0, 0, 2, 1, 5, 3, 0, 0)
1101	(0, 0, 0, 1, 0, 0, 3, 1, 4, 2, 1, 0)
1102	(0, 0, 0, 1, 0, 0, 3, 1, 3, 2, 2, 0)
1103	(0, 0, 0, 1, 0, 0, 1, 5, 2, 3, 0, 0)
1104	(0, 0, 0, 1, 0, 0, 1, 6, 1, 2, 1, 0)
1105	(0, 0, 0, 1, 0, 0, 1, 4, 4, 2, 0, 0)
1106	(0, 0, 0, 1, 0, 0, 1, 4, 3, 2, 1, 0)
1107	(0, 0, 0, 1, 0, 0, 1, 2, 5, 3, 0, 0)
1108	(0, 0, 0, 1, 0, 0, 1, 3, 4, 2, 1, 0)
1109	(0, 0, 0, 1, 0, 0, 1, 3, 3, 2, 2, 0)
1110	(0, 0, 0, 1, 0, 0, 1, 1, 6, 2, 1, 0)
1111	(0, 0, 0, 1, 0, 5, 2, 0, 1, 3, 0, 0)
1112	(0, 0, 0, 1, 0, 5, 1, 0, 2, 3, 0, 0)
1113	(0, 0, 0, 1, 0, 6, 1, 0, 1, 2, 1, 0)
1114	(0, 0, 0, 1, 0, 4, 4, 0, 1, 2, 0, 0)
1115	(0, 0, 0, 1, 0, 4, 2, 0, 2, 3, 0, 0)
1116	(0, 0, 0, 1, 0, 4, 3, 0, 1, 2, 1, 0)
1117	(0, 0, 0, 1, 0, 4, 1, 0, 4, 2, 0, 0)
1118	(0, 0, 0, 1, 0, 4, 1, 0, 3, 2, 1, 0)
1119	(0, 0, 0, 1, 0, 2, 5, 0, 1, 3, 0, 0)
1120	(0, 0, 0, 1, 0, 2, 4, 0, 2, 3, 0, 0)
1121	(0, 0, 0, 1, 0, 3, 4, 0, 1, 2, 1, 0)
1122	(0, 0, 0, 1, 0, 2, 2, 0, 4, 3, 0, 0)
1123	(0, 0, 0, 1, 0, 3, 2, 0, 2, 3, 1, 0)
1124	(0, 0, 0, 1, 0, 2, 3, 0, 2, 3, 1, 0)
1125	(0, 0, 0, 1, 0, 2, 2, 0, 3, 3, 1, 0)
1126	(0, 0, 0, 1, 0, 3, 3, 0, 1, 2, 2, 0)
1127	(0, 0, 0, 1, 0, 2, 1, 0, 5, 3, 0, 0)
1128	(0, 0, 0, 1, 0, 3, 1, 0, 4, 2, 1, 0)
1129	(0, 0, 0, 1, 0, 3, 1, 0, 3, 2, 2, 0)
1130	(0, 0, 0, 1, 0, 1, 5, 0, 2, 3, 0, 0)
1131	(0, 0, 0, 1, 0, 1, 6, 0, 1, 2, 1, 0)
1132	(0, 0, 0, 1, 0, 1, 4, 0, 4, 2, 0, 0)
1133	(0, 0, 0, 1, 0, 1, 4, 0, 3, 2, 1, 0)
1134	(0, 0, 0, 1, 0, 1, 2, 0, 5, 3, 0, 0)
1135	(0, 0, 0, 1, 0, 1, 3, 0, 4, 2, 1, 0)
1136	(0, 0, 0, 1, 0, 1, 3, 0, 3, 2, 2, 0)
1137	(0, 0, 0, 1, 0, 1, 1, 0, 6, 2, 1, 0)
1138	(0, 0, 0, 1, 0, 0, 5, 0, 4, 3, 0, 0)
1139	(0, 0, 0, 1, 0, 0, 6, 0, 2, 3, 1, 0)
1140	(0, 0, 0, 1, 0, 0, 5, 0, 3, 3, 1, 0)
1141	(0, 0, 0, 1, 0, 0, 4, 0, 5, 3, 0, 0)
1142	(0, 0, 0, 1, 0, 0, 3, 0, 5, 3, 1, 0)
1143	(0, 0, 0, 1, 0, 0, 2, 0, 6, 3, 1, 0)
1144	(0, 0, 0, 1, 0, 0, 0, 5, 4, 3, 0, 0)
1145	(0, 0, 0, 1, 0, 0, 0, 6, 2, 3, 1, 0)
1146	(0, 0, 0, 1, 0, 0, 0, 5, 3, 3, 1, 0)
1147	(0, 0, 0, 1, 0, 0, 0, 4, 5, 3, 0, 0)
1148	(0, 0, 0, 1, 0, 0, 0, 3, 5, 3, 1, 0)
1149	(0, 0, 0, 1, 0, 0, 0, 2, 6, 3, 1, 0)
1150	(0, 0, 0, 0, 0, 5, 2, 1, 1, 3, 0, 0)
1151	(0, 0, 0, 0, 0, 5, 1, 2, 1, 3, 0, 0)
1152	(0, 0, 0, 0, 0, 5, 1, 1, 2, 3, 0, 0)
1153	(0, 0, 0, 0, 0, 6, 1, 1, 1, 2, 1, 0)
1154	(0, 0, 0, 0, 0, 4, 4, 1, 1, 2, 0, 0)
1155	(0, 0, 0, 0, 0, 4, 2, 2, 1, 3, 0, 0)
1156	(0, 0, 0, 0, 0, 4, 2, 1, 2, 3, 0, 0)
1157	(0, 0, 0, 0, 0, 4, 3, 1, 1, 2, 1, 0)
1158	(0, 0, 0, 0, 0, 4, 1, 4, 1, 2, 0, 0)
1159	(0, 0, 0, 0, 0, 4, 1, 2, 2, 3, 0, 0)
1160	(0, 0, 0, 0, 0, 4, 1, 3, 1, 2, 1, 0)
1161	(0, 0, 0, 0, 0, 4, 1, 1, 4, 2, 0, 0)
1162	(0, 0, 0, 0, 0, 4, 1, 1, 3, 2, 1, 0)
1163	(0, 0, 0, 0, 0, 2, 5, 1, 1, 3, 0, 0)
1164	(0, 0, 0, 0, 0, 2, 4, 2, 1, 3, 0, 0)
1165	(0, 0, 0, 0, 0, 2, 4, 1, 2, 3, 0, 0)
1166	(0, 0, 0, 0, 0, 3, 4, 1, 1, 2, 1, 0)
1167	(0, 0, 0, 0, 0, 2, 2, 4, 1, 3, 0, 0)
1168	(0, 0, 0, 0, 0, 2, 2, 2, 2, 4, 0, 0)
1169	(0, 0, 0, 0, 0, 3, 2, 2, 1, 3, 1, 0)
1170	(0, 0, 0, 0, 0, 2, 3, 2, 1, 3, 1, 0)
1171	(0, 0, 0, 0, 0, 2, 2, 3, 1, 3, 1, 0)
1172	(0, 0, 0, 0, 0, 2, 2, 1, 4, 3, 0, 0)
1173	(0, 0, 0, 0, 0, 3, 2, 1, 2, 3, 1, 0)
1174	(0, 0, 0, 0, 0, 2, 3, 1, 2, 3, 1, 0)
1175	(0, 0, 0, 0, 0, 2, 2, 1, 3, 3, 1, 0)
1176	(0, 0, 0, 0, 0, 3, 3, 1, 1, 2, 2, 0)
1177	(0, 0, 0, 0, 0, 2, 1, 5, 1, 3, 0, 0)
1178	(0, 0, 0, 0, 0, 2, 1, 4, 2, 3, 0, 0)
1179	(0, 0, 0, 0, 0, 3, 1, 4, 1, 2, 1, 0)
1180	(0, 0, 0, 0, 0, 2, 1, 2, 4, 3, 0, 0)
1181	(0, 0, 0, 0, 0, 3, 1, 2, 2, 3, 1, 0)
1182	(0, 0, 0, 0, 0, 2, 1, 3, 2, 3, 1, 0)
1183	(0, 0, 0, 0, 0, 2, 1, 2, 3, 3, 1, 0)
1184	(0, 0, 0, 0, 0, 3, 1, 3, 1, 2, 2, 0)
1185	(0, 0, 0, 0, 0, 2, 1, 1, 5, 3, 0, 0)
1186	(0, 0, 0, 0, 0, 3, 1, 1, 4, 2, 1, 0)
1187	(0, 0, 0, 0, 0, 3, 1, 1, 3, 2, 2, 0)
1188	(0, 0, 0, 0, 0, 1, 5, 2, 1, 3, 0, 0)
1189	(0, 0, 0, 0, 0, 1, 5, 1, 2, 3, 0, 0)
1190	(0, 0, 0, 0, 0, 1, 6, 1, 1, 2, 1, 0)
1191	(0, 0, 0, 0, 0, 1, 4, 4, 1, 2, 0, 0)
1192	(0, 0, 0, 0, 0, 1, 4, 2, 2, 3, 0, 0)
1193	(0, 0, 0, 0, 0, 1, 4, 3, 1, 2, 1, 0)
1194	(0, 0, 0, 0, 0, 1, 4, 1, 4, 2, 0, 0)
1195	(0, 0, 0, 0, 0, 1, 4, 1, 3, 2, 1, 0)
1196	(0, 0, 0, 0, 0, 1, 2, 5, 1, 3, 0, 0)
1197	(0, 0, 0, 0, 0, 1, 2, 4, 2, 3, 0, 0)
1198	(0, 0, 0, 0, 0, 1, 3, 4, 1, 2, 1, 0)
1199	(0, 0, 0, 0, 0, 1, 2, 2, 4, 3, 0, 0)
1200	(0, 0, 0, 0, 0, 1, 3, 2, 2, 3, 1, 0)
1201	(0, 0, 0, 0, 0, 1, 2, 3, 2, 3, 1, 0)
1202	(0, 0, 0, 0, 0, 1, 2, 2, 3, 3, 1, 0)
1203	(0, 0, 0, 0, 0, 1, 3, 3, 1, 2, 2, 0)
1204	(0, 0, 0, 0, 0, 1, 2, 1, 5, 3, 0, 0)
1205	(0, 0, 0, 0, 0, 1, 3, 1, 4, 2, 1, 0)
1206	(0, 0, 0, 0, 0, 1, 3, 1, 3, 2, 2, 0)
1207	(0, 0, 0, 0, 0, 1, 1, 5, 2, 3, 0, 0)
1208	(0, 0, 0, 0, 0, 1, 1, 6, 1, 2, 1, 0)
1209	(0, 0, 0, 0, 0, 1, 1, 4, 4, 2, 0, 0)
1210	(0, 0, 0, 0, 0, 1, 1, 4, 3, 2, 1, 0)
1211	(0, 0, 0, 0, 0, 1, 1, 2, 5, 3, 0, 0)
1212	(0, 0, 0, 0, 0, 1, 1, 3, 4, 2, 1, 0)
1213	(0, 0, 0, 0, 0, 1, 1, 3, 3, 2, 2, 0)
1214	(0, 0, 0, 0, 0, 1, 1, 1, 6, 2, 1, 0)
1215	(0, 0, 0, 0, 0, 0, 5, 4, 1, 3, 0, 0)
1216	(0, 0, 0, 0, 0, 0, 5, 2, 2, 4, 0, 0)
1217	(0, 0, 0, 0, 0, 0, 6, 2, 1, 3, 1, 0)
1218	(0, 0, 0, 0, 0, 0, 5, 3, 1, 3, 1, 0)
1219	(0, 0, 0, 0, 0, 0, 5, 1, 4, 3, 0, 0)
1220	(0, 0, 0, 0, 0, 0, 6, 1, 2, 3, 1, 0)
1221	(0, 0, 0, 0, 0, 0, 5, 1, 3, 3, 1, 0)
1222	(0, 0, 0, 0, 0, 0, 4, 5, 1, 3, 0, 0)
1223	(0, 0, 0, 0, 0, 0, 4, 4, 2, 3, 0, 0)
1224	(0, 0, 0, 0, 0, 0, 4, 2, 4, 3, 0, 0)
1225	(0, 0, 0, 0, 0, 0, 4, 3, 2, 3, 1, 0)
1226	(0, 0, 0, 0, 0, 0, 4, 2, 3, 3, 1, 0)
1227	(0, 0, 0, 0, 0, 0, 4, 1, 5, 3, 0, 0)
1228	(0, 0, 0, 0, 0, 0, 2, 5, 2, 4, 0, 0)
1229	(0, 0, 0, 0, 0, 0, 3, 5, 1, 3, 1, 0)
1230	(0, 0, 0, 0, 0, 0, 2, 6, 1, 3, 1, 0)
1231	(0, 0, 0, 0, 0, 0, 2, 4, 4, 3, 0, 0)
1232	(0, 0, 0, 0, 0, 0, 3, 4, 2, 3, 1, 0)
1233	(0, 0, 0, 0, 0, 0, 2, 4, 3, 3, 1, 0)
1234	(0, 0, 0, 0, 0, 0, 2, 2, 5, 4, 0, 0)
1235	(0, 0, 0, 0, 0, 0, 3, 2, 4, 3, 1, 0)
1236	(0, 0, 0, 0, 0, 0, 2, 3, 4, 3, 1, 0)
1237	(0, 0, 0, 0, 0, 0, 3, 3, 2, 3, 2, 0)
1238	(0, 0, 0, 0, 0, 0, 3, 2, 3, 3, 2, 0)
1239	(0, 0, 0, 0, 0, 0, 2, 3, 3, 3, 2, 0)
1240	(0, 0, 0, 0, 0, 0, 3, 1, 5, 3, 1, 0)
1241	(0, 0, 0, 0, 0, 0, 2, 1, 6, 3, 1, 0)
1242	(0, 0, 0, 0, 0, 0, 1, 5, 4, 3, 0, 0)
1243	(0, 0, 0, 0, 0, 0, 1, 6, 2, 3, 1, 0)
1244	(0, 0, 0, 0, 0, 0, 1, 5, 3, 3, 1, 0)
1245	(0, 0, 0, 0, 0, 0, 1, 4, 5, 3, 0, 0)
1246	(0, 0, 0, 0, 0, 0, 1, 3, 5, 3, 1, 0)
1247	(0, 0, 0, 0, 0, 0, 1, 2, 6, 3, 1, 0)
1248	(0, 0, 0, 0, 0, 5, 4, 0, 1, 3, 0, 0)
1249	(0, 0, 0, 0, 0, 5, 2, 0, 2, 4, 0, 0)
1250	(0, 0, 0, 0, 0, 6, 2, 0, 1, 3, 1, 0)
1251	(0, 0, 0, 0, 0, 5, 3, 0, 1, 3, 1, 0)
1252	(0, 0, 0, 0, 0, 5, 1, 0, 4, 3, 0, 0)
1253	(0, 0, 0, 0, 0, 6, 1, 0, 2, 3, 1, 0)
1254	(0, 0, 0, 0, 0, 5, 1, 0, 3, 3, 1, 0)
1255	(0, 0, 0, 0, 0, 4, 5, 0, 1, 3, 0, 0)
1256	(0, 0, 0, 0, 0, 4, 4, 0, 2, 3, 0, 0)
1257	(0, 0, 0, 0, 0, 4, 2, 0, 4, 3, 0, 0)
1258	(0, 0, 0, 0, 0, 4, 3, 0, 2, 3, 1, 0)
1259	(0, 0, 0, 0, 0, 4, 2, 0, 3, 3, 1, 0)
1260	(0, 0, 0, 0, 0, 4, 1, 0, 5, 3, 0, 0)
1261	(0, 0, 0, 0, 0, 2, 5, 0, 2, 4, 0, 0)
1262	(0, 0, 0, 0, 0, 3, 5, 0, 1, 3, 1, 0)
1263	(0, 0, 0, 0, 0, 2, 6, 0, 1, 3, 1, 0)
1264	(0, 0, 0, 0, 0, 2, 4, 0, 4, 3, 0, 0)
1265	(0, 0, 0, 0, 0, 3, 4, 0, 2, 3, 1, 0)
1266	(0, 0, 0, 0, 0, 2, 4, 0, 3, 3, 1, 0)
1267	(0, 0, 0, 0, 0, 2, 2, 0, 5, 4, 0, 0)
1268	(0, 0, 0, 0, 0, 3, 2, 0, 4, 3, 1, 0)
1269	(0, 0, 0, 0, 0, 2, 3, 0, 4, 3, 1, 0)
1270	(0, 0, 0, 0, 0, 3, 3, 0, 2, 3, 2, 0)
1271	(0, 0, 0, 0, 0, 3, 2, 0, 3, 3, 2, 0)
1272	(0, 0, 0, 0, 0, 2, 3, 0, 3, 3, 2, 0)
1273	(0, 0, 0, 0, 0, 3, 1, 0, 5, 3, 1, 0)
1274	(0, 0, 0, 0, 0, 2, 1, 0, 6, 3, 1, 0)
1275	(0, 0, 0, 0, 0, 1, 5, 0, 4, 3, 0, 0)
1276	(0, 0, 0, 0, 0, 1, 6, 0, 2, 3, 1, 0)
1277	(0, 0, 0, 0, 0, 1, 5, 0, 3, 3, 1, 0)
1278	(0, 0, 0, 0, 0, 1, 4, 0, 5, 3, 0, 0)
1279	(0, 0, 0, 0, 0, 1, 3, 0, 5, 3, 1, 0)
1280	(0, 0, 0, 0, 0, 1, 2, 0, 6, 3, 1, 0)
1281	(0, 0, 0, 0, 0, 0, 5, 0, 5, 4, 0, 0)
1282	(0, 0, 0, 0, 0, 0, 6, 0, 4, 3, 1, 0)
1283	(0, 0, 0, 0, 0, 0, 6, 0, 3, 3, 2, 0)
1284	(0, 0, 0, 0, 0, 0, 4, 0, 6, 3, 1, 0)
1285	(0, 0, 0, 0, 0, 0, 3, 0, 6, 3, 2, 0)
1286	(0, 0, 0, 0, 0, 0, 0, 5, 5, 4, 0, 0)
1287	(0, 0, 0, 0, 0, 0, 0, 6, 4, 3, 1, 0)
1288	(0, 0, 0, 0, 0, 0, 0, 6, 3, 3, 2, 0)
1289	(0, 0, 0, 0, 0, 0, 0, 4, 6, 3, 1, 0)
1290	(0, 0, 0, 0, 0, 0, 0, 3, 6, 3, 2, 0)
1291	(1, 0, 0, 1, 0, 0, 0, 5, 5, 4, 0, 0)
1292	(1, 0, 0, 1, 0, 0, 0, 6, 4, 3, 1, 0)
1293	(1, 0, 0, 1, 0, 0, 0, 6, 3, 3, 2, 0)
1294	(1, 0, 0, 1, 0, 0, 0, 4, 6, 3, 1, 0)
1295	(1, 0, 0, 1, 0, 0, 0, 3, 6, 3, 2, 0)
1296	(1, 0, 0, 0, 0, 0, 0, 6, 5, 4, 1, 0)
1297	(1, 0, 0, 0, 0, 0, 0, 5, 6, 4, 1, 0)
1298	(1, 1, 0, 1, 0, 0, 0, 6, 5, 4, 1, 0)
1299	(1, 1, 0, 1, 0, 0, 0, 5, 6, 4, 1, 0)
1300	(1, 1, 0, 0, 0, 0, 0, 6, 6, 4, 2, 0)
1301	(0, 0, 0, 1, 0, 4, 1, 1, 1, 1, 0, 1)
1302	(0, 0, 0, 1, 0, 2, 2, 1, 1, 2, 0, 1)
1303	(0, 0, 0, 1, 0, 2, 1, 2, 1, 2, 0, 1)
1304	(0, 0, 0, 1, 0, 2, 1, 1, 2, 2, 0, 1)
1305	(0, 0, 0, 1, 0, 3, 1, 1, 1, 1, 1, 1)
1306	(0, 0, 0, 1, 0, 2, 1, 1, 1, 1, 0, 2)
1307	(0, 0, 0, 1, 0, 1, 4, 1, 1, 1, 0, 1)
1308	(0, 0, 0, 1, 0, 1, 2, 2, 1, 2, 0, 1)
1309	(0, 0, 0, 1, 0, 1, 2, 1, 2, 2, 0, 1)
1310	(0, 0, 0, 1, 0, 1, 3, 1, 1, 1, 1, 1)
1311	(0, 0, 0, 1, 0, 1, 2, 1, 1, 1, 0, 2)
1312	(0, 0, 0, 1, 0, 1, 1, 4, 1, 1, 0, 1)
1313	(0, 0, 0, 1, 0, 1, 1, 2, 2, 2, 0, 1)
1314	(0, 0, 0, 1, 0, 1, 1, 3, 1, 1, 1, 1)
1315	(0, 0, 0, 1, 0, 1, 1, 2, 1, 1, 0, 2)
1316	(0, 0, 0, 1, 0, 1, 1, 1, 4, 1, 0, 1)
1317	(0, 0, 0, 1, 0, 1, 1, 1, 3, 1, 1, 1)
1318	(0, 0, 0, 1, 0, 1, 1, 1, 2, 1, 0, 2)
1319	(0, 0, 0, 1, 0, 0, 5, 1, 1, 2, 0, 1)
1320	(0, 0, 0, 1, 0, 0, 4, 2, 1, 2, 0, 1)
1321	(0, 0, 0, 1, 0, 0, 4, 1, 2, 2, 0, 1)
1322	(0, 0, 0, 1, 0, 0, 4, 1, 1, 1, 0, 2)
1323	(0, 0, 0, 1, 0, 0, 2, 4, 1, 2, 0, 1)
1324	(0, 0, 0, 1, 0, 0, 2, 2, 2, 3, 0, 1)
1325	(0, 0, 0, 1, 0, 0, 3, 2, 1, 2, 1, 1)
1326	(0, 0, 0, 1, 0, 0, 2, 3, 1, 2, 1, 1)
1327	(0, 0, 0, 1, 0, 0, 2, 2, 1, 2, 0, 2)
1328	(0, 0, 0, 1, 0, 0, 2, 1, 4, 2, 0, 1)
1329	(0, 0, 0, 1, 0, 0, 3, 1, 2, 2, 1, 1)
1330	(0, 0, 0, 1, 0, 0, 2, 1, 3, 2, 1, 1)
1331	(0, 0, 0, 1, 0, 0, 2, 1, 2, 2, 0, 2)
1332	(0, 0, 0, 1, 0, 0, 3, 1, 1, 1, 1, 2)
1333	(0, 0, 0, 1, 0, 0, 1, 5, 1, 2, 0, 1)
1334	(0, 0, 0, 1, 0, 0, 1, 4, 2, 2, 0, 1)
1335	(0, 0, 0, 1, 0, 0, 1, 4, 1, 1, 0, 2)
1336	(0, 0, 0, 1, 0, 0, 1, 2, 4, 2, 0, 1)
1337	(0, 0, 0, 1, 0, 0, 1, 3, 2, 2, 1, 1)
1338	(0, 0, 0, 1, 0, 0, 1, 2, 3, 2, 1, 1)
1339	(0, 0, 0, 1, 0, 0, 1, 2, 2, 2, 0, 2)
1340	(0, 0, 0, 1, 0, 0, 1, 3, 1, 1, 1, 2)
1341	(0, 0, 0, 1, 0, 0, 1, 1, 5, 2, 0, 1)
1342	(0, 0, 0, 1, 0, 0, 1, 1, 4, 1, 0, 2)
1343	(0, 0, 0, 1, 0, 0, 1, 1, 3, 1, 1, 2)
1344	(0, 0, 0, 1, 0, 5, 1, 0, 1, 2, 0, 1)
1345	(0, 0, 0, 1, 0, 4, 2, 0, 1, 2, 0, 1)
1346	(0, 0, 0, 1, 0, 4, 1, 0, 2, 2, 0, 1)
1347	(0, 0, 0, 1, 0, 4, 1, 0, 1, 1, 0, 2)
1348	(0, 0, 0, 1, 0, 2, 4, 0, 1, 2, 0, 1)
1349	(0, 0, 0, 1, 0, 2, 2, 0, 2, 3, 0, 1)
1350	(0, 0, 0, 1, 0, 3, 2, 0, 1, 2, 1, 1)
1351	(0, 0, 0, 1, 0, 2, 3, 0, 1, 2, 1, 1)
1352	(0, 0, 0, 1, 0, 2, 2, 0, 1, 2, 0, 2)
1353	(0, 0, 0, 1, 0, 2, 1, 0, 4, 2, 0, 1)
1354	(0, 0, 0, 1, 0, 3, 1, 0, 2, 2, 1, 1)
1355	(0, 0, 0, 1, 0, 2, 1, 0, 3, 2, 1, 1)
1356	(0, 0, 0, 1, 0, 2, 1, 0, 2, 2, 0, 2)
1357	(0, 0, 0, 1, 0, 3, 1, 0, 1, 1, 1, 2)
1358	(0, 0, 0, 1, 0, 1, 5, 0, 1, 2, 0, 1)
1359	(0, 0, 0, 1, 0, 1, 4, 0, 2, 2, 0, 1)
1360	(0, 0, 0, 1, 0, 1, 4, 0, 1, 1, 0, 2)
1361	(0, 0, 0, 1, 0, 1, 2, 0, 4, 2, 0, 1)
1362	(0, 0, 0, 1, 0, 1, 3, 0, 2, 2, 1, 1)
1363	(0, 0, 0, 1, 0, 1, 2, 0, 3, 2, 1, 1)
1364	(0, 0, 0, 1, 0, 1, 2, 0, 2, 2, 0, 2)
1365	(0, 0, 0, 1, 0, 1, 3, 0, 1, 1, 1, 2)
1366	(0, 0, 0, 1, 0, 1, 1, 0, 5, 2, 0, 1)
1367	(0, 0, 0, 1, 0, 1, 1, 0, 4, 1, 0, 2)
1368	(0, 0, 0, 1, 0, 1, 1, 0, 3, 1, 1, 2)
1369	(0, 0, 0, 1, 0, 0, 5, 0, 2, 3, 0, 1)
1370	(0, 0, 0, 1, 0, 0, 6, 0, 1, 2, 1, 1)
1371	(0, 0, 0, 1, 0, 0, 5, 0, 1, 2, 0, 2)
1372	(0, 0, 0, 1, 0, 0, 4, 0, 4, 2, 0, 1)
1373	(0, 0, 0, 1, 0, 0, 4, 0, 3, 2, 1, 1)
1374	(0, 0, 0, 1, 0, 0, 4, 0, 2, 2, 0, 2)
1375	(0, 0, 0, 1, 0, 0, 2, 0, 5, 3, 0, 1)
1376	(0, 0, 0, 1, 0, 0, 3, 0, 4, 2, 1, 1)
1377	(0, 0, 0, 1, 0, 0, 2, 0, 4, 2, 0, 2)
1378	(0, 0, 0, 1, 0, 0, 3, 0, 3, 2, 2, 1)
1379	(0, 0, 0, 1, 0, 0, 3, 0, 2, 2, 1, 2)
1380	(0, 0, 0, 1, 0, 0, 2, 0, 3, 2, 1, 2)
1381	(0, 0, 0, 1, 0, 0, 1, 0, 6, 2, 1, 1)
1382	(0, 0, 0, 1, 0, 0, 1, 0, 5, 2, 0, 2)
1383	(0, 0, 0, 1, 0, 0, 0, 5, 2, 3, 0, 1)
1384	(0, 0, 0, 1, 0, 0, 0, 6, 1, 2, 1, 1)
1385	(0, 0, 0, 1, 0, 0, 0, 5, 1, 2, 0, 2)
1386	(0, 0, 0, 1, 0, 0, 0, 4, 4, 2, 0, 1)
1387	(0, 0, 0, 1, 0, 0, 0, 4, 3, 2, 1, 1)
1388	(0, 0, 0, 1, 0, 0, 0, 4, 2, 2, 0, 2)
1389	(0, 0, 0, 1, 0, 0, 0, 2, 5, 3, 0, 1)
1390	(0, 0, 0, 1, 0, 0, 0, 3, 4, 2, 1, 1)
1391	(0, 0, 0, 1, 0, 0, 0, 2, 4, 2, 0, 2)
1392	(0, 0, 0, 1, 0, 0, 0, 3, 3, 2, 2, 1)
1393	(0, 0, 0, 1, 0, 0, 0, 3, 2, 2, 1, 2)
1394	(0, 0, 0, 1, 0, 0, 0, 2, 3, 2, 1, 2)
1395	(0, 0, 0, 1, 0, 0, 0, 1, 6, 2, 1, 1)
1396	(0, 0, 0, 1, 0, 0, 0, 1, 5, 2, 0, 2)
1397	(0, 0, 0, 1, 0, 0, 0, 0, 6, 2, 1, 2)
1398	(0, 0, 0, 0, 0, 5, 1, 1, 1, 2, 0, 1)
1399	(0, 0, 0, 0, 0, 4, 2, 1, 1, 2, 0, 1)
1400	(0, 0, 0, 0, 0, 4, 1, 2, 1, 2, 0, 1)
1401	(0, 0, 0, 0, 0, 4, 1, 1, 2, 2, 0, 1)
1402	(0, 0, 0, 0, 0, 4, 1, 1, 1, 1, 0, 2)
1403	(0, 0, 0, 0, 0, 2, 4, 1, 1, 2, 0, 1)
1404	(0, 0, 0, 0, 0, 2, 2, 2, 1, 3, 0, 1)
1405	(0, 0, 0, 0, 0, 2, 2, 1, 2, 3, 0, 1)
1406	(0, 0, 0, 0, 0, 3, 2, 1, 1, 2, 1, 1)
1407	(0, 0, 0, 0, 0, 2, 3, 1, 1, 2, 1, 1)
1408	(0, 0, 0, 0, 0, 2, 2, 1, 1, 2, 0, 2)
1409	(0, 0, 0, 0, 0, 2, 1, 4, 1, 2, 0, 1)
1410	(0, 0, 0, 0, 0, 2, 1, 2, 2, 3, 0, 1)
1411	(0, 0, 0, 0, 0, 3, 1, 2, 1, 2, 1, 1)
1412	(0, 0, 0, 0, 0, 2, 1, 3, 1, 2, 1, 1)
1413	(0, 0, 0, 0, 0, 2, 1, 2, 1, 2, 0, 2)
1414	(0, 0, 0, 0, 0, 2, 1, 1, 4, 2, 0, 1)
1415	(0, 0, 0, 0, 0, 3, 1, 1, 2, 2, 1, 1)
1416	(0, 0, 0, 0, 0, 2, 1, 1, 3, 2, 1, 1)
1417	(0, 0, 0, 0, 0, 2, 1, 1, 2, 2, 0, 2)
1418	(0, 0, 0, 0, 0, 3, 1, 1, 1, 1, 1, 2)
1419	(0, 0, 0, 0, 0, 1, 5, 1, 1, 2, 0, 1)
1420	(0, 0, 0, 0, 0, 1, 4, 2, 1, 2, 0, 1)
1421	(0, 0, 0, 0, 0, 1, 4, 1, 2, 2, 0, 1)
1422	(0, 0, 0, 0, 0, 1, 4, 1, 1, 1, 0, 2)
1423	(0, 0, 0, 0, 0, 1, 2, 4, 1, 2, 0, 1)
1424	(0, 0, 0, 0, 0, 1, 2, 2, 2, 3, 0, 1)
1425	(0, 0, 0, 0, 0, 1, 3, 2, 1, 2, 1, 1)
1426	(0, 0, 0, 0, 0, 1, 2, 3, 1, 2, 1, 1)
1427	(0, 0, 0, 0, 0, 1, 2, 2, 1, 2, 0, 2)
1428	(0, 0, 0, 0, 0, 1, 2, 1, 4, 2, 0, 1)
1429	(0, 0, 0, 0, 0, 1, 3, 1, 2, 2, 1, 1)
1430	(0, 0, 0, 0, 0, 1, 2, 1, 3, 2, 1, 1)
1431	(0, 0, 0, 0, 0, 1, 2, 1, 2, 2, 0, 2)
1432	(0, 0, 0, 0, 0, 1, 3, 1, 1, 1, 1, 2)
1433	(0, 0, 0, 0, 0, 1, 1, 5, 1, 2, 0, 1)
1434	(0, 0, 0, 0, 0, 1, 1, 4, 2, 2, 0, 1)
1435	(0, 0, 0, 0, 0, 1, 1, 4, 1, 1, 0, 2)
1436	(0, 0, 0, 0, 0, 1, 1, 2, 4, 2, 0, 1)
1437	(0, 0, 0, 0, 0, 1, 1, 3, 2, 2, 1, 1)
1438	(0, 0, 0, 0, 0, 1, 1, 2, 3, 2, 1, 1)
1439	(0, 0, 0, 0, 0, 1, 1, 2, 2, 2, 0, 2)
1440	(0, 0, 0, 0, 0, 1, 1, 3, 1, 1, 1, 2)
1441	(0, 0, 0, 0, 0, 1, 1, 1, 5, 2, 0, 1)
1442	(0, 0, 0, 0, 0, 1, 1, 1, 4, 1, 0, 2)
1443	(0, 0, 0, 0, 0, 1, 1, 1, 3, 1, 1, 2)
1444	(0, 0, 0, 0, 0, 0, 5, 2, 1, 3, 0, 1)
1445	(0, 0, 0, 0, 0, 0, 5, 1, 2, 3, 0, 1)
1446	(0, 0, 0, 0, 0, 0, 6, 1, 1, 2, 1, 1)
1447	(0, 0, 0, 0, 0, 0, 5, 1, 1, 2, 0, 2)
1448	(0, 0, 0, 0, 0, 0, 4, 4, 1, 2, 0, 1)
1449	(0, 0, 0, 0, 0, 0, 4, 2, 2, 3, 0, 1)
1450	(0, 0, 0, 0, 0, 0, 4, 3, 1, 2, 1, 1)
1451	(0, 0, 0, 0, 0, 0, 4, 2, 1, 2, 0, 2)
1452	(0, 0, 0, 0, 0, 0, 4, 1, 4, 2, 0, 1)
1453	(0, 0, 0, 0, 0, 0, 4, 1, 3, 2, 1, 1)
1454	(0, 0, 0, 0, 0, 0, 4, 1, 2, 2, 0, 2)
1455	(0, 0, 0, 0, 0, 0, 2, 5, 1, 3, 0, 1)
1456	(0, 0, 0, 0, 0, 0, 2, 4, 2, 3, 0, 1)
1457	(0, 0, 0, 0, 0, 0, 3, 4, 1, 2, 1, 1)
1458	(0, 0, 0, 0, 0, 0, 2, 4, 1, 2, 0, 2)
1459	(0, 0, 0, 0, 0, 0, 2, 2, 4, 3, 0, 1)
1460	(0, 0, 0, 0, 0, 0, 3, 2, 2, 3, 1, 1)
1461	(0, 0, 0, 0, 0, 0, 2, 3, 2, 3, 1, 1)
1462	(0, 0, 0, 0, 0, 0, 2, 2, 3, 3, 1, 1)
1463	(0, 0, 0, 0, 0, 0, 2, 2, 2, 3, 0, 2)
1464	(0, 0, 0, 0, 0, 0, 3, 3, 1, 2, 2, 1)
1465	(0, 0, 0, 0, 0, 0, 3, 2, 1, 2, 1, 2)
1466	(0, 0, 0, 0, 0, 0, 2, 3, 1, 2, 1, 2)
1467	(0, 0, 0, 0, 0, 0, 2, 1, 5, 3, 0, 1)
1468	(0, 0, 0, 0, 0, 0, 3, 1, 4, 2, 1, 1)
1469	(0, 0, 0, 0, 0, 0, 2, 1, 4, 2, 0, 2)
1470	(0, 0, 0, 0, 0, 0, 3, 1, 3, 2, 2, 1)
1471	(0, 0, 0, 0, 0, 0, 3, 1, 2, 2, 1, 2)
1472	(0, 0, 0, 0, 0, 0, 2, 1, 3, 2, 1, 2)
1473	(0, 0, 0, 0, 0, 0, 1, 5, 2, 3, 0, 1)
1474	(0, 0, 0, 0, 0, 0, 1, 6, 1, 2, 1, 1)
1475	(0, 0, 0, 0, 0, 0, 1, 5, 1, 2, 0, 2)
1476	(0, 0, 0, 0, 0, 0, 1, 4, 4, 2, 0, 1)
1477	(0, 0, 0, 0, 0, 0, 1, 4, 3, 2, 1, 1)
1478	(0, 0, 0, 0, 0, 0, 1, 4, 2, 2, 0, 2)
1479	(0, 0, 0, 0, 0, 0, 1, 2, 5, 3, 0, 1)
1480	(0, 0, 0, 0, 0, 0, 1, 3, 4, 2, 1, 1)
1481	(0, 0, 0, 0, 0, 0, 1, 2, 4, 2, 0, 2)
1482	(0, 0, 0, 0, 0, 0, 1, 3, 3, 2, 2, 1)
1483	(0, 0, 0, 0, 0, 0, 1, 3, 2, 2, 1, 2)
1484	(0, 0, 0, 0, 0, 0, 1, 2, 3, 2, 1, 2)
1485	(0, 0, 0, 0, 0, 0, 1, 1, 6, 2, 1, 1)
1486	(0, 0, 0, 0, 0, 0, 1, 1, 5, 2, 0, 2)
1487	(0, 0, 0, 0, 0, 5, 2, 0, 1, 3, 0, 1)
1488	(0, 0, 0, 0, 0, 5, 1, 0, 2, 3, 0, 1)
1489	(0, 0, 0, 0, 0, 6, 1, 0, 1, 2, 1, 1)
1490	(0, 0, 0, 0, 0, 5, 1, 0, 1, 2, 0, 2)
1491	(0, 0, 0, 0, 0, 4, 4, 0, 1, 2, 0, 1)
1492	(0, 0, 0, 0, 0, 4, 2, 0, 2, 3, 0, 1)
1493	(0, 0, 0, 0, 0, 4, 3, 0, 1, 2, 1, 1)
1494	(0, 0, 0, 0, 0, 4, 2, 0, 1, 2, 0, 2)
1495	(0, 0, 0, 0, 0, 4, 1, 0, 4, 2, 0, 1)
1496	(0, 0, 0, 0, 0, 4, 1, 0, 3, 2, 1, 1)
1497	(0, 0, 0, 0, 0, 4, 1, 0, 2, 2, 0, 2)
1498	(0, 0, 0, 0, 0, 2, 5, 0, 1, 3, 0, 1)
1499	(0, 0, 0, 0, 0, 2, 4, 0, 2, 3, 0, 1)
1500	(0, 0, 0, 0, 0, 3, 4, 0, 1, 2, 1, 1)
1501	(0, 0, 0, 0, 0, 2, 4, 0, 1, 2, 0, 2)
1502	(0, 0, 0, 0, 0, 2, 2, 0, 4, 3, 0, 1)
1503	(0, 0, 0, 0, 0, 3, 2, 0, 2, 3, 1, 1)
1504	(0, 0, 0, 0, 0, 2, 3, 0, 2, 3, 1, 1)
1505	(0, 0, 0, 0, 0, 2, 2, 0, 3, 3, 1, 1)
1506	(0, 0, 0, 0, 0, 2, 2, 0, 2, 3, 0, 2)
1507	(0, 0, 0, 0, 0, 3, 3, 0, 1, 2, 2, 1)
1508	(0, 0, 0, 0, 0, 3, 2, 0, 1, 2, 1, 2)
1509	(0, 0, 0, 0, 0, 2, 3, 0, 1, 2, 1, 2)
1510	(0, 0, 0, 0, 0, 2, 1, 0, 5, 3, 0, 1)
1511	(0, 0, 0, 0, 0, 3, 1, 0, 4, 2, 1, 1)
1512	(0, 0, 0, 0, 0, 2, 1, 0, 4, 2, 0, 2)
1513	(0, 0, 0, 0, 0, 3, 1, 0, 3, 2, 2, 1)
1514	(0, 0, 0, 0, 0, 3, 1, 0, 2, 2, 1, 2)
1515	(0, 0, 0, 0, 0, 2, 1, 0, 3, 2, 1, 2)
1516	(0, 0, 0, 0, 0, 1, 5, 0, 2, 3, 0, 1)
1517	(0, 0, 0, 0, 0, 1, 6, 0, 1, 2, 1, 1)
1518	(0, 0, 0, 0, 0, 1, 5, 0, 1, 2, 0, 2)
1519	(0, 0, 0, 0, 0, 1, 4, 0, 4, 2, 0, 1)
1520	(0, 0, 0, 0, 0, 1, 4, 0, 3, 2, 1, 1)
1521	(0, 0, 0, 0, 0, 1, 4, 0, 2, 2, 0, 2)
1522	(0, 0, 0, 0, 0, 1, 2, 0, 5, 3, 0, 1)
1523	(0, 0, 0, 0, 0, 1, 3, 0, 4, 2, 1, 1)
1524	(0, 0, 0, 0, 0, 1, 2, 0, 4, 2, 0, 2)
1525	(0, 0, 0, 0, 0, 1, 3, 0, 3, 2, 2, 1)
1526	(0, 0, 0, 0, 0, 1, 3, 0, 2, 2, 1, 2)
1527	(0, 0, 0, 0, 0, 1, 2, 0, 3, 2, 1, 2)
1528	(0, 0, 0, 0, 0, 1, 1, 0, 6, 2, 1, 1)
1529	(0, 0, 0, 0, 0, 1, 1, 0, 5, 2, 0, 2)
1530	(0, 0, 0, 0, 0, 0, 5, 0, 4, 3, 0, 1)
1531	(0, 0, 0, 0, 0, 0, 6, 0, 2, 3, 1, 1)
1532	(0, 0, 0, 0, 0, 0, 5, 0, 3, 3, 1, 1)
1533	(0, 0, 0, 0, 0, 0, 5, 0, 2, 3, 0, 2)
1534	(0, 0, 0, 0, 0, 0, 6, 0, 1, 2, 1, 2)
1535	(0, 0, 0, 0, 0, 0, 4, 0, 5, 3, 0, 1)
1536	(0, 0, 0, 0, 0, 0, 4, 0, 4, 2, 0, 2)
1537	(0, 0, 0, 0, 0, 0, 4, 0, 3, 2, 1, 2)
1538	(0, 0, 0, 0, 0, 0, 3, 0, 5, 3, 1, 1)
1539	(0, 0, 0, 0, 0, 0, 2, 0, 6, 3, 1, 1)
1540	(0, 0, 0, 0, 0, 0, 2, 0, 5, 3, 0, 2)
1541	(0, 0, 0, 0, 0, 0, 3, 0, 4, 2, 1, 2)
1542	(0, 0, 0, 0, 0, 0, 3, 0, 3, 2, 2, 2)
1543	(0, 0, 0, 0, 0, 0, 1, 0, 6, 2, 1, 2)
1544	(0, 0, 0, 0, 0, 0, 0, 5, 4, 3, 0, 1)
1545	(0, 0, 0, 0, 0, 0, 0, 6, 2, 3, 1, 1)
1546	(0, 0, 0, 0, 0, 0, 0, 5, 3, 3, 1, 1)
1547	(0, 0, 0, 0, 0, 0, 0, 5, 2, 3, 0, 2)
1548	(0, 0, 0, 0, 0, 0, 0, 6, 1, 2, 1, 2)
1549	(0, 0, 0, 0, 0, 0, 0, 4, 5, 3, 0, 1)
1550	(0, 0, 0, 0, 0, 0, 0, 4, 4, 2, 0, 2)
1551	(0, 0, 0, 0, 0, 0, 0, 4, 3, 2, 1, 2)
1552	(0, 0, 0, 0, 0, 0, 0, 3, 5, 3, 1, 1)
1553	(0, 0, 0, 0, 0, 0, 0, 2, 6, 3, 1, 1)
1554	(0, 0, 0, 0, 0, 0, 0, 2, 5, 3, 0, 2)
1555	(0, 0, 0, 0, 0, 0, 0, 3, 4, 2, 1, 2)
1556	(0, 0, 0, 0, 0, 0, 0, 3, 3, 2, 2, 2)
1557	(0, 0, 0, 0, 0, 0, 0, 1, 6, 2, 1, 2)
1558	(1, 0, 0, 1, 0, 0, 0, 5, 4, 3, 0, 1)
1559	(1, 0, 0, 1, 0, 0, 0, 6, 2, 3, 1, 1)
1560	(1, 0, 0, 1, 0, 0, 0, 5, 3, 3, 1, 1)
1561	(1, 0, 0, 1, 0, 0, 0, 5, 2, 3, 0, 2)
1562	(1, 0, 0, 1, 0, 0, 0, 6, 1, 2, 1, 2)
1563	(1, 0, 0, 1, 0, 0, 0, 4, 5, 3, 0, 1)
1564	(1, 0, 0, 1, 0, 0, 0, 4, 4, 2, 0, 2)
1565	(1, 0, 0, 1, 0, 0, 0, 4, 3, 2, 1, 2)
1566	(1, 0, 0, 1, 0, 0, 0, 3, 5, 3, 1, 1)
1567	(1, 0, 0, 1, 0, 0, 0, 2, 6, 3, 1, 1)
1568	(1, 0, 0, 1, 0, 0, 0, 2, 5, 3, 0, 2)
1569	(1, 0, 0, 1, 0, 0, 0, 3, 4, 2, 1, 2)
1570	(1, 0, 0, 1, 0, 0, 0, 3, 3, 2, 2, 2)
1571	(1, 0, 0, 1, 0, 0, 0, 1, 6, 2, 1, 2)
1572	(1, 0, 0, 0, 0, 0, 0, 5, 5, 4, 0, 1)
1573	(1, 0, 0, 0, 0, 0, 0, 6, 4, 3, 1, 1)
1574	(1, 0, 0, 0, 0, 0, 0, 5, 4, 3, 0, 2)
1575	(1, 0, 0, 0, 0, 0, 0, 6, 3, 3, 2, 1)
1576	(1, 0, 0, 0, 0, 0, 0, 6, 2, 3, 1, 2)
1577	(1, 0, 0, 0, 0, 0, 0, 5, 3, 3, 1, 2)
1578	(1, 0, 0, 0, 0, 0, 0, 4, 6, 3, 1, 1)
1579	(1, 0, 0, 0, 0, 0, 0, 4, 5, 3, 0, 2)
1580	(1, 0, 0, 0, 0, 0, 0, 3, 6, 3, 2, 1)
1581	(1, 0, 0, 0, 0, 0, 0, 3, 5, 3, 1, 2)
1582	(1, 0, 0, 0, 0, 0, 0, 2, 6, 3, 1, 2)
1583	(1, 1, 0, 1, 0, 0, 0, 5, 5, 4, 0, 1)
1584	(1, 1, 0, 1, 0, 0, 0, 6, 4, 3, 1, 1)
1585	(1, 1, 0, 1, 0, 0, 0, 5, 4, 3, 0, 2)
1586	(1, 1, 0, 1, 0, 0, 0, 6, 3, 3, 2, 1)
1587	(1, 1, 0, 1, 0, 0, 0, 6, 2, 3, 1, 2)
1588	(1, 1, 0, 1, 0, 0, 0, 5, 3, 3, 1, 2)
1589	(1, 1, 0, 1, 0, 0, 0, 4, 6, 3, 1, 1)
1590	(1, 1, 0, 1, 0, 0, 0, 4, 5, 3, 0, 2)
1591	(1, 1, 0, 1, 0, 0, 0, 3, 6, 3, 2, 1)
1592	(1, 1, 0, 1, 0, 0, 0, 3, 5, 3, 1, 2)
1593	(1, 1, 0, 1, 0, 0, 0, 2, 6, 3, 1, 2)
1594	(1, 1, 0, 0, 0, 0, 0, 6, 5, 4, 1, 1)
1595	(1, 1, 0, 0, 0, 0, 0, 5, 6, 4, 1, 1)
1596	(1, 1, 0, 0, 0, 0, 0, 5, 5, 4, 0, 2)
1597	(1, 1, 0, 0, 0, 0, 0, 6, 4, 3, 1, 2)
1598	(1, 1, 0, 0, 0, 0, 0, 6, 3, 3, 2, 2)
1599	(1, 1, 0, 0, 0, 0, 0, 4, 6, 3, 1, 2)
1600	(1, 1, 0, 0, 0, 0, 0, 3, 6, 3, 2, 2)
1601	(0, 0, 0, 1, 0, 5, 2, 1, 1, 3, 0, 0)
1602	(0, 0, 0, 1, 0, 5, 1, 2, 1, 3, 0, 0)
1603	(0, 0, 0, 1, 0, 5, 1, 1, 2, 3, 0, 0)
1604	(0, 0, 0, 1, 0, 6, 1, 1, 1, 2, 1, 0)
1605	(0, 0, 0, 1, 0, 4, 4, 1, 1, 2, 0, 0)
1606	(0, 0, 0, 1, 0, 4, 2, 2, 1, 3, 0, 0)
1607	(0, 0, 0, 1, 0, 4, 2, 1, 2, 3, 0, 0)
1608	(0, 0, 0, 1, 0, 4, 3, 1, 1, 2, 1, 0)
1609	(0, 0, 0, 1, 0, 4, 1, 4, 1, 2, 0, 0)
1610	(0, 0, 0, 1, 0, 4, 1, 2, 2, 3, 0, 0)
1611	(0, 0, 0, 1, 0, 4, 1, 3, 1, 2, 1, 0)
1612	(0, 0, 0, 1, 0, 4, 1, 1, 4, 2, 0, 0)
1613	(0, 0, 0, 1, 0, 4, 1, 1, 3, 2, 1, 0)
1614	(0, 0, 0, 1, 0, 2, 5, 1, 1, 3, 0, 0)
1615	(0, 0, 0, 1, 0, 2, 4, 2, 1, 3, 0, 0)
1616	(0, 0, 0, 1, 0, 2, 4, 1, 2, 3, 0, 0)
1617	(0, 0, 0, 1, 0, 3, 4, 1, 1, 2, 1, 0)
1618	(0, 0, 0, 1, 0, 2, 2, 4, 1, 3, 0, 0)
1619	(0, 0, 0, 1, 0, 2, 2, 2, 2, 4, 0, 0)
1620	(0, 0, 0, 1, 0, 3, 2, 2, 1, 3, 1, 0)
1621	(0, 0, 0, 1, 0, 2, 3, 2, 1, 3, 1, 0)
1622	(0, 0, 0, 1, 0, 2, 2, 3, 1, 3, 1, 0)
1623	(0, 0, 0, 1, 0, 2, 2, 1, 4, 3, 0, 0)
1624	(0, 0, 0, 1, 0, 3, 2, 1, 2, 3, 1, 0)
1625	(0, 0, 0, 1, 0, 2, 3, 1, 2, 3, 1, 0)
1626	(0, 0, 0, 1, 0, 2, 2, 1, 3, 3, 1, 0)
1627	(0, 0, 0, 1, 0, 3, 3, 1, 1, 2, 2, 0)
1628	(0, 0, 0, 1, 0, 2, 1, 5, 1, 3, 0, 0)
1629	(0, 0, 0, 1, 0, 2, 1, 4, 2, 3, 0, 0)
1630	(0, 0, 0, 1, 0, 3, 1, 4, 1, 2, 1, 0)
1631	(0, 0, 0, 1, 0, 2, 1, 2, 4, 3, 0, 0)
1632	(0, 0, 0, 1, 0, 3, 1, 2, 2, 3, 1, 0)
1633	(0, 0, 0, 1, 0, 2, 1, 3, 2, 3, 1, 0)
1634	(0, 0, 0, 1, 0, 2, 1, 2, 3, 3, 1, 0)
1635	(0, 0, 0, 1, 0, 3, 1, 3, 1, 2, 2, 0)
1636	(0, 0, 0, 1, 0, 2, 1, 1, 5, 3, 0, 0)
1637	(0, 0, 0, 1, 0, 3, 1, 1, 4, 2, 1, 0)
1638	(0, 0, 0, 1, 0, 3, 1, 1, 3, 2, 2, 0)
1639	(0, 0, 0, 1, 0, 1, 5, 2, 1, 3, 0, 0)
1640	(0, 0, 0, 1, 0, 1, 5, 1, 2, 3, 0, 0)
1641	(0, 0, 0, 1, 0, 1, 6, 1, 1, 2, 1, 0)
1642	(0, 0, 0, 1, 0, 1, 4, 4, 1, 2, 0, 0)
1643	(0, 0, 0, 1, 0, 1, 4, 2, 2, 3, 0, 0)
1644	(0, 0, 0, 1, 0, 1, 4, 3, 1, 2, 1, 0)
1645	(0, 0, 0, 1, 0, 1, 4, 1, 4, 2, 0, 0)
1646	(0, 0, 0, 1, 0, 1, 4, 1, 3, 2, 1, 0)
1647	(0, 0, 0, 1, 0, 1, 2, 5, 1, 3, 0, 0)
1648	(0, 0, 0, 1, 0, 1, 2, 4, 2, 3, 0, 0)
1649	(0, 0, 0, 1, 0, 1, 3, 4, 1, 2, 1, 0)
1650	(0, 0, 0, 1, 0, 1, 2, 2, 4, 3, 0, 0)
1651	(0, 0, 0, 1, 0, 1, 3, 2, 2, 3, 1, 0)
1652	(0, 0, 0, 1, 0, 1, 2, 3, 2, 3, 1, 0)
1653	(0, 0, 0, 1, 0, 1, 2, 2, 3, 3, 1, 0)
1654	(0, 0, 0, 1, 0, 1, 3, 3, 1, 2, 2, 0)
1655	(0, 0, 0, 1, 0, 1, 2, 1, 5, 3, 0, 0)
1656	(0, 0, 0, 1, 0, 1, 3, 1, 4, 2, 1, 0)
1657	(0, 0, 0, 1, 0, 1, 3, 1, 3, 2, 2, 0)
1658	(0, 0, 0, 1, 0, 1, 1, 5, 2, 3, 0, 0)
1659	(0, 0, 0, 1, 0, 1, 1, 6, 1, 2, 1, 0)
1660	(0, 0, 0, 1, 0, 1, 1, 4, 4, 2, 0, 0)
1661	(0, 0, 0, 1, 0, 1, 1, 4, 3, 2, 1, 0)
1662	(0, 0, 0, 1, 0, 1, 1, 2, 5, 3, 0, 0)
1663	(0, 0, 0, 1, 0, 1, 1, 3, 4, 2, 1, 0)
1664	(0, 0, 0, 1, 0, 1, 1, 3, 3, 2, 2, 0)
1665	(0, 0, 0, 1, 0, 1, 1, 1, 6, 2, 1, 0)
1666	(0, 0, 0, 1, 0, 0, 5, 4, 1, 3, 0, 0)
1667	(0, 0, 0, 1, 0, 0, 5, 2, 2, 4, 0, 0)
1668	(0, 0, 0, 1, 0, 0, 6, 2, 1, 3, 1, 0)
1669	(0, 0, 0, 1, 0, 0, 5, 3, 1, 3, 1, 0)
1670	(0, 0, 0, 1, 0, 0, 5, 1, 4, 3, 0, 0)
1671	(0, 0, 0, 1, 0, 0, 6, 1, 2, 3, 1, 0)
1672	(0, 0, 0, 1, 0, 0, 5, 1, 3, 3, 1, 0)
1673	(0, 0, 0, 1, 0, 0, 4, 5, 1, 3, 0, 0)
1674	(0, 0, 0, 1, 0, 0, 4, 4, 2, 3, 0, 0)
1675	(0, 0, 0, 1, 0, 0, 4, 2, 4, 3, 0, 0)
1676	(0, 0, 0, 1, 0, 0, 4, 3, 2, 3, 1, 0)
1677	(0, 0, 0, 1, 0, 0, 4, 2, 3, 3, 1, 0)
1678	(0, 0, 0, 1, 0, 0, 4, 1, 5, 3, 0, 0)
1679	(0, 0, 0, 1, 0, 0, 2, 5, 2, 4, 0, 0)
1680	(0, 0, 0, 1, 0, 0, 3, 5, 1, 3, 1, 0)
1681	(0, 0, 0, 1, 0, 0, 2, 6, 1, 3, 1, 0)
1682	(0, 0, 0, 1, 0, 0, 2, 4, 4, 3, 0, 0)
1683	(0, 0, 0, 1, 0, 0, 3, 4, 2, 3, 1, 0)
1684	(0, 0, 0, 1, 0, 0, 2, 4, 3, 3, 1, 0)
1685	(0, 0, 0, 1, 0, 0, 2, 2, 5, 4, 0, 0)
1686	(0, 0, 0, 1, 0, 0, 3, 2, 4, 3, 1, 0)
1687	(0, 0, 0, 1, 0, 0, 2, 3, 4, 3, 1, 0)
1688	(0, 0, 0, 1, 0, 0, 3, 3, 2, 3, 2, 0)
1689	(0, 0, 0, 1, 0, 0, 3, 2, 3, 3, 2, 0)
1690	(0, 0, 0, 1, 0, 0, 2, 3, 3, 3, 2, 0)
1691	(0, 0, 0, 1, 0, 0, 3, 1, 5, 3, 1, 0)
1692	(0, 0, 0, 1, 0, 0, 2, 1, 6, 3, 1, 0)
1693	(0, 0, 0, 1, 0, 0, 1, 5, 4, 3, 0, 0)
1694	(0, 0, 0, 1, 0, 0, 1, 6, 2, 3, 1, 0)
1695	(0, 0, 0, 1, 0, 0, 1, 5, 3, 3, 1, 0)
1696	(0, 0, 0, 1, 0, 0, 1, 4, 5, 3, 0, 0)
1697	(0, 0, 0, 1, 0, 0, 1, 3, 5, 3, 1, 0)
1698	(0, 0, 0, 1, 0, 0, 1, 2, 6, 3, 1, 0)
1699	(0, 0, 0, 1, 0, 5, 4, 0, 1, 3, 0, 0)
1700	(0, 0, 0, 1, 0, 5, 2, 0, 2, 4, 0, 0)
1701	(0, 0, 0, 1, 0, 6, 2, 0, 1, 3, 1, 0)
1702	(0, 0, 0, 1, 0, 5, 3, 0, 1, 3, 1, 0)
1703	(0, 0, 0, 1, 0, 5, 1, 0, 4, 3, 0, 0)
1704	(0, 0, 0, 1, 0, 6, 1, 0, 2, 3, 1, 0)
1705	(0, 0, 0, 1, 0, 5, 1, 0, 3, 3, 1, 0)
1706	(0, 0, 0, 1, 0, 4, 5, 0, 1, 3, 0, 0)
1707	(0, 0, 0, 1, 0, 4, 4, 0, 2, 3, 0, 0)
1708	(0, 0, 0, 1, 0, 4, 2, 0, 4, 3, 0, 0)
1709	(0, 0, 0, 1, 0, 4, 3, 0, 2, 3, 1, 0)
1710	(0, 0, 0, 1, 0, 4, 2, 0, 3, 3, 1, 0)
1711	(0, 0, 0, 1, 0, 4, 1, 0, 5, 3, 0, 0)
1712	(0, 0, 0, 1, 0, 2, 5, 0, 2, 4, 0, 0)
1713	(0, 0, 0, 1, 0, 3, 5, 0, 1, 3, 1, 0)
1714	(0, 0, 0, 1, 0, 2, 6, 0, 1, 3, 1, 0)
1715	(0, 0, 0, 1, 0, 2, 4, 0, 4, 3, 0, 0)
1716	(0, 0, 0, 1, 0, 3, 4, 0, 2, 3, 1, 0)
1717	(0, 0, 0, 1, 0, 2, 4, 0, 3, 3, 1, 0)
1718	(0, 0, 0, 1, 0, 2, 2, 0, 5, 4, 0, 0)
1719	(0, 0, 0, 1, 0, 3, 2, 0, 4, 3, 1, 0)
1720	(0, 0, 0, 1, 0, 2, 3, 0, 4, 3, 1, 0)
1721	(0, 0, 0, 1, 0, 3, 3, 0, 2, 3, 2, 0)
1722	(0, 0, 0, 1, 0, 3, 2, 0, 3, 3, 2, 0)
1723	(0, 0, 0, 1, 0, 2, 3, 0, 3, 3, 2, 0)
1724	(0, 0, 0, 1, 0, 3, 1, 0, 5, 3, 1, 0)
1725	(0, 0, 0, 1, 0, 2, 1, 0, 6, 3, 1, 0)
1726	(0, 0, 0, 1, 0, 1, 5, 0, 4, 3, 0, 0)
1727	(0, 0, 0, 1, 0, 1, 6, 0, 2, 3, 1, 0)
1728	(0, 0, 0, 1, 0, 1, 5, 0, 3, 3, 1, 0)
1729	(0, 0, 0, 1, 0, 1, 4, 0, 5, 3, 0, 0)
1730	(0, 0, 0, 1, 0, 1, 3, 0, 5, 3, 1, 0)
1731	(0, 0, 0, 1, 0, 1, 2, 0, 6, 3, 1, 0)
1732	(0, 0, 0, 1, 0, 0, 5, 0, 5, 4, 0, 0)
1733	(0, 0, 0, 1, 0, 0, 6, 0, 4, 3, 1, 0)
1734	(0, 0, 0, 1, 0, 0, 6, 0, 3, 3, 2, 0)
1735	(0, 0, 0, 1, 0, 0, 4, 0, 6, 3, 1, 0)
1736	(0, 0, 0, 1, 0, 0, 3, 0, 6, 3, 2, 0)
1737	(0, 0, 0, 1, 0, 0, 0, 5, 5, 4, 0, 0)
1738	(0, 0, 0, 1, 0, 0, 0, 6, 4, 3, 1, 0)
1739	(0, 0, 0, 1, 0, 0, 0, 6, 3, 3, 2, 0)
1740	(0, 0, 0, 1, 0, 0, 0, 4, 6, 3, 1, 0)
1741	(0, 0, 0, 1, 0, 0, 0, 3, 6, 3, 2, 0)
1742	(0, 0, 0, 0, 0, 5, 4, 1, 1, 3, 0, 0)
1743	(0, 0, 0, 0, 0, 5, 2, 2, 1, 4, 0, 0)
1744	(0, 0, 0, 0, 0, 5, 2, 1, 2, 4, 0, 0)
1745	(0, 0, 0, 0, 0, 6, 2, 1, 1, 3, 1, 0)
1746	(0, 0, 0, 0, 0, 5, 3, 1, 1, 3, 1, 0)
1747	(0, 0, 0, 0, 0, 5, 1, 4, 1, 3, 0, 0)
1748	(0, 0, 0, 0, 0, 5, 1, 2, 2, 4, 0, 0)
1749	(0, 0, 0, 0, 0, 6, 1, 2, 1, 3, 1, 0)
1750	(0, 0, 0, 0, 0, 5, 1, 3, 1, 3, 1, 0)
1751	(0, 0, 0, 0, 0, 5, 1, 1, 4, 3, 0, 0)
1752	(0, 0, 0, 0, 0, 6, 1, 1, 2, 3, 1, 0)
1753	(0, 0, 0, 0, 0, 5, 1, 1, 3, 3, 1, 0)
1754	(0, 0, 0, 0, 0, 4, 5, 1, 1, 3, 0, 0)
1755	(0, 0, 0, 0, 0, 4, 4, 2, 1, 3, 0, 0)
1756	(0, 0, 0, 0, 0, 4, 4, 1, 2, 3, 0, 0)
1757	(0, 0, 0, 0, 0, 4, 2, 4, 1, 3, 0, 0)
1758	(0, 0, 0, 0, 0, 4, 2, 2, 2, 4, 0, 0)
1759	(0, 0, 0, 0, 0, 4, 3, 2, 1, 3, 1, 0)
1760	(0, 0, 0, 0, 0, 4, 2, 3, 1, 3, 1, 0)
1761	(0, 0, 0, 0, 0, 4, 2, 1, 4, 3, 0, 0)
1762	(0, 0, 0, 0, 0, 4, 3, 1, 2, 3, 1, 0)
1763	(0, 0, 0, 0, 0, 4, 2, 1, 3, 3, 1, 0)
1764	(0, 0, 0, 0, 0, 4, 1, 5, 1, 3, 0, 0)
1765	(0, 0, 0, 0, 0, 4, 1, 4, 2, 3, 0, 0)
1766	(0, 0, 0, 0, 0, 4, 1, 2, 4, 3, 0, 0)
1767	(0, 0, 0, 0, 0, 4, 1, 3, 2, 3, 1, 0)
1768	(0, 0, 0, 0, 0, 4, 1, 2, 3, 3, 1, 0)
1769	(0, 0, 0, 0, 0, 4, 1, 1, 5, 3, 0, 0)
1770	(0, 0, 0, 0, 0, 2, 5, 2, 1, 4, 0, 0)
1771	(0, 0, 0, 0, 0, 2, 5, 1, 2, 4, 0, 0)
1772	(0, 0, 0, 0, 0, 3, 5, 1, 1, 3, 1, 0)
1773	(0, 0, 0, 0, 0, 2, 6, 1, 1, 3, 1, 0)
1774	(0, 0, 0, 0, 0, 2, 4, 4, 1, 3, 0, 0)
1775	(0, 0, 0, 0, 0, 2, 4, 2, 2, 4, 0, 0)
1776	(0, 0, 0, 0, 0, 3, 4, 2, 1, 3, 1, 0)
1777	(0, 0, 0, 0, 0, 2, 4, 3, 1, 3, 1, 0)
1778	(0, 0, 0, 0, 0, 2, 4, 1, 4, 3, 0, 0)
1779	(0, 0, 0, 0, 0, 3, 4, 1, 2, 3, 1, 0)
1780	(0, 0, 0, 0, 0, 2, 4, 1, 3, 3, 1, 0)
1781	(0, 0, 0, 0, 0, 2, 2, 5, 1, 4, 0, 0)
1782	(0, 0, 0, 0, 0, 2, 2, 4, 2, 4, 0, 0)
1783	(0, 0, 0, 0, 0, 3, 2, 4, 1, 3, 1, 0)
1784	(0, 0, 0, 0, 0, 2, 3, 4, 1, 3, 1, 0)
1785	(0, 0, 0, 0, 0, 2, 2, 2, 4, 4, 0, 0)
1786	(0, 0, 0, 0, 0, 3, 2, 2, 2, 4, 1, 0)
1787	(0, 0, 0, 0, 0, 2, 3, 2, 2, 4, 1, 0)
1788	(0, 0, 0, 0, 0, 2, 2, 3, 2, 4, 1, 0)
1789	(0, 0, 0, 0, 0, 2, 2, 2, 3, 4, 1, 0)
1790	(0, 0, 0, 0, 0, 3, 3, 2, 1, 3, 2, 0)
1791	(0, 0, 0, 0, 0, 3, 2, 3, 1, 3, 2, 0)
1792	(0, 0, 0, 0, 0, 2, 3, 3, 1, 3, 2, 0)
1793	(0, 0, 0, 0, 0, 2, 2, 1, 5, 4, 0, 0)
1794	(0, 0, 0, 0, 0, 3, 2, 1, 4, 3, 1, 0)
1795	(0, 0, 0, 0, 0, 2, 3, 1, 4, 3, 1, 0)
1796	(0, 0, 0, 0, 0, 3, 3, 1, 2, 3, 2, 0)
1797	(0, 0, 0, 0, 0, 3, 2, 1, 3, 3, 2, 0)
1798	(0, 0, 0, 0, 0, 2, 3, 1, 3, 3, 2, 0)
1799	(0, 0, 0, 0, 0, 2, 1, 5, 2, 4, 0, 0)
1800	(0, 0, 0, 0, 0, 3, 1, 5, 1, 3, 1, 0)
1801	(0, 0, 0, 0, 0, 2, 1, 6, 1, 3, 1, 0)
1802	(0, 0, 0, 0, 0, 2, 1, 4, 4, 3, 0, 0)
1803	(0, 0, 0, 0, 0, 3, 1, 4, 2, 3, 1, 0)
1804	(0, 0, 0, 0, 0, 2, 1, 4, 3, 3, 1, 0)
1805	(0, 0, 0, 0, 0, 2, 1, 2, 5, 4, 0, 0)
1806	(0, 0, 0, 0, 0, 3, 1, 2, 4, 3, 1, 0)
1807	(0, 0, 0, 0, 0, 2, 1, 3, 4, 3, 1, 0)
1808	(0, 0, 0, 0, 0, 3, 1, 3, 2, 3, 2, 0)
1809	(0, 0, 0, 0, 0, 3, 1, 2, 3, 3, 2, 0)
1810	(0, 0, 0, 0, 0, 2, 1, 3, 3, 3, 2, 0)
1811	(0, 0, 0, 0, 0, 3, 1, 1, 5, 3, 1, 0)
1812	(0, 0, 0, 0, 0, 2, 1, 1, 6, 3, 1, 0)
1813	(0, 0, 0, 0, 0, 1, 5, 4, 1, 3, 0, 0)
1814	(0, 0, 0, 0, 0, 1, 5, 2, 2, 4, 0, 0)
1815	(0, 0, 0, 0, 0, 1, 6, 2, 1, 3, 1, 0)
1816	(0, 0, 0, 0, 0, 1, 5, 3, 1, 3, 1, 0)
1817	(0, 0, 0, 0, 0, 1, 5, 1, 4, 3, 0, 0)
1818	(0, 0, 0, 0, 0, 1, 6, 1, 2, 3, 1, 0)
1819	(0, 0, 0, 0, 0, 1, 5, 1, 3, 3, 1, 0)
1820	(0, 0, 0, 0, 0, 1, 4, 5, 1, 3, 0, 0)
1821	(0, 0, 0, 0, 0, 1, 4, 4, 2, 3, 0, 0)
1822	(0, 0, 0, 0, 0, 1, 4, 2, 4, 3, 0, 0)
1823	(0, 0, 0, 0, 0, 1, 4, 3, 2, 3, 1, 0)
1824	(0, 0, 0, 0, 0, 1, 4, 2, 3, 3, 1, 0)
1825	(0, 0, 0, 0, 0, 1, 4, 1, 5, 3, 0, 0)
1826	(0, 0, 0, 0, 0, 1, 2, 5, 2, 4, 0, 0)
1827	(0, 0, 0, 0, 0, 1, 3, 5, 1, 3, 1, 0)
1828	(0, 0, 0, 0, 0, 1, 2, 6, 1, 3, 1, 0)
1829	(0, 0, 0, 0, 0, 1, 2, 4, 4, 3, 0, 0)
1830	(0, 0, 0, 0, 0, 1, 3, 4, 2, 3, 1, 0)
1831	(0, 0, 0, 0, 0, 1, 2, 4, 3, 3, 1, 0)
1832	(0, 0, 0, 0, 0, 1, 2, 2, 5, 4, 0, 0)
1833	(0, 0, 0, 0, 0, 1, 3, 2, 4, 3, 1, 0)
1834	(0, 0, 0, 0, 0, 1, 2, 3, 4, 3, 1, 0)
1835	(0, 0, 0, 0, 0, 1, 3, 3, 2, 3, 2, 0)
1836	(0, 0, 0, 0, 0, 1, 3, 2, 3, 3, 2, 0)
1837	(0, 0, 0, 0, 0, 1, 2, 3, 3, 3, 2, 0)
1838	(0, 0, 0, 0, 0, 1, 3, 1, 5, 3, 1, 0)
1839	(0, 0, 0, 0, 0, 1, 2, 1, 6, 3, 1, 0)
1840	(0, 0, 0, 0, 0, 1, 1, 5, 4, 3, 0, 0)
1841	(0, 0, 0, 0, 0, 1, 1, 6, 2, 3, 1, 0)
1842	(0, 0, 0, 0, 0, 1, 1, 5, 3, 3, 1, 0)
1843	(0, 0, 0, 0, 0, 1, 1, 4, 5, 3, 0, 0)
1844	(0, 0, 0, 0, 0, 1, 1, 3, 5, 3, 1, 0)
1845	(0, 0, 0, 0, 0, 1, 1, 2, 6, 3, 1, 0)
1846	(0, 0, 0, 0, 0, 0, 5, 5, 1, 4, 0, 0)
1847	(0, 0, 0, 0, 0, 0, 5, 4, 2, 4, 0, 0)
1848	(0, 0, 0, 0, 0, 0, 6, 4, 1, 3, 1, 0)
1849	(0, 0, 0, 0, 0, 0, 5, 2, 4, 4, 0, 0)
1850	(0, 0, 0, 0, 0, 0, 6, 2, 2, 4, 1, 0)
1851	(0, 0, 0, 0, 0, 0, 5, 3, 2, 4, 1, 0)
1852	(0, 0, 0, 0, 0, 0, 5, 2, 3, 4, 1, 0)
1853	(0, 0, 0, 0, 0, 0, 6, 3, 1, 3, 2, 0)
1854	(0, 0, 0, 0, 0, 0, 5, 1, 5, 4, 0, 0)
1855	(0, 0, 0, 0, 0, 0, 6, 1, 4, 3, 1, 0)
1856	(0, 0, 0, 0, 0, 0, 6, 1, 3, 3, 2, 0)
1857	(0, 0, 0, 0, 0, 0, 4, 5, 2, 4, 0, 0)
1858	(0, 0, 0, 0, 0, 0, 4, 6, 1, 3, 1, 0)
1859	(0, 0, 0, 0, 0, 0, 4, 4, 4, 3, 0, 0)
1860	(0, 0, 0, 0, 0, 0, 4, 4, 3, 3, 1, 0)
1861	(0, 0, 0, 0, 0, 0, 4, 2, 5, 4, 0, 0)
1862	(0, 0, 0, 0, 0, 0, 4, 3, 4, 3, 1, 0)
1863	(0, 0, 0, 0, 0, 0, 4, 3, 3, 3, 2, 0)
1864	(0, 0, 0, 0, 0, 0, 4, 1, 6, 3, 1, 0)
1865	(0, 0, 0, 0, 0, 0, 2, 5, 4, 4, 0, 0)
1866	(0, 0, 0, 0, 0, 0, 3, 5, 2, 4, 1, 0)
1867	(0, 0, 0, 0, 0, 0, 2, 6, 2, 4, 1, 0)
1868	(0, 0, 0, 0, 0, 0, 2, 5, 3, 4, 1, 0)
1869	(0, 0, 0, 0, 0, 0, 3, 6, 1, 3, 2, 0)
1870	(0, 0, 0, 0, 0, 0, 2, 4, 5, 4, 0, 0)
1871	(0, 0, 0, 0, 0, 0, 3, 4, 4, 3, 1, 0)
1872	(0, 0, 0, 0, 0, 0, 3, 4, 3, 3, 2, 0)
1873	(0, 0, 0, 0, 0, 0, 3, 2, 5, 4, 1, 0)
1874	(0, 0, 0, 0, 0, 0, 2, 3, 5, 4, 1, 0)
1875	(0, 0, 0, 0, 0, 0, 2, 2, 6, 4, 1, 0)
1876	(0, 0, 0, 0, 0, 0, 3, 3, 4, 3, 2, 0)
1877	(0, 0, 0, 0, 0, 0, 3, 3, 3, 3, 3, 0)
1878	(0, 0, 0, 0, 0, 0, 3, 1, 6, 3, 2, 0)
1879	(0, 0, 0, 0, 0, 0, 1, 5, 5, 4, 0, 0)
1880	(0, 0, 0, 0, 0, 0, 1, 6, 4, 3, 1, 0)
1881	(0, 0, 0, 0, 0, 0, 1, 6, 3, 3, 2, 0)
1882	(0, 0, 0, 0, 0, 0, 1, 4, 6, 3, 1, 0)
1883	(0, 0, 0, 0, 0, 0, 1, 3, 6, 3, 2, 0)
1884	(0, 0, 0, 0, 0, 5, 5, 0, 1, 4, 0, 0)
1885	(0, 0, 0, 0, 0, 5, 4, 0, 2, 4, 0, 0)
1886	(0, 0, 0, 0, 0, 6, 4, 0, 1, 3, 1, 0)
1887	(0, 0, 0, 0, 0, 5, 2, 0, 4, 4, 0, 0)
1888	(0, 0, 0, 0, 0, 6, 2, 0, 2, 4, 1, 0)
1889	(0, 0, 0, 0, 0, 5, 3, 0, 2, 4, 1, 0)
1890	(0, 0, 0, 0, 0, 5, 2, 0, 3, 4, 1, 0)
1891	(0, 0, 0, 0, 0, 6, 3, 0, 1, 3, 2, 0)
1892	(0, 0, 0, 0, 0, 5, 1, 0, 5, 4, 0, 0)
1893	(0, 0, 0, 0, 0, 6, 1, 0, 4, 3, 1, 0)
1894	(0, 0, 0, 0, 0, 6, 1, 0, 3, 3, 2, 0)
1895	(0, 0, 0, 0, 0, 4, 5, 0, 2, 4, 0, 0)
1896	(0, 0, 0, 0, 0, 4, 6, 0, 1, 3, 1, 0)
1897	(0, 0, 0, 0, 0, 4, 4, 0, 4, 3, 0, 0)
1898	(0, 0, 0, 0, 0, 4, 4, 0, 3, 3, 1, 0)
1899	(0, 0, 0, 0, 0, 4, 2, 0, 5, 4, 0, 0)
1900	(0, 0, 0, 0, 0, 4, 3, 0, 4, 3, 1, 0)
1901	(0, 0, 0, 0, 0, 4, 3, 0, 3, 3, 2, 0)
1902	(0, 0, 0, 0, 0, 4, 1, 0, 6, 3, 1, 0)
1903	(0, 0, 0, 0, 0, 2, 5, 0, 4, 4, 0, 0)
1904	(0, 0, 0, 0, 0, 3, 5, 0, 2, 4, 1, 0)
1905	(0, 0, 0, 0, 0, 2, 6, 0, 2, 4, 1, 0)
1906	(0, 0, 0, 0, 0, 2, 5, 0, 3, 4, 1, 0)
1907	(0, 0, 0, 0, 0, 3, 6, 0, 1, 3, 2, 0)
1908	(0, 0, 0, 0, 0, 2, 4, 0, 5, 4, 0, 0)
1909	(0, 0, 0, 0, 0, 3, 4, 0, 4, 3, 1, 0)
1910	(0, 0, 0, 0, 0, 3, 4, 0, 3, 3, 2, 0)
1911	(0, 0, 0, 0, 0, 3, 2, 0, 5, 4, 1, 0)
1912	(0, 0, 0, 0, 0, 2, 3, 0, 5, 4, 1, 0)
1913	(0, 0, 0, 0, 0, 2, 2, 0, 6, 4, 1, 0)
1914	(0, 0, 0, 0, 0, 3, 3, 0, 4, 3, 2, 0)
1915	(0, 0, 0, 0, 0, 3, 3, 0, 3, 3, 3, 0)
1916	(0, 0, 0, 0, 0, 3, 1, 0, 6, 3, 2, 0)
1917	(0, 0, 0, 0, 0, 1, 5, 0, 5, 4, 0, 0)
1918	(0, 0, 0, 0, 0, 1, 6, 0, 4, 3, 1, 0)
1919	(0, 0, 0, 0, 0, 1, 6, 0, 3, 3, 2, 0)
1920	(0, 0, 0, 0, 0, 1, 4, 0, 6, 3, 1, 0)
1921	(0, 0, 0, 0, 0, 1, 3, 0, 6, 3, 2, 0)
1922	(0, 0, 0, 0, 0, 0, 6, 0, 5, 4, 1, 0)
1923	(0, 0, 0, 0, 0, 0, 5, 0, 6, 4, 1, 0)
1924	(0, 0, 0, 0, 0, 0, 0, 6, 5, 4, 1, 0)
1925	(0, 0, 0, 0, 0, 0, 0, 5, 6, 4, 1, 0)
1926	(1, 0, 0, 1, 0, 0, 0, 6, 5, 4, 1, 0)
1927	(1, 0, 0, 1, 0, 0, 0, 5, 6, 4, 1, 0)
1928	(1, 0, 0, 0, 0, 0, 0, 6, 6, 4, 2, 0)
1929	(1, 1, 0, 1, 0, 0, 0, 6, 6, 4, 2, 0)
1930	(0, 0, 0, 1, 0, 5, 1, 1, 1, 2, 0, 1)
1931	(0, 0, 0, 1, 0, 4, 2, 1, 1, 2, 0, 1)
1932	(0, 0, 0, 1, 0, 4, 1, 2, 1, 2, 0, 1)
1933	(0, 0, 0, 1, 0, 4, 1, 1, 2, 2, 0, 1)
1934	(0, 0, 0, 1, 0, 4, 1, 1, 1, 1, 0, 2)
1935	(0, 0, 0, 1, 0, 2, 4, 1, 1, 2, 0, 1)
1936	(0, 0, 0, 1, 0, 2, 2, 2, 1, 3, 0, 1)
1937	(0, 0, 0, 1, 0, 2, 2, 1, 2, 3, 0, 1)
1938	(0, 0, 0, 1, 0, 3, 2, 1, 1, 2, 1, 1)
1939	(0, 0, 0, 1, 0, 2, 3, 1, 1, 2, 1, 1)
1940	(0, 0, 0, 1, 0, 2, 2, 1, 1, 2, 0, 2)
1941	(0, 0, 0, 1, 0, 2, 1, 4, 1, 2, 0, 1)
1942	(0, 0, 0, 1, 0, 2, 1, 2, 2, 3, 0, 1)
1943	(0, 0, 0, 1, 0, 3, 1, 2, 1, 2, 1, 1)
1944	(0, 0, 0, 1, 0, 2, 1, 3, 1, 2, 1, 1)
1945	(0, 0, 0, 1, 0, 2, 1, 2, 1, 2, 0, 2)
1946	(0, 0, 0, 1, 0, 2, 1, 1, 4, 2, 0, 1)
1947	(0, 0, 0, 1, 0, 3, 1, 1, 2, 2, 1, 1)
1948	(0, 0, 0, 1, 0, 2, 1, 1, 3, 2, 1, 1)
1949	(0, 0, 0, 1, 0, 2, 1, 1, 2, 2, 0, 2)
1950	(0, 0, 0, 1, 0, 3, 1, 1, 1, 1, 1, 2)
1951	(0, 0, 0, 1, 0, 1, 5, 1, 1, 2, 0, 1)
1952	(0, 0, 0, 1, 0, 1, 4, 2, 1, 2, 0, 1)
1953	(0, 0, 0, 1, 0, 1, 4, 1, 2, 2, 0, 1)
1954	(0, 0, 0, 1, 0, 1, 4, 1, 1, 1, 0, 2)
1955	(0, 0, 0, 1, 0, 1, 2, 4, 1, 2, 0, 1)
1956	(0, 0, 0, 1, 0, 1, 2, 2, 2, 3, 0, 1)
1957	(0, 0, 0, 1, 0, 1, 3, 2, 1, 2, 1, 1)
1958	(0, 0, 0, 1, 0, 1, 2, 3, 1, 2, 1, 1)
1959	(0, 0, 0, 1, 0, 1, 2, 2, 1, 2, 0, 2)
1960	(0, 0, 0, 1, 0, 1, 2, 1, 4, 2, 0, 1)
1961	(0, 0, 0, 1, 0, 1, 3, 1, 2, 2, 1, 1)
1962	(0, 0, 0, 1, 0, 1, 2, 1, 3, 2, 1, 1)
1963	(0, 0, 0, 1, 0, 1, 2, 1, 2, 2, 0, 2)
1964	(0, 0, 0, 1, 0, 1, 3, 1, 1, 1, 1, 2)
1965	(0, 0, 0, 1, 0, 1, 1, 5, 1, 2, 0, 1)
1966	(0, 0, 0, 1, 0, 1, 1, 4, 2, 2, 0, 1)
1967	(0, 0, 0, 1, 0, 1, 1, 4, 1, 1, 0, 2)
1968	(0, 0, 0, 1, 0, 1, 1, 2, 4, 2, 0, 1)
1969	(0, 0, 0, 1, 0, 1, 1, 3, 2, 2, 1, 1)
1970	(0, 0, 0, 1, 0, 1, 1, 2, 3, 2, 1, 1)
1971	(0, 0, 0, 1, 0, 1, 1, 2, 2, 2, 0, 2)
1972	(0, 0, 0, 1, 0, 1, 1, 3, 1, 1, 1, 2)
1973	(0, 0, 0, 1, 0, 1, 1, 1, 5, 2, 0, 1)
1974	(0, 0, 0, 1, 0, 1, 1, 1, 4, 1, 0, 2)
1975	(0, 0, 0, 1, 0, 1, 1, 1, 3, 1, 1, 2)
1976	(0, 0, 0, 1, 0, 0, 5, 2, 1, 3, 0, 1)
1977	(0, 0, 0, 1, 0, 0, 5, 1, 2, 3, 0, 1)
1978	(0, 0, 0, 1, 0, 0, 6, 1, 1, 2, 1, 1)
1979	(0, 0, 0, 1, 0, 0, 5, 1, 1, 2, 0, 2)
1980	(0, 0, 0, 1, 0, 0, 4, 4, 1, 2, 0, 1)
1981	(0, 0, 0, 1, 0, 0, 4, 2, 2, 3, 0, 1)
1982	(0, 0, 0, 1, 0, 0, 4, 3, 1, 2, 1, 1)
1983	(0, 0, 0, 1, 0, 0, 4, 2, 1, 2, 0, 2)
1984	(0, 0, 0, 1, 0, 0, 4, 1, 4, 2, 0, 1)
1985	(0, 0, 0, 1, 0, 0, 4, 1, 3, 2, 1, 1)
1986	(0, 0, 0, 1, 0, 0, 4, 1, 2, 2, 0, 2)
1987	(0, 0, 0, 1, 0, 0, 2, 5, 1, 3, 0, 1)
1988	(0, 0, 0, 1, 0, 0, 2, 4, 2, 3, 0, 1)
1989	(0, 0, 0, 1, 0, 0, 3, 4, 1, 2, 1, 1)
1990	(0, 0, 0, 1, 0, 0, 2, 4, 1, 2, 0, 2)
1991	(0, 0, 0, 1, 0, 0, 2, 2, 4, 3, 0, 1)
1992	(0, 0, 0, 1, 0, 0, 3, 2, 2, 3, 1, 1)
1993	(0, 0, 0, 1, 0, 0, 2, 3, 2, 3, 1, 1)
1994	(0, 0, 0, 1, 0, 0, 2, 2, 3, 3, 1, 1)
1995	(0, 0, 0, 1, 0, 0, 2, 2, 2, 3, 0, 2)
1996	(0, 0, 0, 1, 0, 0, 3, 3, 1, 2, 2, 1)
1997	(0, 0, 0, 1, 0, 0, 3, 2, 1, 2, 1, 2)
1998	(0, 0, 0, 1, 0, 0, 2, 3, 1, 2, 1, 2)
1999	(0, 0, 0, 1, 0, 0, 2, 1, 5, 3, 0, 1)
2000	(0, 0, 0, 1, 0, 0, 3, 1, 4, 2, 1, 1)
2001	(0, 0, 0, 1, 0, 0, 2, 1, 4, 2, 0, 2)
2002	(0, 0, 0, 1, 0, 0, 3, 1, 3, 2, 2, 1)
2003	(0, 0, 0, 1, 0, 0, 3, 1, 2, 2, 1, 2)
2004	(0, 0, 0, 1, 0, 0, 2, 1, 3, 2, 1, 2)
2005	(0, 0, 0, 1, 0, 0, 1, 5, 2, 3, 0, 1)
2006	(0, 0, 0, 1, 0, 0, 1, 6, 1, 2, 1, 1)
2007	(0, 0, 0, 1, 0, 0, 1, 5, 1, 2, 0, 2)
2008	(0, 0, 0, 1, 0, 0, 1, 4, 4, 2, 0, 1)
2009	(0, 0, 0, 1, 0, 0, 1, 4, 3, 2, 1, 1)
2010	(0, 0, 0, 1, 0, 0, 1, 4, 2, 2, 0, 2)
2011	(0, 0, 0, 1, 0, 0, 1, 2, 5, 3, 0, 1)
2012	(0, 0, 0, 1, 0, 0, 1, 3, 4, 2, 1, 1)
2013	(0, 0, 0, 1, 0, 0, 1, 2, 4, 2, 0, 2)
2014	(0, 0, 0, 1, 0, 0, 1, 3, 3, 2, 2, 1)
2015	(0, 0, 0, 1, 0, 0, 1, 3, 2, 2, 1, 2)
2016	(0, 0, 0, 1, 0, 0, 1, 2, 3, 2, 1, 2)
2017	(0, 0, 0, 1, 0, 0, 1, 1, 6, 2, 1, 1)
2018	(0, 0, 0, 1, 0, 0, 1, 1, 5, 2, 0, 2)
2019	(0, 0, 0, 1, 0, 5, 2, 0, 1, 3, 0, 1)
2020	(0, 0, 0, 1, 0, 5, 1, 0, 2, 3, 0, 1)
2021	(0, 0, 0, 1, 0, 6, 1, 0, 1, 2, 1, 1)
2022	(0, 0, 0, 1, 0, 5, 1, 0, 1, 2, 0, 2)
2023	(0, 0, 0, 1, 0, 4, 4, 0, 1, 2, 0, 1)
2024	(0, 0, 0, 1, 0, 4, 2, 0, 2, 3, 0, 1)
2025	(0, 0, 0, 1, 0, 4, 3, 0, 1, 2, 1, 1)
2026	(0, 0, 0, 1, 0, 4, 2, 0, 1, 2, 0, 2)
2027	(0, 0, 0, 1, 0, 4, 1, 0, 4, 2, 0, 1)
2028	(0, 0, 0, 1, 0, 4, 1, 0, 3, 2, 1, 1)
2029	(0, 0, 0, 1, 0, 4, 1, 0, 2, 2, 0, 2)
2030	(0, 0, 0, 1, 0, 2, 5, 0, 1, 3, 0, 1)
2031	(0, 0, 0, 1, 0, 2, 4, 0, 2, 3, 0, 1)
2032	(0, 0, 0, 1, 0, 3, 4, 0, 1, 2, 1, 1)
2033	(0, 0, 0, 1, 0, 2, 4, 0, 1, 2, 0, 2)
2034	(0, 0, 0, 1, 0, 2, 2, 0, 4, 3, 0, 1)
2035	(0, 0, 0, 1, 0, 3, 2, 0, 2, 3, 1, 1)
2036	(0, 0, 0, 1, 0, 2, 3, 0, 2, 3, 1, 1)
2037	(0, 0, 0, 1, 0, 2, 2, 0, 3, 3, 1, 1)
2038	(0, 0, 0, 1, 0, 2, 2, 0, 2, 3, 0, 2)
2039	(0, 0, 0, 1, 0, 3, 3, 0, 1, 2, 2, 1)
2040	(0, 0, 0, 1, 0, 3, 2, 0, 1, 2, 1, 2)
2041	(0, 0, 0, 1, 0, 2, 3, 0, 1, 2, 1, 2)
2042	(0, 0, 0, 1, 0, 2, 1, 0, 5, 3, 0, 1)
2043	(0, 0, 0, 1, 0, 3, 1, 0, 4, 2, 1, 1)
2044	(0, 0, 0, 1, 0, 2, 1, 0, 4, 2, 0, 2)
2045	(0, 0, 0, 1, 0, 3, 1, 0, 3, 2, 2, 1)
2046	(0, 0, 0, 1, 0, 3, 1, 0, 2, 2, 1, 2)
2047	(0, 0, 0, 1, 0, 2, 1, 0, 3, 2, 1, 2)
2048	(0, 0, 0, 1, 0, 1, 5, 0, 2, 3, 0, 1)
2049	(0, 0, 0, 1, 0, 1, 6, 0, 1, 2, 1, 1)
2050	(0, 0, 0, 1, 0, 1, 5, 0, 1, 2, 0, 2)
2051	(0, 0, 0, 1, 0, 1, 4, 0, 4, 2, 0, 1)
2052	(0, 0, 0, 1, 0, 1, 4, 0, 3, 2, 1, 1)
2053	(0, 0, 0, 1, 0, 1, 4, 0, 2, 2, 0, 2)
2054	(0, 0, 0, 1, 0, 1, 2, 0, 5, 3, 0, 1)
2055	(0, 0, 0, 1, 0, 1, 3, 0, 4, 2, 1, 1)
2056	(0, 0, 0, 1, 0, 1, 2, 0, 4, 2, 0, 2)
2057	(0, 0, 0, 1, 0, 1, 3, 0, 3, 2, 2, 1)
2058	(0, 0, 0, 1, 0, 1, 3, 0, 2, 2, 1, 2)
2059	(0, 0, 0, 1, 0, 1, 2, 0, 3, 2, 1, 2)
2060	(0, 0, 0, 1, 0, 1, 1, 0, 6, 2, 1, 1)
2061	(0, 0, 0, 1, 0, 1, 1, 0, 5, 2, 0, 2)
2062	(0, 0, 0, 1, 0, 0, 5, 0, 4, 3, 0, 1)
2063	(0, 0, 0, 1, 0, 0, 6, 0, 2, 3, 1, 1)
2064	(0, 0, 0, 1, 0, 0, 5, 0, 3, 3, 1, 1)
2065	(0, 0, 0, 1, 0, 0, 5, 0, 2, 3, 0, 2)
2066	(0, 0, 0, 1, 0, 0, 6, 0, 1, 2, 1, 2)
2067	(0, 0, 0, 1, 0, 0, 4, 0, 5, 3, 0, 1)
2068	(0, 0, 0, 1, 0, 0, 4, 0, 4, 2, 0, 2)
2069	(0, 0, 0, 1, 0, 0, 4, 0, 3, 2, 1, 2)
2070	(0, 0, 0, 1, 0, 0, 3, 0, 5, 3, 1, 1)
2071	(0, 0, 0, 1, 0, 0, 2, 0, 6, 3, 1, 1)
2072	(0, 0, 0, 1, 0, 0, 2, 0, 5, 3, 0, 2)
2073	(0, 0, 0, 1, 0, 0, 3, 0, 4, 2, 1, 2)
2074	(0, 0, 0, 1, 0, 0, 3, 0, 3, 2, 2, 2)
2075	(0, 0, 0, 1, 0, 0, 1, 0, 6, 2, 1, 2)
2076	(0, 0, 0, 1, 0, 0, 0, 5, 4, 3, 0, 1)
2077	(0, 0, 0, 1, 0, 0, 0, 6, 2, 3, 1, 1)
2078	(0, 0, 0, 1, 0, 0, 0, 5, 3, 3, 1, 1)
2079	(0, 0, 0, 1, 0, 0, 0, 5, 2, 3, 0, 2)
2080	(0, 0, 0, 1, 0, 0, 0, 6, 1, 2, 1, 2)
2081	(0, 0, 0, 1, 0, 0, 0, 4, 5, 3, 0, 1)
2082	(0, 0, 0, 1, 0, 0, 0, 4, 4, 2, 0, 2)
2083	(0, 0, 0, 1, 0, 0, 0, 4, 3, 2, 1, 2)
2084	(0, 0, 0, 1, 0, 0, 0, 3, 5, 3, 1, 1)
2085	(0, 0, 0, 1, 0, 0, 0, 2, 6, 3, 1, 1)
2086	(0, 0, 0, 1, 0, 0, 0, 2, 5, 3, 0, 2)
2087	(0, 0, 0, 1, 0, 0, 0, 3, 4, 2, 1, 2)
2088	(0, 0, 0, 1, 0, 0, 0, 3, 3, 2, 2, 2)
2089	(0, 0, 0, 1, 0, 0, 0, 1, 6, 2, 1, 2)
2090	(0, 0, 0, 0, 0, 5, 2, 1, 1, 3, 0, 1)
2091	(0, 0, 0, 0, 0, 5, 1, 2, 1, 3, 0, 1)
2092	(0, 0, 0, 0, 0, 5, 1, 1, 2, 3, 0, 1)
2093	(0, 0, 0, 0, 0, 6, 1, 1, 1, 2, 1, 1)
2094	(0, 0, 0, 0, 0, 5, 1, 1, 1, 2, 0, 2)
2095	(0, 0, 0, 0, 0, 4, 4, 1, 1, 2, 0, 1)
2096	(0, 0, 0, 0, 0, 4, 2, 2, 1, 3, 0, 1)
2097	(0, 0, 0, 0, 0, 4, 2, 1, 2, 3, 0, 1)
2098	(0, 0, 0, 0, 0, 4, 3, 1, 1, 2, 1, 1)
2099	(0, 0, 0, 0, 0, 4, 2, 1, 1, 2, 0, 2)
2100	(0, 0, 0, 0, 0, 4, 1, 4, 1, 2, 0, 1)
2101	(0, 0, 0, 0, 0, 4, 1, 2, 2, 3, 0, 1)
2102	(0, 0, 0, 0, 0, 4, 1, 3, 1, 2, 1, 1)
2103	(0, 0, 0, 0, 0, 4, 1, 2, 1, 2, 0, 2)
2104	(0, 0, 0, 0, 0, 4, 1, 1, 4, 2, 0, 1)
2105	(0, 0, 0, 0, 0, 4, 1, 1, 3, 2, 1, 1)
2106	(0, 0, 0, 0, 0, 4, 1, 1, 2, 2, 0, 2)
2107	(0, 0, 0, 0, 0, 2, 5, 1, 1, 3, 0, 1)
2108	(0, 0, 0, 0, 0, 2, 4, 2, 1, 3, 0, 1)
2109	(0, 0, 0, 0, 0, 2, 4, 1, 2, 3, 0, 1)
2110	(0, 0, 0, 0, 0, 3, 4, 1, 1, 2, 1, 1)
2111	(0, 0, 0, 0, 0, 2, 4, 1, 1, 2, 0, 2)
2112	(0, 0, 0, 0, 0, 2, 2, 4, 1, 3, 0, 1)
2113	(0, 0, 0, 0, 0, 2, 2, 2, 2, 4, 0, 1)
2114	(0, 0, 0, 0, 0, 3, 2, 2, 1, 3, 1, 1)
2115	(0, 0, 0, 0, 0, 2, 3, 2, 1, 3, 1, 1)
2116	(0, 0, 0, 0, 0, 2, 2, 3, 1, 3, 1, 1)
2117	(0, 0, 0, 0, 0, 2, 2, 2, 1, 3, 0, 2)
2118	(0, 0, 0, 0, 0, 2, 2, 1, 4, 3, 0, 1)
2119	(0, 0, 0, 0, 0, 3, 2, 1, 2, 3, 1, 1)
2120	(0, 0, 0, 0, 0, 2, 3, 1, 2, 3, 1, 1)
2121	(0, 0, 0, 0, 0, 2, 2, 1, 3, 3, 1, 1)
2122	(0, 0, 0, 0, 0, 2, 2, 1, 2, 3, 0, 2)
2123	(0, 0, 0, 0, 0, 3, 3, 1, 1, 2, 2, 1)
2124	(0, 0, 0, 0, 0, 3, 2, 1, 1, 2, 1, 2)
2125	(0, 0, 0, 0, 0, 2, 3, 1, 1, 2, 1, 2)
2126	(0, 0, 0, 0, 0, 2, 1, 5, 1, 3, 0, 1)
2127	(0, 0, 0, 0, 0, 2, 1, 4, 2, 3, 0, 1)
2128	(0, 0, 0, 0, 0, 3, 1, 4, 1, 2, 1, 1)
2129	(0, 0, 0, 0, 0, 2, 1, 4, 1, 2, 0, 2)
2130	(0, 0, 0, 0, 0, 2, 1, 2, 4, 3, 0, 1)
2131	(0, 0, 0, 0, 0, 3, 1, 2, 2, 3, 1, 1)
2132	(0, 0, 0, 0, 0, 2, 1, 3, 2, 3, 1, 1)
2133	(0, 0, 0, 0, 0, 2, 1, 2, 3, 3, 1, 1)
2134	(0, 0, 0, 0, 0, 2, 1, 2, 2, 3, 0, 2)
2135	(0, 0, 0, 0, 0, 3, 1, 3, 1, 2, 2, 1)
2136	(0, 0, 0, 0, 0, 3, 1, 2, 1, 2, 1, 2)
2137	(0, 0, 0, 0, 0, 2, 1, 3, 1, 2, 1, 2)
2138	(0, 0, 0, 0, 0, 2, 1, 1, 5, 3, 0, 1)
2139	(0, 0, 0, 0, 0, 3, 1, 1, 4, 2, 1, 1)
2140	(0, 0, 0, 0, 0, 2, 1, 1, 4, 2, 0, 2)
2141	(0, 0, 0, 0, 0, 3, 1, 1, 3, 2, 2, 1)
2142	(0, 0, 0, 0, 0, 3, 1, 1, 2, 2, 1, 2)
2143	(0, 0, 0, 0, 0, 2, 1, 1, 3, 2, 1, 2)
2144	(0, 0, 0, 0, 0, 1, 5, 2, 1, 3, 0, 1)
2145	(0, 0, 0, 0, 0, 1, 5, 1, 2, 3, 0, 1)
2146	(0, 0, 0, 0, 0, 1, 6, 1, 1, 2, 1, 1)
2147	(0, 0, 0, 0, 0, 1, 5, 1, 1, 2, 0, 2)
2148	(0, 0, 0, 0, 0, 1, 4, 4, 1, 2, 0, 1)
2149	(0, 0, 0, 0, 0, 1, 4, 2, 2, 3, 0, 1)
2150	(0, 0, 0, 0, 0, 1, 4, 3, 1, 2, 1, 1)
2151	(0, 0, 0, 0, 0, 1, 4, 2, 1, 2, 0, 2)
2152	(0, 0, 0, 0, 0, 1, 4, 1, 4, 2, 0, 1)
2153	(0, 0, 0, 0, 0, 1, 4, 1, 3, 2, 1, 1)
2154	(0, 0, 0, 0, 0, 1, 4, 1, 2, 2, 0, 2)
2155	(0, 0, 0, 0, 0, 1, 2, 5, 1, 3, 0, 1)
2156	(0, 0, 0, 0, 0, 1, 2, 4, 2, 3, 0, 1)
2157	(0, 0, 0, 0, 0, 1, 3, 4, 1, 2, 1, 1)
2158	(0, 0, 0, 0, 0, 1, 2, 4, 1, 2, 0, 2)
2159	(0, 0, 0, 0, 0, 1, 2, 2, 4, 3, 0, 1)
2160	(0, 0, 0, 0, 0, 1, 3, 2, 2, 3, 1, 1)
2161	(0, 0, 0, 0, 0, 1, 2, 3, 2, 3, 1, 1)
2162	(0, 0, 0, 0, 0, 1, 2, 2, 3, 3, 1, 1)
2163	(0, 0, 0, 0, 0, 1, 2, 2, 2, 3, 0, 2)
2164	(0, 0, 0, 0, 0, 1, 3, 3, 1, 2, 2, 1)
2165	(0, 0, 0, 0, 0, 1, 3, 2, 1, 2, 1, 2)
2166	(0, 0, 0, 0, 0, 1, 2, 3, 1, 2, 1, 2)
2167	(0, 0, 0, 0, 0, 1, 2, 1, 5, 3, 0, 1)
2168	(0, 0, 0, 0, 0, 1, 3, 1, 4, 2, 1, 1)
2169	(0, 0, 0, 0, 0, 1, 2, 1, 4, 2, 0, 2)
2170	(0, 0, 0, 0, 0, 1, 3, 1, 3, 2, 2, 1)
2171	(0, 0, 0, 0, 0, 1, 3, 1, 2, 2, 1, 2)
2172	(0, 0, 0, 0, 0, 1, 2, 1, 3, 2, 1, 2)
2173	(0, 0, 0, 0, 0, 1, 1, 5, 2, 3, 0, 1)
2174	(0, 0, 0, 0, 0, 1, 1, 6, 1, 2, 1, 1)
2175	(0, 0, 0, 0, 0, 1, 1, 5, 1, 2, 0, 2)
2176	(0, 0, 0, 0, 0, 1, 1, 4, 4, 2, 0, 1)
2177	(0, 0, 0, 0, 0, 1, 1, 4, 3, 2, 1, 1)
2178	(0, 0, 0, 0, 0, 1, 1, 4, 2, 2, 0, 2)
2179	(0, 0, 0, 0, 0, 1, 1, 2, 5, 3, 0, 1)
2180	(0, 0, 0, 0, 0, 1, 1, 3, 4, 2, 1, 1)
2181	(0, 0, 0, 0, 0, 1, 1, 2, 4, 2, 0, 2)
2182	(0, 0, 0, 0, 0, 1, 1, 3, 3, 2, 2, 1)
2183	(0, 0, 0, 0, 0, 1, 1, 3, 2, 2, 1, 2)
2184	(0, 0, 0, 0, 0, 1, 1, 2, 3, 2, 1, 2)
2185	(0, 0, 0, 0, 0, 1, 1, 1, 6, 2, 1, 1)
2186	(0, 0, 0, 0, 0, 1, 1, 1, 5, 2, 0, 2)
2187	(0, 0, 0, 0, 0, 0, 5, 4, 1, 3, 0, 1)
2188	(0, 0, 0, 0, 0, 0, 5, 2, 2, 4, 0, 1)
2189	(0, 0, 0, 0, 0, 0, 6, 2, 1, 3, 1, 1)
2190	(0, 0, 0, 0, 0, 0, 5, 3, 1, 3, 1, 1)
2191	(0, 0, 0, 0, 0, 0, 5, 2, 1, 3, 0, 2)
2192	(0, 0, 0, 0, 0, 0, 5, 1, 4, 3, 0, 1)
2193	(0, 0, 0, 0, 0, 0, 6, 1, 2, 3, 1, 1)
2194	(0, 0, 0, 0, 0, 0, 5, 1, 3, 3, 1, 1)
2195	(0, 0, 0, 0, 0, 0, 5, 1, 2, 3, 0, 2)
2196	(0, 0, 0, 0, 0, 0, 6, 1, 1, 2, 1, 2)
2197	(0, 0, 0, 0, 0, 0, 4, 5, 1, 3, 0, 1)
2198	(0, 0, 0, 0, 0, 0, 4, 4, 2, 3, 0, 1)
2199	(0, 0, 0, 0, 0, 0, 4, 4, 1, 2, 0, 2)
2200	(0, 0, 0, 0, 0, 0, 4, 2, 4, 3, 0, 1)
2201	(0, 0, 0, 0, 0, 0, 4, 3, 2, 3, 1, 1)
2202	(0, 0, 0, 0, 0, 0, 4, 2, 3, 3, 1, 1)
2203	(0, 0, 0, 0, 0, 0, 4, 2, 2, 3, 0, 2)
2204	(0, 0, 0, 0, 0, 0, 4, 3, 1, 2, 1, 2)
2205	(0, 0, 0, 0, 0, 0, 4, 1, 5, 3, 0, 1)
2206	(0, 0, 0, 0, 0, 0, 4, 1, 4, 2, 0, 2)
2207	(0, 0, 0, 0, 0, 0, 4, 1, 3, 2, 1, 2)
2208	(0, 0, 0, 0, 0, 0, 2, 5, 2, 4, 0, 1)
2209	(0, 0, 0, 0, 0, 0, 3, 5, 1, 3, 1, 1)
2210	(0, 0, 0, 0, 0, 0, 2, 6, 1, 3, 1, 1)
2211	(0, 0, 0, 0, 0, 0, 2, 5, 1, 3, 0, 2)
2212	(0, 0, 0, 0, 0, 0, 2, 4, 4, 3, 0, 1)
2213	(0, 0, 0, 0, 0, 0, 3, 4, 2, 3, 1, 1)
2214	(0, 0, 0, 0, 0, 0, 2, 4, 3, 3, 1, 1)
2215	(0, 0, 0, 0, 0, 0, 2, 4, 2, 3, 0, 2)
2216	(0, 0, 0, 0, 0, 0, 3, 4, 1, 2, 1, 2)
2217	(0, 0, 0, 0, 0, 0, 2, 2, 5, 4, 0, 1)
2218	(0, 0, 0, 0, 0, 0, 3, 2, 4, 3, 1, 1)
2219	(0, 0, 0, 0, 0, 0, 2, 3, 4, 3, 1, 1)
2220	(0, 0, 0, 0, 0, 0, 2, 2, 4, 3, 0, 2)
2221	(0, 0, 0, 0, 0, 0, 3, 3, 2, 3, 2, 1)
2222	(0, 0, 0, 0, 0, 0, 3, 2, 3, 3, 2, 1)
2223	(0, 0, 0, 0, 0, 0, 3, 2, 2, 3, 1, 2)
2224	(0, 0, 0, 0, 0, 0, 2, 3, 3, 3, 2, 1)
2225	(0, 0, 0, 0, 0, 0, 2, 3, 2, 3, 1, 2)
2226	(0, 0, 0, 0, 0, 0, 2, 2, 3, 3, 1, 2)
2227	(0, 0, 0, 0, 0, 0, 3, 3, 1, 2, 2, 2)
2228	(0, 0, 0, 0, 0, 0, 3, 1, 5, 3, 1, 1)
2229	(0, 0, 0, 0, 0, 0, 2, 1, 6, 3, 1, 1)
2230	(0, 0, 0, 0, 0, 0, 2, 1, 5, 3, 0, 2)
2231	(0, 0, 0, 0, 0, 0, 3, 1, 4, 2, 1, 2)
2232	(0, 0, 0, 0, 0, 0, 3, 1, 3, 2, 2, 2)
2233	(0, 0, 0, 0, 0, 0, 1, 5, 4, 3, 0, 1)
2234	(0, 0, 0, 0, 0, 0, 1, 6, 2, 3, 1, 1)
2235	(0, 0, 0, 0, 0, 0, 1, 5, 3, 3, 1, 1)
2236	(0, 0, 0, 0, 0, 0, 1, 5, 2, 3, 0, 2)
2237	(0, 0, 0, 0, 0, 0, 1, 6, 1, 2, 1, 2)
2238	(0, 0, 0, 0, 0, 0, 1, 4, 5, 3, 0, 1)
2239	(0, 0, 0, 0, 0, 0, 1, 4, 4, 2, 0, 2)
2240	(0, 0, 0, 0, 0, 0, 1, 4, 3, 2, 1, 2)
2241	(0, 0, 0, 0, 0, 0, 1, 3, 5, 3, 1, 1)
2242	(0, 0, 0, 0, 0, 0, 1, 2, 6, 3, 1, 1)
2243	(0, 0, 0, 0, 0, 0, 1, 2, 5, 3, 0, 2)
2244	(0, 0, 0, 0, 0, 0, 1, 3, 4, 2, 1, 2)
2245	(0, 0, 0, 0, 0, 0, 1, 3, 3, 2, 2, 2)
2246	(0, 0, 0, 0, 0, 0, 1, 1, 6, 2, 1, 2)
2247	(0, 0, 0, 0, 0, 5, 4, 0, 1, 3, 0, 1)
2248	(0, 0, 0, 0, 0, 5, 2, 0, 2, 4, 0, 1)
2249	(0, 0, 0, 0, 0, 6, 2, 0, 1, 3, 1, 1)
2250	(0, 0, 0, 0, 0, 5, 3, 0, 1, 3, 1, 1)
2251	(0, 0, 0, 0, 0, 5, 2, 0, 1, 3, 0, 2)
2252	(0, 0, 0, 0, 0, 5, 1, 0, 4, 3, 0, 1)
2253	(0, 0, 0, 0, 0, 6, 1, 0, 2, 3, 1, 1)
2254	(0, 0, 0, 0, 0, 5, 1, 0, 3, 3, 1, 1)
2255	(0, 0, 0, 0, 0, 5, 1, 0, 2, 3, 0, 2)
2256	(0, 0, 0, 0, 0, 6, 1, 0, 1, 2, 1, 2)
2257	(0, 0, 0, 0, 0, 4, 5, 0, 1, 3, 0, 1)
2258	(0, 0, 0, 0, 0, 4, 4, 0, 2, 3, 0, 1)
2259	(0, 0, 0, 0, 0, 4, 4, 0, 1, 2, 0, 2)
2260	(0, 0, 0, 0, 0, 4, 2, 0, 4, 3, 0, 1)
2261	(0, 0, 0, 0, 0, 4, 3, 0, 2, 3, 1, 1)
2262	(0, 0, 0, 0, 0, 4, 2, 0, 3, 3, 1, 1)
2263	(0, 0, 0, 0, 0, 4, 2, 0, 2, 3, 0, 2)
2264	(0, 0, 0, 0, 0, 4, 3, 0, 1, 2, 1, 2)
2265	(0, 0, 0, 0, 0, 4, 1, 0, 5, 3, 0, 1)
2266	(0, 0, 0, 0, 0, 4, 1, 0, 4, 2, 0, 2)
2267	(0, 0, 0, 0, 0, 4, 1, 0, 3, 2, 1, 2)
2268	(0, 0, 0, 0, 0, 2, 5, 0, 2, 4, 0, 1)
2269	(0, 0, 0, 0, 0, 3, 5, 0, 1, 3, 1, 1)
2270	(0, 0, 0, 0, 0, 2, 6, 0, 1, 3, 1, 1)
2271	(0, 0, 0, 0, 0, 2, 5, 0, 1, 3, 0, 2)
2272	(0, 0, 0, 0, 0, 2, 4, 0, 4, 3, 0, 1)
2273	(0, 0, 0, 0, 0, 3, 4, 0, 2, 3, 1, 1)
2274	(0, 0, 0, 0, 0, 2, 4, 0, 3, 3, 1, 1)
2275	(0, 0, 0, 0, 0, 2, 4, 0, 2, 3, 0, 2)
2276	(0, 0, 0, 0, 0, 3, 4, 0, 1, 2, 1, 2)
2277	(0, 0, 0, 0, 0, 2, 2, 0, 5, 4, 0, 1)
2278	(0, 0, 0, 0, 0, 3, 2, 0, 4, 3, 1, 1)
2279	(0, 0, 0, 0, 0, 2, 3, 0, 4, 3, 1, 1)
2280	(0, 0, 0, 0, 0, 2, 2, 0, 4, 3, 0, 2)
2281	(0, 0, 0, 0, 0, 3, 3, 0, 2, 3, 2, 1)
2282	(0, 0, 0, 0, 0, 3, 2, 0, 3, 3, 2, 1)
2283	(0, 0, 0, 0, 0, 3, 2, 0, 2, 3, 1, 2)
2284	(0, 0, 0, 0, 0, 2, 3, 0, 3, 3, 2, 1)
2285	(0, 0, 0, 0, 0, 2, 3, 0, 2, 3, 1, 2)
2286	(0, 0, 0, 0, 0, 2, 2, 0, 3, 3, 1, 2)
2287	(0, 0, 0, 0, 0, 3, 3, 0, 1, 2, 2, 2)
2288	(0, 0, 0, 0, 0, 3, 1, 0, 5, 3, 1, 1)
2289	(0, 0, 0, 0, 0, 2, 1, 0, 6, 3, 1, 1)
2290	(0, 0, 0, 0, 0, 2, 1, 0, 5, 3, 0, 2)
2291	(0, 0, 0, 0, 0, 3, 1, 0, 4, 2, 1, 2)
2292	(0, 0, 0, 0, 0, 3, 1, 0, 3, 2, 2, 2)
2293	(0, 0, 0, 0, 0, 1, 5, 0, 4, 3, 0, 1)
2294	(0, 0, 0, 0, 0, 1, 6, 0, 2, 3, 1, 1)
2295	(0, 0, 0, 0, 0, 1, 5, 0, 3, 3, 1, 1)
2296	(0, 0, 0, 0, 0, 1, 5, 0, 2, 3, 0, 2)
2297	(0, 0, 0, 0, 0, 1, 6, 0, 1, 2, 1, 2)
2298	(0, 0, 0, 0, 0, 1, 4, 0, 5, 3, 0, 1)
2299	(0, 0, 0, 0, 0, 1, 4, 0, 4, 2, 0, 2)
2300	(0, 0, 0, 0, 0, 1, 4, 0, 3, 2, 1, 2)
2301	(0, 0, 0, 0, 0, 1, 3, 0, 5, 3, 1, 1)
2302	(0, 0, 0, 0, 0, 1, 2, 0, 6, 3, 1, 1)
2303	(0, 0, 0, 0, 0, 1, 2, 0, 5, 3, 0, 2)
2304	(0, 0, 0, 0, 0, 1, 3, 0, 4, 2, 1, 2)
2305	(0, 0, 0, 0, 0, 1, 3, 0, 3, 2, 2, 2)
2306	(0, 0, 0, 0, 0, 1, 1, 0, 6, 2, 1, 2)
2307	(0, 0, 0, 0, 0, 0, 5, 0, 5, 4, 0, 1)
2308	(0, 0, 0, 0, 0, 0, 6, 0, 4, 3, 1, 1)
2309	(0, 0, 0, 0, 0, 0, 5, 0, 4, 3, 0, 2)
2310	(0, 0, 0, 0, 0, 0, 6, 0, 3, 3, 2, 1)
2311	(0, 0, 0, 0, 0, 0, 6, 0, 2, 3, 1, 2)
2312	(0, 0, 0, 0, 0, 0, 5, 0, 3, 3, 1, 2)
2313	(0, 0, 0, 0, 0, 0, 4, 0, 6, 3, 1, 1)
2314	(0, 0, 0, 0, 0, 0, 4, 0, 5, 3, 0, 2)
2315	(0, 0, 0, 0, 0, 0, 3, 0, 6, 3, 2, 1)
2316	(0, 0, 0, 0, 0, 0, 3, 0, 5, 3, 1, 2)
2317	(0, 0, 0, 0, 0, 0, 2, 0, 6, 3, 1, 2)
2318	(0, 0, 0, 0, 0, 0, 0, 5, 5, 4, 0, 1)
2319	(0, 0, 0, 0, 0, 0, 0, 6, 4, 3, 1, 1)
2320	(0, 0, 0, 0, 0, 0, 0, 5, 4, 3, 0, 2)
2321	(0, 0, 0, 0, 0, 0, 0, 6, 3, 3, 2, 1)
2322	(0, 0, 0, 0, 0, 0, 0, 6, 2, 3, 1, 2)
2323	(0, 0, 0, 0, 0, 0, 0, 5, 3, 3, 1, 2)
2324	(0, 0, 0, 0, 0, 0, 0, 4, 6, 3, 1, 1)
2325	(0, 0, 0, 0, 0, 0, 0, 4, 5, 3, 0, 2)
2326	(0, 0, 0, 0, 0, 0, 0, 3, 6, 3, 2, 1)
2327	(0, 0, 0, 0, 0, 0, 0, 3, 5, 3, 1, 2)
2328	(0, 0, 0, 0, 0, 0, 0, 2, 6, 3, 1, 2)
2329	(1, 0, 0, 1, 0, 0, 0, 5, 5, 4, 0, 1)
2330	(1, 0, 0, 1, 0, 0, 0, 6, 4, 3, 1, 1)
2331	(1, 0, 0, 1, 0, 0, 0, 5, 4, 3, 0, 2)
2332	(1, 0, 0, 1, 0, 0, 0, 6, 3, 3, 2, 1)
2333	(1, 0, 0, 1, 0, 0, 0, 6, 2, 3, 1, 2)
2334	(1, 0, 0, 1, 0, 0, 0, 5, 3, 3, 1, 2)
2335	(1, 0, 0, 1, 0, 0, 0, 4, 6, 3, 1, 1)
2336	(1, 0, 0, 1, 0, 0, 0, 4, 5, 3, 0, 2)
2337	(1, 0, 0, 1, 0, 0, 0, 3, 6, 3, 2, 1)
2338	(1, 0, 0, 1, 0, 0, 0, 3, 5, 3, 1, 2)
2339	(1, 0, 0, 1, 0, 0, 0, 2, 6, 3, 1, 2)
2340	(1, 0, 0, 0, 0, 0, 0, 6, 5, 4, 1, 1)
2341	(1, 0, 0, 0, 0, 0, 0, 5, 6, 4, 1, 1)
2342	(1, 0, 0, 0, 0, 0, 0, 5, 5, 4, 0, 2)
2343	(1, 0, 0, 0, 0, 0, 0, 6, 4, 3, 1, 2)
2344	(1, 0, 0, 0, 0, 0, 0, 6, 3, 3, 2, 2)
2345	(1, 0, 0, 0, 0, 0, 0, 4, 6, 3, 1, 2)
2346	(1, 0, 0, 0, 0, 0, 0, 3, 6, 3, 2, 2)
2347	(1, 1, 0, 1, 0, 0, 0, 6, 5, 4, 1, 1)
2348	(1, 1, 0, 1, 0, 0, 0, 5, 6, 4, 1, 1)
2349	(1, 1, 0, 1, 0, 0, 0, 5, 5, 4, 0, 2)
2350	(1, 1, 0, 1, 0, 0, 0, 6, 4, 3, 1, 2)
2351	(1, 1, 0, 1, 0, 0, 0, 6, 3, 3, 2, 2)
2352	(1, 1, 0, 1, 0, 0, 0, 4, 6, 3, 1, 2)
2353	(1, 1, 0, 1, 0, 0, 0, 3, 6, 3, 2, 2)
2354	(1, 1, 0, 0, 0, 0, 0, 6, 6, 4, 2, 1)
2355	(1, 1, 0, 0, 0, 0, 0, 6, 5, 4, 1, 2)
2356	(1, 1, 0, 0, 0, 0, 0, 5, 6, 4, 1, 2)
2357	(0, 0, 0, 1, 0, 5, 4, 1, 1, 3, 0, 0)
2358	(0, 0, 0, 1, 0, 5, 2, 2, 1, 4, 0, 0)
2359	(0, 0, 0, 1, 0, 5, 2, 1, 2, 4, 0, 0)
2360	(0, 0, 0, 1, 0, 6, 2, 1, 1, 3, 1, 0)
2361	(0, 0, 0, 1, 0, 5, 3, 1, 1, 3, 1, 0)
2362	(0, 0, 0, 1, 0, 5, 1, 4, 1, 3, 0, 0)
2363	(0, 0, 0, 1, 0, 5, 1, 2, 2, 4, 0, 0)
2364	(0, 0, 0, 1, 0, 6, 1, 2, 1, 3, 1, 0)
2365	(0, 0, 0, 1, 0, 5, 1, 3, 1, 3, 1, 0)
2366	(0, 0, 0, 1, 0, 5, 1, 1, 4, 3, 0, 0)
2367	(0, 0, 0, 1, 0, 6, 1, 1, 2, 3, 1, 0)
2368	(0, 0, 0, 1, 0, 5, 1, 1, 3, 3, 1, 0)
2369	(0, 0, 0, 1, 0, 4, 5, 1, 1, 3, 0, 0)
2370	(0, 0, 0, 1, 0, 4, 4, 2, 1, 3, 0, 0)
2371	(0, 0, 0, 1, 0, 4, 4, 1, 2, 3, 0, 0)
2372	(0, 0, 0, 1, 0, 4, 2, 4, 1, 3, 0, 0)
2373	(0, 0, 0, 1, 0, 4, 2, 2, 2, 4, 0, 0)
2374	(0, 0, 0, 1, 0, 4, 3, 2, 1, 3, 1, 0)
2375	(0, 0, 0, 1, 0, 4, 2, 3, 1, 3, 1, 0)
2376	(0, 0, 0, 1, 0, 4, 2, 1, 4, 3, 0, 0)
2377	(0, 0, 0, 1, 0, 4, 3, 1, 2, 3, 1, 0)
2378	(0, 0, 0, 1, 0, 4, 2, 1, 3, 3, 1, 0)
2379	(0, 0, 0, 1, 0, 4, 1, 5, 1, 3, 0, 0)
2380	(0, 0, 0, 1, 0, 4, 1, 4, 2, 3, 0, 0)
2381	(0, 0, 0, 1, 0, 4, 1, 2, 4, 3, 0, 0)
2382	(0, 0, 0, 1, 0, 4, 1, 3, 2, 3, 1, 0)
2383	(0, 0, 0, 1, 0, 4, 1, 2, 3, 3, 1, 0)
2384	(0, 0, 0, 1, 0, 4, 1, 1, 5, 3, 0, 0)
2385	(0, 0, 0, 1, 0, 2, 5, 2, 1, 4, 0, 0)
2386	(0, 0, 0, 1, 0, 2, 5, 1, 2, 4, 0, 0)
2387	(0, 0, 0, 1, 0, 3, 5, 1, 1, 3, 1, 0)
2388	(0, 0, 0, 1, 0, 2, 6, 1, 1, 3, 1, 0)
2389	(0, 0, 0, 1, 0, 2, 4, 4, 1, 3, 0, 0)
2390	(0, 0, 0, 1, 0, 2, 4, 2, 2, 4, 0, 0)
2391	(0, 0, 0, 1, 0, 3, 4, 2, 1, 3, 1, 0)
2392	(0, 0, 0, 1, 0, 2, 4, 3, 1, 3, 1, 0)
2393	(0, 0, 0, 1, 0, 2, 4, 1, 4, 3, 0, 0)
2394	(0, 0, 0, 1, 0, 3, 4, 1, 2, 3, 1, 0)
2395	(0, 0, 0, 1, 0, 2, 4, 1, 3, 3, 1, 0)
2396	(0, 0, 0, 1, 0, 2, 2, 5, 1, 4, 0, 0)
2397	(0, 0, 0, 1, 0, 2, 2, 4, 2, 4, 0, 0)
2398	(0, 0, 0, 1, 0, 3, 2, 4, 1, 3, 1, 0)
2399	(0, 0, 0, 1, 0, 2, 3, 4, 1, 3, 1, 0)
2400	(0, 0, 0, 1, 0, 2, 2, 2, 4, 4, 0, 0)
2401	(0, 0, 0, 1, 0, 3, 2, 2, 2, 4, 1, 0)
2402	(0, 0, 0, 1, 0, 2, 3, 2, 2, 4, 1, 0)
2403	(0, 0, 0, 1, 0, 2, 2, 3, 2, 4, 1, 0)
2404	(0, 0, 0, 1, 0, 2, 2, 2, 3, 4, 1, 0)
2405	(0, 0, 0, 1, 0, 3, 3, 2, 1, 3, 2, 0)
2406	(0, 0, 0, 1, 0, 3, 2, 3, 1, 3, 2, 0)
2407	(0, 0, 0, 1, 0, 2, 3, 3, 1, 3, 2, 0)
2408	(0, 0, 0, 1, 0, 2, 2, 1, 5, 4, 0, 0)
2409	(0, 0, 0, 1, 0, 3, 2, 1, 4, 3, 1, 0)
2410	(0, 0, 0, 1, 0, 2, 3, 1, 4, 3, 1, 0)
2411	(0, 0, 0, 1, 0, 3, 3, 1, 2, 3, 2, 0)
2412	(0, 0, 0, 1, 0, 3, 2, 1, 3, 3, 2, 0)
2413	(0, 0, 0, 1, 0, 2, 3, 1, 3, 3, 2, 0)
2414	(0, 0, 0, 1, 0, 2, 1, 5, 2, 4, 0, 0)
2415	(0, 0, 0, 1, 0, 3, 1, 5, 1, 3, 1, 0)
2416	(0, 0, 0, 1, 0, 2, 1, 6, 1, 3, 1, 0)
2417	(0, 0, 0, 1, 0, 2, 1, 4, 4, 3, 0, 0)
2418	(0, 0, 0, 1, 0, 3, 1, 4, 2, 3, 1, 0)
2419	(0, 0, 0, 1, 0, 2, 1, 4, 3, 3, 1, 0)
2420	(0, 0, 0, 1, 0, 2, 1, 2, 5, 4, 0, 0)
2421	(0, 0, 0, 1, 0, 3, 1, 2, 4, 3, 1, 0)
2422	(0, 0, 0, 1, 0, 2, 1, 3, 4, 3, 1, 0)
2423	(0, 0, 0, 1, 0, 3, 1, 3, 2, 3, 2, 0)
2424	(0, 0, 0, 1, 0, 3, 1, 2, 3, 3, 2, 0)
2425	(0, 0, 0, 1, 0, 2, 1, 3, 3, 3, 2, 0)
2426	(0, 0, 0, 1, 0, 3, 1, 1, 5, 3, 1, 0)
2427	(0, 0, 0, 1, 0, 2, 1, 1, 6, 3, 1, 0)
2428	(0, 0, 0, 1, 0, 1, 5, 4, 1, 3, 0, 0)
2429	(0, 0, 0, 1, 0, 1, 5, 2, 2, 4, 0, 0)
2430	(0, 0, 0, 1, 0, 1, 6, 2, 1, 3, 1, 0)
2431	(0, 0, 0, 1, 0, 1, 5, 3, 1, 3, 1, 0)
2432	(0, 0, 0, 1, 0, 1, 5, 1, 4, 3, 0, 0)
2433	(0, 0, 0, 1, 0, 1, 6, 1, 2, 3, 1, 0)
2434	(0, 0, 0, 1, 0, 1, 5, 1, 3, 3, 1, 0)
2435	(0, 0, 0, 1, 0, 1, 4, 5, 1, 3, 0, 0)
2436	(0, 0, 0, 1, 0, 1, 4, 4, 2, 3, 0, 0)
2437	(0, 0, 0, 1, 0, 1, 4, 2, 4, 3, 0, 0)
2438	(0, 0, 0, 1, 0, 1, 4, 3, 2, 3, 1, 0)
2439	(0, 0, 0, 1, 0, 1, 4, 2, 3, 3, 1, 0)
2440	(0, 0, 0, 1, 0, 1, 4, 1, 5, 3, 0, 0)
2441	(0, 0, 0, 1, 0, 1, 2, 5, 2, 4, 0, 0)
2442	(0, 0, 0, 1, 0, 1, 3, 5, 1, 3, 1, 0)
2443	(0, 0, 0, 1, 0, 1, 2, 6, 1, 3, 1, 0)
2444	(0, 0, 0, 1, 0, 1, 2, 4, 4, 3, 0, 0)
2445	(0, 0, 0, 1, 0, 1, 3, 4, 2, 3, 1, 0)
2446	(0, 0, 0, 1, 0, 1, 2, 4, 3, 3, 1, 0)
2447	(0, 0, 0, 1, 0, 1, 2, 2, 5, 4, 0, 0)
2448	(0, 0, 0, 1, 0, 1, 3, 2, 4, 3, 1, 0)
2449	(0, 0, 0, 1, 0, 1, 2, 3, 4, 3, 1, 0)
2450	(0, 0, 0, 1, 0, 1, 3, 3, 2, 3, 2, 0)
2451	(0, 0, 0, 1, 0, 1, 3, 2, 3, 3, 2, 0)
2452	(0, 0, 0, 1, 0, 1, 2, 3, 3, 3, 2, 0)
2453	(0, 0, 0, 1, 0, 1, 3, 1, 5, 3, 1, 0)
2454	(0, 0, 0, 1, 0, 1, 2, 1, 6, 3, 1, 0)
2455	(0, 0, 0, 1, 0, 1, 1, 5, 4, 3, 0, 0)
2456	(0, 0, 0, 1, 0, 1, 1, 6, 2, 3, 1, 0)
2457	(0, 0, 0, 1, 0, 1, 1, 5, 3, 3, 1, 0)
2458	(0, 0, 0, 1, 0, 1, 1, 4, 5, 3, 0, 0)
2459	(0, 0, 0, 1, 0, 1, 1, 3, 5, 3, 1, 0)
2460	(0, 0, 0, 1, 0, 1, 1, 2, 6, 3, 1, 0)
2461	(0, 0, 0, 1, 0, 0, 5, 5, 1, 4, 0, 0)
2462	(0, 0, 0, 1, 0, 0, 5, 4, 2, 4, 0, 0)
2463	(0, 0, 0, 1, 0, 0, 6, 4, 1, 3, 1, 0)
2464	(0, 0, 0, 1, 0, 0, 5, 2, 4, 4, 0, 0)
2465	(0, 0, 0, 1, 0, 0, 6, 2, 2, 4, 1, 0)
2466	(0, 0, 0, 1, 0, 0, 5, 3, 2, 4, 1, 0)
2467	(0, 0, 0, 1, 0, 0, 5, 2, 3, 4, 1, 0)
2468	(0, 0, 0, 1, 0, 0, 6, 3, 1, 3, 2, 0)
2469	(0, 0, 0, 1, 0, 0, 5, 1, 5, 4, 0, 0)
2470	(0, 0, 0, 1, 0, 0, 6, 1, 4, 3, 1, 0)
2471	(0, 0, 0, 1, 0, 0, 6, 1, 3, 3, 2, 0)
2472	(0, 0, 0, 1, 0, 0, 4, 5, 2, 4, 0, 0)
2473	(0, 0, 0, 1, 0, 0, 4, 6, 1, 3, 1, 0)
2474	(0, 0, 0, 1, 0, 0, 4, 4, 4, 3, 0, 0)
2475	(0, 0, 0, 1, 0, 0, 4, 4, 3, 3, 1, 0)
2476	(0, 0, 0, 1, 0, 0, 4, 2, 5, 4, 0, 0)
2477	(0, 0, 0, 1, 0, 0, 4, 3, 4, 3, 1, 0)
2478	(0, 0, 0, 1, 0, 0, 4, 3, 3, 3, 2, 0)
2479	(0, 0, 0, 1, 0, 0, 4, 1, 6, 3, 1, 0)
2480	(0, 0, 0, 1, 0, 0, 2, 5, 4, 4, 0, 0)
2481	(0, 0, 0, 1, 0, 0, 3, 5, 2, 4, 1, 0)
2482	(0, 0, 0, 1, 0, 0, 2, 6, 2, 4, 1, 0)
2483	(0, 0, 0, 1, 0, 0, 2, 5, 3, 4, 1, 0)
2484	(0, 0, 0, 1, 0, 0, 3, 6, 1, 3, 2, 0)
2485	(0, 0, 0, 1, 0, 0, 2, 4, 5, 4, 0, 0)
2486	(0, 0, 0, 1, 0, 0, 3, 4, 4, 3, 1, 0)
2487	(0, 0, 0, 1, 0, 0, 3, 4, 3, 3, 2, 0)
2488	(0, 0, 0, 1, 0, 0, 3, 2, 5, 4, 1, 0)
2489	(0, 0, 0, 1, 0, 0, 2, 3, 5, 4, 1, 0)
2490	(0, 0, 0, 1, 0, 0, 2, 2, 6, 4, 1, 0)
2491	(0, 0, 0, 1, 0, 0, 3, 3, 4, 3, 2, 0)
2492	(0, 0, 0, 1, 0, 0, 3, 3, 3, 3, 3, 0)
2493	(0, 0, 0, 1, 0, 0, 3, 1, 6, 3, 2, 0)
2494	(0, 0, 0, 1, 0, 0, 1, 5, 5, 4, 0, 0)
2495	(0, 0, 0, 1, 0, 0, 1, 6, 4, 3, 1, 0)
2496	(0, 0, 0, 1, 0, 0, 1, 6, 3, 3, 2, 0)
2497	(0, 0, 0, 1, 0, 0, 1, 4, 6, 3, 1, 0)
2498	(0, 0, 0, 1, 0, 0, 1, 3, 6, 3, 2, 0)
2499	(0, 0, 0, 1, 0, 5, 5, 0, 1, 4, 0, 0)
2500	(0, 0, 0, 1, 0, 5, 4, 0, 2, 4, 0, 0)
2501	(0, 0, 0, 1, 0, 6, 4, 0, 1, 3, 1, 0)
2502	(0, 0, 0, 1, 0, 5, 2, 0, 4, 4, 0, 0)
2503	(0, 0, 0, 1, 0, 6, 2, 0, 2, 4, 1, 0)
2504	(0, 0, 0, 1, 0, 5, 3, 0, 2, 4, 1, 0)
2505	(0, 0, 0, 1, 0, 5, 2, 0, 3, 4, 1, 0)
2506	(0, 0, 0, 1, 0, 6, 3, 0, 1, 3, 2, 0)
2507	(0, 0, 0, 1, 0, 5, 1, 0, 5, 4, 0, 0)
2508	(0, 0, 0, 1, 0, 6, 1, 0, 4, 3, 1, 0)
2509	(0, 0, 0, 1, 0, 6, 1, 0, 3, 3, 2, 0)
2510	(0, 0, 0, 1, 0, 4, 5, 0, 2, 4, 0, 0)
2511	(0, 0, 0, 1, 0, 4, 6, 0, 1, 3, 1, 0)
2512	(0, 0, 0, 1, 0, 4, 4, 0, 4, 3, 0, 0)
2513	(0, 0, 0, 1, 0, 4, 4, 0, 3, 3, 1, 0)
2514	(0, 0, 0, 1, 0, 4, 2, 0, 5, 4, 0, 0)
2515	(0, 0, 0, 1, 0, 4, 3, 0, 4, 3, 1, 0)
2516	(0, 0, 0, 1, 0, 4, 3, 0, 3, 3, 2, 0)
2517	(0, 0, 0, 1, 0, 4, 1, 0, 6, 3, 1, 0)
2518	(0, 0, 0, 1, 0, 2, 5, 0, 4, 4, 0, 0)
2519	(0, 0, 0, 1, 0, 3, 5, 0, 2, 4, 1, 0)
2520	(0, 0, 0, 1, 0, 2, 6, 0, 2, 4, 1, 0)
2521	(0, 0, 0, 1, 0, 2, 5, 0, 3, 4, 1, 0)
2522	(0, 0, 0, 1, 0, 3, 6, 0, 1, 3, 2, 0)
2523	(0, 0, 0, 1, 0, 2, 4, 0, 5, 4, 0, 0)
2524	(0, 0, 0, 1, 0, 3, 4, 0, 4, 3, 1, 0)
2525	(0, 0, 0, 1, 0, 3, 4, 0, 3, 3, 2, 0)
2526	(0, 0, 0, 1, 0, 3, 2, 0, 5, 4, 1, 0)
2527	(0, 0, 0, 1, 0, 2, 3, 0, 5, 4, 1, 0)
2528	(0, 0, 0, 1, 0, 2, 2, 0, 6, 4, 1, 0)
2529	(0, 0, 0, 1, 0, 3, 3, 0, 4, 3, 2, 0)
2530	(0, 0, 0, 1, 0, 3, 3, 0, 3, 3, 3, 0)
2531	(0, 0, 0, 1, 0, 3, 1, 0, 6, 3, 2, 0)
2532	(0, 0, 0, 1, 0, 1, 5, 0, 5, 4, 0, 0)
2533	(0, 0, 0, 1, 0, 1, 6, 0, 4, 3, 1, 0)
2534	(0, 0, 0, 1, 0, 1, 6, 0, 3, 3, 2, 0)
2535	(0, 0, 0, 1, 0, 1, 4, 0, 6, 3, 1, 0)
2536	(0, 0, 0, 1, 0, 1, 3, 0, 6, 3, 2, 0)
2537	(0, 0, 0, 1, 0, 0, 6, 0, 5, 4, 1, 0)
2538	(0, 0, 0, 1, 0, 0, 5, 0, 6, 4, 1, 0)
2539	(0, 0, 0, 1, 0, 0, 0, 6, 5, 4, 1, 0)
2540	(0, 0, 0, 1, 0, 0, 0, 5, 6, 4, 1, 0)
2541	(0, 0, 0, 0, 0, 5, 5, 1, 1, 4, 0, 0)
2542	(0, 0, 0, 0, 0, 5, 4, 2, 1, 4, 0, 0)
2543	(0, 0, 0, 0, 0, 5, 4, 1, 2, 4, 0, 0)
2544	(0, 0, 0, 0, 0, 6, 4, 1, 1, 3, 1, 0)
2545	(0, 0, 0, 0, 0, 5, 2, 4, 1, 4, 0, 0)
2546	(0, 0, 0, 0, 0, 5, 2, 2, 2, 5, 0, 0)
2547	(0, 0, 0, 0, 0, 6, 2, 2, 1, 4, 1, 0)
2548	(0, 0, 0, 0, 0, 5, 3, 2, 1, 4, 1, 0)
2549	(0, 0, 0, 0, 0, 5, 2, 3, 1, 4, 1, 0)
2550	(0, 0, 0, 0, 0, 5, 2, 1, 4, 4, 0, 0)
2551	(0, 0, 0, 0, 0, 6, 2, 1, 2, 4, 1, 0)
2552	(0, 0, 0, 0, 0, 5, 3, 1, 2, 4, 1, 0)
2553	(0, 0, 0, 0, 0, 5, 2, 1, 3, 4, 1, 0)
2554	(0, 0, 0, 0, 0, 6, 3, 1, 1, 3, 2, 0)
2555	(0, 0, 0, 0, 0, 5, 1, 5, 1, 4, 0, 0)
2556	(0, 0, 0, 0, 0, 5, 1, 4, 2, 4, 0, 0)
2557	(0, 0, 0, 0, 0, 6, 1, 4, 1, 3, 1, 0)
2558	(0, 0, 0, 0, 0, 5, 1, 2, 4, 4, 0, 0)
2559	(0, 0, 0, 0, 0, 6, 1, 2, 2, 4, 1, 0)
2560	(0, 0, 0, 0, 0, 5, 1, 3, 2, 4, 1, 0)
2561	(0, 0, 0, 0, 0, 5, 1, 2, 3, 4, 1, 0)
2562	(0, 0, 0, 0, 0, 6, 1, 3, 1, 3, 2, 0)
2563	(0, 0, 0, 0, 0, 5, 1, 1, 5, 4, 0, 0)
2564	(0, 0, 0, 0, 0, 6, 1, 1, 4, 3, 1, 0)
2565	(0, 0, 0, 0, 0, 6, 1, 1, 3, 3, 2, 0)
2566	(0, 0, 0, 0, 0, 4, 5, 2, 1, 4, 0, 0)
2567	(0, 0, 0, 0, 0, 4, 5, 1, 2, 4, 0, 0)
2568	(0, 0, 0, 0, 0, 4, 6, 1, 1, 3, 1, 0)
2569	(0, 0, 0, 0, 0, 4, 4, 4, 1, 3, 0, 0)
2570	(0, 0, 0, 0, 0, 4, 4, 2, 2, 4, 0, 0)
2571	(0, 0, 0, 0, 0, 4, 4, 3, 1, 3, 1, 0)
2572	(0, 0, 0, 0, 0, 4, 4, 1, 4, 3, 0, 0)
2573	(0, 0, 0, 0, 0, 4, 4, 1, 3, 3, 1, 0)
2574	(0, 0, 0, 0, 0, 4, 2, 5, 1, 4, 0, 0)
2575	(0, 0, 0, 0, 0, 4, 2, 4, 2, 4, 0, 0)
2576	(0, 0, 0, 0, 0, 4, 3, 4, 1, 3, 1, 0)
2577	(0, 0, 0, 0, 0, 4, 2, 2, 4, 4, 0, 0)
2578	(0, 0, 0, 0, 0, 4, 3, 2, 2, 4, 1, 0)
2579	(0, 0, 0, 0, 0, 4, 2, 3, 2, 4, 1, 0)
2580	(0, 0, 0, 0, 0, 4, 2, 2, 3, 4, 1, 0)
2581	(0, 0, 0, 0, 0, 4, 3, 3, 1, 3, 2, 0)
2582	(0, 0, 0, 0, 0, 4, 2, 1, 5, 4, 0, 0)
2583	(0, 0, 0, 0, 0, 4, 3, 1, 4, 3, 1, 0)
2584	(0, 0, 0, 0, 0, 4, 3, 1, 3, 3, 2, 0)
2585	(0, 0, 0, 0, 0, 4, 1, 5, 2, 4, 0, 0)
2586	(0, 0, 0, 0, 0, 4, 1, 6, 1, 3, 1, 0)
2587	(0, 0, 0, 0, 0, 4, 1, 4, 4, 3, 0, 0)
2588	(0, 0, 0, 0, 0, 4, 1, 4, 3, 3, 1, 0)
2589	(0, 0, 0, 0, 0, 4, 1, 2, 5, 4, 0, 0)
2590	(0, 0, 0, 0, 0, 4, 1, 3, 4, 3, 1, 0)
2591	(0, 0, 0, 0, 0, 4, 1, 3, 3, 3, 2, 0)
2592	(0, 0, 0, 0, 0, 4, 1, 1, 6, 3, 1, 0)
2593	(0, 0, 0, 0, 0, 2, 5, 4, 1, 4, 0, 0)
2594	(0, 0, 0, 0, 0, 2, 5, 2, 2, 5, 0, 0)
2595	(0, 0, 0, 0, 0, 3, 5, 2, 1, 4, 1, 0)
2596	(0, 0, 0, 0, 0, 2, 6, 2, 1, 4, 1, 0)
2597	(0, 0, 0, 0, 0, 2, 5, 3, 1, 4, 1, 0)
2598	(0, 0, 0, 0, 0, 2, 5, 1, 4, 4, 0, 0)
2599	(0, 0, 0, 0, 0, 3, 5, 1, 2, 4, 1, 0)
2600	(0, 0, 0, 0, 0, 2, 6, 1, 2, 4, 1, 0)
2601	(0, 0, 0, 0, 0, 2, 5, 1, 3, 4, 1, 0)
2602	(0, 0, 0, 0, 0, 3, 6, 1, 1, 3, 2, 0)
2603	(0, 0, 0, 0, 0, 2, 4, 5, 1, 4, 0, 0)
2604	(0, 0, 0, 0, 0, 2, 4, 4, 2, 4, 0, 0)
2605	(0, 0, 0, 0, 0, 3, 4, 4, 1, 3, 1, 0)
2606	(0, 0, 0, 0, 0, 2, 4, 2, 4, 4, 0, 0)
2607	(0, 0, 0, 0, 0, 3, 4, 2, 2, 4, 1, 0)
2608	(0, 0, 0, 0, 0, 2, 4, 3, 2, 4, 1, 0)
2609	(0, 0, 0, 0, 0, 2, 4, 2, 3, 4, 1, 0)
2610	(0, 0, 0, 0, 0, 3, 4, 3, 1, 3, 2, 0)
2611	(0, 0, 0, 0, 0, 2, 4, 1, 5, 4, 0, 0)
2612	(0, 0, 0, 0, 0, 3, 4, 1, 4, 3, 1, 0)
2613	(0, 0, 0, 0, 0, 3, 4, 1, 3, 3, 2, 0)
2614	(0, 0, 0, 0, 0, 2, 2, 5, 2, 5, 0, 0)
2615	(0, 0, 0, 0, 0, 3, 2, 5, 1, 4, 1, 0)
2616	(0, 0, 0, 0, 0, 2, 3, 5, 1, 4, 1, 0)
2617	(0, 0, 0, 0, 0, 2, 2, 6, 1, 4, 1, 0)
2618	(0, 0, 0, 0, 0, 2, 2, 4, 4, 4, 0, 0)
2619	(0, 0, 0, 0, 0, 3, 2, 4, 2, 4, 1, 0)
2620	(0, 0, 0, 0, 0, 2, 3, 4, 2, 4, 1, 0)
2621	(0, 0, 0, 0, 0, 2, 2, 4, 3, 4, 1, 0)
2622	(0, 0, 0, 0, 0, 3, 3, 4, 1, 3, 2, 0)
2623	(0, 0, 0, 0, 0, 2, 2, 2, 5, 5, 0, 0)
2624	(0, 0, 0, 0, 0, 3, 2, 2, 4, 4, 1, 0)
2625	(0, 0, 0, 0, 0, 2, 3, 2, 4, 4, 1, 0)
2626	(0, 0, 0, 0, 0, 2, 2, 3, 4, 4, 1, 0)
2627	(0, 0, 0, 0, 0, 3, 3, 2, 2, 4, 2, 0)
2628	(0, 0, 0, 0, 0, 3, 2, 3, 2, 4, 2, 0)
2629	(0, 0, 0, 0, 0, 3, 2, 2, 3, 4, 2, 0)
2630	(0, 0, 0, 0, 0, 2, 3, 3, 2, 4, 2, 0)
2631	(0, 0, 0, 0, 0, 2, 3, 2, 3, 4, 2, 0)
2632	(0, 0, 0, 0, 0, 2, 2, 3, 3, 4, 2, 0)
2633	(0, 0, 0, 0, 0, 3, 3, 3, 1, 3, 3, 0)
2634	(0, 0, 0, 0, 0, 3, 2, 1, 5, 4, 1, 0)
2635	(0, 0, 0, 0, 0, 2, 3, 1, 5, 4, 1, 0)
2636	(0, 0, 0, 0, 0, 2, 2, 1, 6, 4, 1, 0)
2637	(0, 0, 0, 0, 0, 3, 3, 1, 4, 3, 2, 0)
2638	(0, 0, 0, 0, 0, 3, 3, 1, 3, 3, 3, 0)
2639	(0, 0, 0, 0, 0, 2, 1, 5, 4, 4, 0, 0)
2640	(0, 0, 0, 0, 0, 3, 1, 5, 2, 4, 1, 0)
2641	(0, 0, 0, 0, 0, 2, 1, 6, 2, 4, 1, 0)
2642	(0, 0, 0, 0, 0, 2, 1, 5, 3, 4, 1, 0)
2643	(0, 0, 0, 0, 0, 3, 1, 6, 1, 3, 2, 0)
2644	(0, 0, 0, 0, 0, 2, 1, 4, 5, 4, 0, 0)
2645	(0, 0, 0, 0, 0, 3, 1, 4, 4, 3, 1, 0)
2646	(0, 0, 0, 0, 0, 3, 1, 4, 3, 3, 2, 0)
2647	(0, 0, 0, 0, 0, 3, 1, 2, 5, 4, 1, 0)
2648	(0, 0, 0, 0, 0, 2, 1, 3, 5, 4, 1, 0)
2649	(0, 0, 0, 0, 0, 2, 1, 2, 6, 4, 1, 0)
2650	(0, 0, 0, 0, 0, 3, 1, 3, 4, 3, 2, 0)
2651	(0, 0, 0, 0, 0, 3, 1, 3, 3, 3, 3, 0)
2652	(0, 0, 0, 0, 0, 3, 1, 1, 6, 3, 2, 0)
2653	(0, 0, 0, 0, 0, 1, 5, 5, 1, 4, 0, 0)
2654	(0, 0, 0, 0, 0, 1, 5, 4, 2, 4, 0, 0)
2655	(0, 0, 0, 0, 0, 1, 6, 4, 1, 3, 1, 0)
2656	(0, 0, 0, 0, 0, 1, 5, 2, 4, 4, 0, 0)
2657	(0, 0, 0, 0, 0, 1, 6, 2, 2, 4, 1, 0)
2658	(0, 0, 0, 0, 0, 1, 5, 3, 2, 4, 1, 0)
2659	(0, 0, 0, 0, 0, 1, 5, 2, 3, 4, 1, 0)
2660	(0, 0, 0, 0, 0, 1, 6, 3, 1, 3, 2, 0)
2661	(0, 0, 0, 0, 0, 1, 5, 1, 5, 4, 0, 0)
2662	(0, 0, 0, 0, 0, 1, 6, 1, 4, 3, 1, 0)
2663	(0, 0, 0, 0, 0, 1, 6, 1, 3, 3, 2, 0)
2664	(0, 0, 0, 0, 0, 1, 4, 5, 2, 4, 0, 0)
2665	(0, 0, 0, 0, 0, 1, 4, 6, 1, 3, 1, 0)
2666	(0, 0, 0, 0, 0, 1, 4, 4, 4, 3, 0, 0)
2667	(0, 0, 0, 0, 0, 1, 4, 4, 3, 3, 1, 0)
2668	(0, 0, 0, 0, 0, 1, 4, 2, 5, 4, 0, 0)
2669	(0, 0, 0, 0, 0, 1, 4, 3, 4, 3, 1, 0)
2670	(0, 0, 0, 0, 0, 1, 4, 3, 3, 3, 2, 0)
2671	(0, 0, 0, 0, 0, 1, 4, 1, 6, 3, 1, 0)
2672	(0, 0, 0, 0, 0, 1, 2, 5, 4, 4, 0, 0)
2673	(0, 0, 0, 0, 0, 1, 3, 5, 2, 4, 1, 0)
2674	(0, 0, 0, 0, 0, 1, 2, 6, 2, 4, 1, 0)
2675	(0, 0, 0, 0, 0, 1, 2, 5, 3, 4, 1, 0)
2676	(0, 0, 0, 0, 0, 1, 3, 6, 1, 3, 2, 0)
2677	(0, 0, 0, 0, 0, 1, 2, 4, 5, 4, 0, 0)
2678	(0, 0, 0, 0, 0, 1, 3, 4, 4, 3, 1, 0)
2679	(0, 0, 0, 0, 0, 1, 3, 4, 3, 3, 2, 0)
2680	(0, 0, 0, 0, 0, 1, 3, 2, 5, 4, 1, 0)
2681	(0, 0, 0, 0, 0, 1, 2, 3, 5, 4, 1, 0)
2682	(0, 0, 0, 0, 0, 1, 2, 2, 6, 4, 1, 0)
2683	(0, 0, 0, 0, 0, 1, 3, 3, 4, 3, 2, 0)
2684	(0, 0, 0, 0, 0, 1, 3, 3, 3, 3, 3, 0)
2685	(0, 0, 0, 0, 0, 1, 3, 1, 6, 3, 2, 0)
2686	(0, 0, 0, 0, 0, 1, 1, 5, 5, 4, 0, 0)
2687	(0, 0, 0, 0, 0, 1, 1, 6, 4, 3, 1, 0)
2688	(0, 0, 0, 0, 0, 1, 1, 6, 3, 3, 2, 0)
2689	(0, 0, 0, 0, 0, 1, 1, 4, 6, 3, 1, 0)
2690	(0, 0, 0, 0, 0, 1, 1, 3, 6, 3, 2, 0)
2691	(0, 0, 0, 0, 0, 0, 5, 5, 2, 5, 0, 0)
2692	(0, 0, 0, 0, 0, 0, 6, 5, 1, 4, 1, 0)
2693	(0, 0, 0, 0, 0, 0, 5, 6, 1, 4, 1, 0)
2694	(0, 0, 0, 0, 0, 0, 5, 4, 4, 4, 0, 0)
2695	(0, 0, 0, 0, 0, 0, 6, 4, 2, 4, 1, 0)
2696	(0, 0, 0, 0, 0, 0, 5, 4, 3, 4, 1, 0)
2697	(0, 0, 0, 0, 0, 0, 5, 2, 5, 5, 0, 0)
2698	(0, 0, 0, 0, 0, 0, 6, 2, 4, 4, 1, 0)
2699	(0, 0, 0, 0, 0, 0, 5, 3, 4, 4, 1, 0)
2700	(0, 0, 0, 0, 0, 0, 6, 3, 2, 4, 2, 0)
2701	(0, 0, 0, 0, 0, 0, 6, 2, 3, 4, 2, 0)
2702	(0, 0, 0, 0, 0, 0, 5, 3, 3, 4, 2, 0)
2703	(0, 0, 0, 0, 0, 0, 6, 1, 5, 4, 1, 0)
2704	(0, 0, 0, 0, 0, 0, 5, 1, 6, 4, 1, 0)
2705	(0, 0, 0, 0, 0, 0, 4, 5, 4, 4, 0, 0)
2706	(0, 0, 0, 0, 0, 0, 4, 6, 2, 4, 1, 0)
2707	(0, 0, 0, 0, 0, 0, 4, 5, 3, 4, 1, 0)
2708	(0, 0, 0, 0, 0, 0, 4, 4, 5, 4, 0, 0)
2709	(0, 0, 0, 0, 0, 0, 4, 3, 5, 4, 1, 0)
2710	(0, 0, 0, 0, 0, 0, 4, 2, 6, 4, 1, 0)
2711	(0, 0, 0, 0, 0, 0, 2, 5, 5, 5, 0, 0)
2712	(0, 0, 0, 0, 0, 0, 3, 5, 4, 4, 1, 0)
2713	(0, 0, 0, 0, 0, 0, 2, 6, 4, 4, 1, 0)
2714	(0, 0, 0, 0, 0, 0, 3, 6, 2, 4, 2, 0)
2715	(0, 0, 0, 0, 0, 0, 3, 5, 3, 4, 2, 0)
2716	(0, 0, 0, 0, 0, 0, 2, 6, 3, 4, 2, 0)
2717	(0, 0, 0, 0, 0, 0, 3, 4, 5, 4, 1, 0)
2718	(0, 0, 0, 0, 0, 0, 2, 4, 6, 4, 1, 0)
2719	(0, 0, 0, 0, 0, 0, 3, 3, 5, 4, 2, 0)
2720	(0, 0, 0, 0, 0, 0, 3, 2, 6, 4, 2, 0)
2721	(0, 0, 0, 0, 0, 0, 2, 3, 6, 4, 2, 0)
2722	(0, 0, 0, 0, 0, 0, 1, 6, 5, 4, 1, 0)
2723	(0, 0, 0, 0, 0, 0, 1, 5, 6, 4, 1, 0)
2724	(0, 0, 0, 0, 0, 5, 5, 0, 2, 5, 0, 0)
2725	(0, 0, 0, 0, 0, 6, 5, 0, 1, 4, 1, 0)
2726	(0, 0, 0, 0, 0, 5, 6, 0, 1, 4, 1, 0)
2727	(0, 0, 0, 0, 0, 5, 4, 0, 4, 4, 0, 0)
2728	(0, 0, 0, 0, 0, 6, 4, 0, 2, 4, 1, 0)
2729	(0, 0, 0, 0, 0, 5, 4, 0, 3, 4, 1, 0)
2730	(0, 0, 0, 0, 0, 5, 2, 0, 5, 5, 0, 0)
2731	(0, 0, 0, 0, 0, 6, 2, 0, 4, 4, 1, 0)
2732	(0, 0, 0, 0, 0, 5, 3, 0, 4, 4, 1, 0)
2733	(0, 0, 0, 0, 0, 6, 3, 0, 2, 4, 2, 0)
2734	(0, 0, 0, 0, 0, 6, 2, 0, 3, 4, 2, 0)
2735	(0, 0, 0, 0, 0, 5, 3, 0, 3, 4, 2, 0)
2736	(0, 0, 0, 0, 0, 6, 1, 0, 5, 4, 1, 0)
2737	(0, 0, 0, 0, 0, 5, 1, 0, 6, 4, 1, 0)
2738	(0, 0, 0, 0, 0, 4, 5, 0, 4, 4, 0, 0)
2739	(0, 0, 0, 0, 0, 4, 6, 0, 2, 4, 1, 0)
2740	(0, 0, 0, 0, 0, 4, 5, 0, 3, 4, 1, 0)
2741	(0, 0, 0, 0, 0, 4, 4, 0, 5, 4, 0, 0)
2742	(0, 0, 0, 0, 0, 4, 3, 0, 5, 4, 1, 0)
2743	(0, 0, 0, 0, 0, 4, 2, 0, 6, 4, 1, 0)
2744	(0, 0, 0, 0, 0, 2, 5, 0, 5, 5, 0, 0)
2745	(0, 0, 0, 0, 0, 3, 5, 0, 4, 4, 1, 0)
2746	(0, 0, 0, 0, 0, 2, 6, 0, 4, 4, 1, 0)
2747	(0, 0, 0, 0, 0, 3, 6, 0, 2, 4, 2, 0)
2748	(0, 0, 0, 0, 0, 3, 5, 0, 3, 4, 2, 0)
2749	(0, 0, 0, 0, 0, 2, 6, 0, 3, 4, 2, 0)
2750	(0, 0, 0, 0, 0, 3, 4, 0, 5, 4, 1, 0)
2751	(0, 0, 0, 0, 0, 2, 4, 0, 6, 4, 1, 0)
2752	(0, 0, 0, 0, 0, 3, 3, 0, 5, 4, 2, 0)
2753	(0, 0, 0, 0, 0, 3, 2, 0, 6, 4, 2, 0)
2754	(0, 0, 0, 0, 0, 2, 3, 0, 6, 4, 2, 0)
2755	(0, 0, 0, 0, 0, 1, 6, 0, 5, 4, 1, 0)
2756	(0, 0, 0, 0, 0, 1, 5, 0, 6, 4, 1, 0)
2757	(0, 0, 0, 0, 0, 0, 6, 0, 6, 4, 2, 0)
2758	(0, 0, 0, 0, 0, 0, 0, 6, 6, 4, 2, 0)
2759	(1, 0, 0, 1, 0, 0, 0, 6, 6, 4, 2, 0)
2760	(0, 0, 0, 1, 0, 5, 2, 1, 1, 3, 0, 1)
2761	(0, 0, 0, 1, 0, 5, 1, 2, 1, 3, 0, 1)
2762	(0, 0, 0, 1, 0, 5, 1, 1, 2, 3, 0, 1)
2763	(0, 0, 0, 1, 0, 6, 1, 1, 1, 2, 1, 1)
2764	(0, 0, 0, 1, 0, 5, 1, 1, 1, 2, 0, 2)
2765	(0, 0, 0, 1, 0, 4, 4, 1, 1, 2, 0, 1)
2766	(0, 0, 0, 1, 0, 4, 2, 2, 1, 3, 0, 1)
2767	(0, 0, 0, 1, 0, 4, 2, 1, 2, 3, 0, 1)
2768	(0, 0, 0, 1, 0, 4, 3, 1, 1, 2, 1, 1)
2769	(0, 0, 0, 1, 0, 4, 2, 1, 1, 2, 0, 2)
2770	(0, 0, 0, 1, 0, 4, 1, 4, 1, 2, 0, 1)
2771	(0, 0, 0, 1, 0, 4, 1, 2, 2, 3, 0, 1)
2772	(0, 0, 0, 1, 0, 4, 1, 3, 1, 2, 1, 1)
2773	(0, 0, 0, 1, 0, 4, 1, 2, 1, 2, 0, 2)
2774	(0, 0, 0, 1, 0, 4, 1, 1, 4, 2, 0, 1)
2775	(0, 0, 0, 1, 0, 4, 1, 1, 3, 2, 1, 1)
2776	(0, 0, 0, 1, 0, 4, 1, 1, 2, 2, 0, 2)
2777	(0, 0, 0, 1, 0, 2, 5, 1, 1, 3, 0, 1)
2778	(0, 0, 0, 1, 0, 2, 4, 2, 1, 3, 0, 1)
2779	(0, 0, 0, 1, 0, 2, 4, 1, 2, 3, 0, 1)
2780	(0, 0, 0, 1, 0, 3, 4, 1, 1, 2, 1, 1)
2781	(0, 0, 0, 1, 0, 2, 4, 1, 1, 2, 0, 2)
2782	(0, 0, 0, 1, 0, 2, 2, 4, 1, 3, 0, 1)
2783	(0, 0, 0, 1, 0, 2, 2, 2, 2, 4, 0, 1)
2784	(0, 0, 0, 1, 0, 3, 2, 2, 1, 3, 1, 1)
2785	(0, 0, 0, 1, 0, 2, 3, 2, 1, 3, 1, 1)
2786	(0, 0, 0, 1, 0, 2, 2, 3, 1, 3, 1, 1)
2787	(0, 0, 0, 1, 0, 2, 2, 2, 1, 3, 0, 2)
2788	(0, 0, 0, 1, 0, 2, 2, 1, 4, 3, 0, 1)
2789	(0, 0, 0, 1, 0, 3, 2, 1, 2, 3, 1, 1)
2790	(0, 0, 0, 1, 0, 2, 3, 1, 2, 3, 1, 1)
2791	(0, 0, 0, 1, 0, 2, 2, 1, 3, 3, 1, 1)
2792	(0, 0, 0, 1, 0, 2, 2, 1, 2, 3, 0, 2)
2793	(0, 0, 0, 1, 0, 3, 3, 1, 1, 2, 2, 1)
2794	(0, 0, 0, 1, 0, 3, 2, 1, 1, 2, 1, 2)
2795	(0, 0, 0, 1, 0, 2, 3, 1, 1, 2, 1, 2)
2796	(0, 0, 0, 1, 0, 2, 1, 5, 1, 3, 0, 1)
2797	(0, 0, 0, 1, 0, 2, 1, 4, 2, 3, 0, 1)
2798	(0, 0, 0, 1, 0, 3, 1, 4, 1, 2, 1, 1)
2799	(0, 0, 0, 1, 0, 2, 1, 4, 1, 2, 0, 2)
2800	(0, 0, 0, 1, 0, 2, 1, 2, 4, 3, 0, 1)
2801	(0, 0, 0, 1, 0, 3, 1, 2, 2, 3, 1, 1)
2802	(0, 0, 0, 1, 0, 2, 1, 3, 2, 3, 1, 1)
2803	(0, 0, 0, 1, 0, 2, 1, 2, 3, 3, 1, 1)
2804	(0, 0, 0, 1, 0, 2, 1, 2, 2, 3, 0, 2)
2805	(0, 0, 0, 1, 0, 3, 1, 3, 1, 2, 2, 1)
2806	(0, 0, 0, 1, 0, 3, 1, 2, 1, 2, 1, 2)
2807	(0, 0, 0, 1, 0, 2, 1, 3, 1, 2, 1, 2)
2808	(0, 0, 0, 1, 0, 2, 1, 1, 5, 3, 0, 1)
2809	(0, 0, 0, 1, 0, 3, 1, 1, 4, 2, 1, 1)
2810	(0, 0, 0, 1, 0, 2, 1, 1, 4, 2, 0, 2)
2811	(0, 0, 0, 1, 0, 3, 1, 1, 3, 2, 2, 1)
2812	(0, 0, 0, 1, 0, 3, 1, 1, 2, 2, 1, 2)
2813	(0, 0, 0, 1, 0, 2, 1, 1, 3, 2, 1, 2)
2814	(0, 0, 0, 1, 0, 1, 5, 2, 1, 3, 0, 1)
2815	(0, 0, 0, 1, 0, 1, 5, 1, 2, 3, 0, 1)
2816	(0, 0, 0, 1, 0, 1, 6, 1, 1, 2, 1, 1)
2817	(0, 0, 0, 1, 0, 1, 5, 1, 1, 2, 0, 2)
2818	(0, 0, 0, 1, 0, 1, 4, 4, 1, 2, 0, 1)
2819	(0, 0, 0, 1, 0, 1, 4, 2, 2, 3, 0, 1)
2820	(0, 0, 0, 1, 0, 1, 4, 3, 1, 2, 1, 1)
2821	(0, 0, 0, 1, 0, 1, 4, 2, 1, 2, 0, 2)
2822	(0, 0, 0, 1, 0, 1, 4, 1, 4, 2, 0, 1)
2823	(0, 0, 0, 1, 0, 1, 4, 1, 3, 2, 1, 1)
2824	(0, 0, 0, 1, 0, 1, 4, 1, 2, 2, 0, 2)
2825	(0, 0, 0, 1, 0, 1, 2, 5, 1, 3, 0, 1)
2826	(0, 0, 0, 1, 0, 1, 2, 4, 2, 3, 0, 1)
2827	(0, 0, 0, 1, 0, 1, 3, 4, 1, 2, 1, 1)
2828	(0, 0, 0, 1, 0, 1, 2, 4, 1, 2, 0, 2)
2829	(0, 0, 0, 1, 0, 1, 2, 2, 4, 3, 0, 1)
2830	(0, 0, 0, 1, 0, 1, 3, 2, 2, 3, 1, 1)
2831	(0, 0, 0, 1, 0, 1, 2, 3, 2, 3, 1, 1)
2832	(0, 0, 0, 1, 0, 1, 2, 2, 3, 3, 1, 1)
2833	(0, 0, 0, 1, 0, 1, 2, 2, 2, 3, 0, 2)
2834	(0, 0, 0, 1, 0, 1, 3, 3, 1, 2, 2, 1)
2835	(0, 0, 0, 1, 0, 1, 3, 2, 1, 2, 1, 2)
2836	(0, 0, 0, 1, 0, 1, 2, 3, 1, 2, 1, 2)
2837	(0, 0, 0, 1, 0, 1, 2, 1, 5, 3, 0, 1)
2838	(0, 0, 0, 1, 0, 1, 3, 1, 4, 2, 1, 1)
2839	(0, 0, 0, 1, 0, 1, 2, 1, 4, 2, 0, 2)
2840	(0, 0, 0, 1, 0, 1, 3, 1, 3, 2, 2, 1)
2841	(0, 0, 0, 1, 0, 1, 3, 1, 2, 2, 1, 2)
2842	(0, 0, 0, 1, 0, 1, 2, 1, 3, 2, 1, 2)
2843	(0, 0, 0, 1, 0, 1, 1, 5, 2, 3, 0, 1)
2844	(0, 0, 0, 1, 0, 1, 1, 6, 1, 2, 1, 1)
2845	(0, 0, 0, 1, 0, 1, 1, 5, 1, 2, 0, 2)
2846	(0, 0, 0, 1, 0, 1, 1, 4, 4, 2, 0, 1)
2847	(0, 0, 0, 1, 0, 1, 1, 4, 3, 2, 1, 1)
2848	(0, 0, 0, 1, 0, 1, 1, 4, 2, 2, 0, 2)
2849	(0, 0, 0, 1, 0, 1, 1, 2, 5, 3, 0, 1)
2850	(0, 0, 0, 1, 0, 1, 1, 3, 4, 2, 1, 1)
2851	(0, 0, 0, 1, 0, 1, 1, 2, 4, 2, 0, 2)
2852	(0, 0, 0, 1, 0, 1, 1, 3, 3, 2, 2, 1)
2853	(0, 0, 0, 1, 0, 1, 1, 3, 2, 2, 1, 2)
2854	(0, 0, 0, 1, 0, 1, 1, 2, 3, 2, 1, 2)
2855	(0, 0, 0, 1, 0, 1, 1, 1, 6, 2, 1, 1)
2856	(0, 0, 0, 1, 0, 1, 1, 1, 5, 2, 0, 2)
2857	(0, 0, 0, 1, 0, 0, 5, 4, 1, 3, 0, 1)
2858	(0, 0, 0, 1, 0, 0, 5, 2, 2, 4, 0, 1)
2859	(0, 0, 0, 1, 0, 0, 6, 2, 1, 3, 1, 1)
2860	(0, 0, 0, 1, 0, 0, 5, 3, 1, 3, 1, 1)
2861	(0, 0, 0, 1, 0, 0, 5, 2, 1, 3, 0, 2)
2862	(0, 0, 0, 1, 0, 0, 5, 1, 4, 3, 0, 1)
2863	(0, 0, 0, 1, 0, 0, 6, 1, 2, 3, 1, 1)
2864	(0, 0, 0, 1, 0, 0, 5, 1, 3, 3, 1, 1)
2865	(0, 0, 0, 1, 0, 0, 5, 1, 2, 3, 0, 2)
2866	(0, 0, 0, 1, 0, 0, 6, 1, 1, 2, 1, 2)
2867	(0, 0, 0, 1, 0, 0, 4, 5, 1, 3, 0, 1)
2868	(0, 0, 0, 1, 0, 0, 4, 4, 2, 3, 0, 1)
2869	(0, 0, 0, 1, 0, 0, 4, 4, 1, 2, 0, 2)
2870	(0, 0, 0, 1, 0, 0, 4, 2, 4, 3, 0, 1)
2871	(0, 0, 0, 1, 0, 0, 4, 3, 2, 3, 1, 1)
2872	(0, 0, 0, 1, 0, 0, 4, 2, 3, 3, 1, 1)
2873	(0, 0, 0, 1, 0, 0, 4, 2, 2, 3, 0, 2)
2874	(0, 0, 0, 1, 0, 0, 4, 3, 1, 2, 1, 2)
2875	(0, 0, 0, 1, 0, 0, 4, 1, 5, 3, 0, 1)
2876	(0, 0, 0, 1, 0, 0, 4, 1, 4, 2, 0, 2)
2877	(0, 0, 0, 1, 0, 0, 4, 1, 3, 2, 1, 2)
2878	(0, 0, 0, 1, 0, 0, 2, 5, 2, 4, 0, 1)
2879	(0, 0, 0, 1, 0, 0, 3, 5, 1, 3, 1, 1)
2880	(0, 0, 0, 1, 0, 0, 2, 6, 1, 3, 1, 1)
2881	(0, 0, 0, 1, 0, 0, 2, 5, 1, 3, 0, 2)
2882	(0, 0, 0, 1, 0, 0, 2, 4, 4, 3, 0, 1)
2883	(0, 0, 0, 1, 0, 0, 3, 4, 2, 3, 1, 1)
2884	(0, 0, 0, 1, 0, 0, 2, 4, 3, 3, 1, 1)
2885	(0, 0, 0, 1, 0, 0, 2, 4, 2, 3, 0, 2)
2886	(0, 0, 0, 1, 0, 0, 3, 4, 1, 2, 1, 2)
2887	(0, 0, 0, 1, 0, 0, 2, 2, 5, 4, 0, 1)
2888	(0, 0, 0, 1, 0, 0, 3, 2, 4, 3, 1, 1)
2889	(0, 0, 0, 1, 0, 0, 2, 3, 4, 3, 1, 1)
2890	(0, 0, 0, 1, 0, 0, 2, 2, 4, 3, 0, 2)
2891	(0, 0, 0, 1, 0, 0, 3, 3, 2, 3, 2, 1)
2892	(0, 0, 0, 1, 0, 0, 3, 2, 3, 3, 2, 1)
2893	(0, 0, 0, 1, 0, 0, 3, 2, 2, 3, 1, 2)
2894	(0, 0, 0, 1, 0, 0, 2, 3, 3, 3, 2, 1)
2895	(0, 0, 0, 1, 0, 0, 2, 3, 2, 3, 1, 2)
2896	(0, 0, 0, 1, 0, 0, 2, 2, 3, 3, 1, 2)
2897	(0, 0, 0, 1, 0, 0, 3, 3, 1, 2, 2, 2)
2898	(0, 0, 0, 1, 0, 0, 3, 1, 5, 3, 1, 1)
2899	(0, 0, 0, 1, 0, 0, 2, 1, 6, 3, 1, 1)
2900	(0, 0, 0, 1, 0, 0, 2, 1, 5, 3, 0, 2)
2901	(0, 0, 0, 1, 0, 0, 3, 1, 4, 2, 1, 2)
2902	(0, 0, 0, 1, 0, 0, 3, 1, 3, 2, 2, 2)
2903	(0, 0, 0, 1, 0, 0, 1, 5, 4, 3, 0, 1)
2904	(0, 0, 0, 1, 0, 0, 1, 6, 2, 3, 1, 1)
2905	(0, 0, 0, 1, 0, 0, 1, 5, 3, 3, 1, 1)
2906	(0, 0, 0, 1, 0, 0, 1, 5, 2, 3, 0, 2)
2907	(0, 0, 0, 1, 0, 0, 1, 6, 1, 2, 1, 2)
2908	(0, 0, 0, 1, 0, 0, 1, 4, 5, 3, 0, 1)
2909	(0, 0, 0, 1, 0, 0, 1, 4, 4, 2, 0, 2)
2910	(0, 0, 0, 1, 0, 0, 1, 4, 3, 2, 1, 2)
2911	(0, 0, 0, 1, 0, 0, 1, 3, 5, 3, 1, 1)
2912	(0, 0, 0, 1, 0, 0, 1, 2, 6, 3, 1, 1)
2913	(0, 0, 0, 1, 0, 0, 1, 2, 5, 3, 0, 2)
2914	(0, 0, 0, 1, 0, 0, 1, 3, 4, 2, 1, 2)
2915	(0, 0, 0, 1, 0, 0, 1, 3, 3, 2, 2, 2)
2916	(0, 0, 0, 1, 0, 0, 1, 1, 6, 2, 1, 2)
2917	(0, 0, 0, 1, 0, 5, 4, 0, 1, 3, 0, 1)
2918	(0, 0, 0, 1, 0, 5, 2, 0, 2, 4, 0, 1)
2919	(0, 0, 0, 1, 0, 6, 2, 0, 1, 3, 1, 1)
2920	(0, 0, 0, 1, 0, 5, 3, 0, 1, 3, 1, 1)
2921	(0, 0, 0, 1, 0, 5, 2, 0, 1, 3, 0, 2)
2922	(0, 0, 0, 1, 0, 5, 1, 0, 4, 3, 0, 1)
2923	(0, 0, 0, 1, 0, 6, 1, 0, 2, 3, 1, 1)
2924	(0, 0, 0, 1, 0, 5, 1, 0, 3, 3, 1, 1)
2925	(0, 0, 0, 1, 0, 5, 1, 0, 2, 3, 0, 2)
2926	(0, 0, 0, 1, 0, 6, 1, 0, 1, 2, 1, 2)
2927	(0, 0, 0, 1, 0, 4, 5, 0, 1, 3, 0, 1)
2928	(0, 0, 0, 1, 0, 4, 4, 0, 2, 3, 0, 1)
2929	(0, 0, 0, 1, 0, 4, 4, 0, 1, 2, 0, 2)
2930	(0, 0, 0, 1, 0, 4, 2, 0, 4, 3, 0, 1)
2931	(0, 0, 0, 1, 0, 4, 3, 0, 2, 3, 1, 1)
2932	(0, 0, 0, 1, 0, 4, 2, 0, 3, 3, 1, 1)
2933	(0, 0, 0, 1, 0, 4, 2, 0, 2, 3, 0, 2)
2934	(0, 0, 0, 1, 0, 4, 3, 0, 1, 2, 1, 2)
2935	(0, 0, 0, 1, 0, 4, 1, 0, 5, 3, 0, 1)
2936	(0, 0, 0, 1, 0, 4, 1, 0, 4, 2, 0, 2)
2937	(0, 0, 0, 1, 0, 4, 1, 0, 3, 2, 1, 2)
2938	(0, 0, 0, 1, 0, 2, 5, 0, 2, 4, 0, 1)
2939	(0, 0, 0, 1, 0, 3, 5, 0, 1, 3, 1, 1)
2940	(0, 0, 0, 1, 0, 2, 6, 0, 1, 3, 1, 1)
2941	(0, 0, 0, 1, 0, 2, 5, 0, 1, 3, 0, 2)
2942	(0, 0, 0, 1, 0, 2, 4, 0, 4, 3, 0, 1)
2943	(0, 0, 0, 1, 0, 3, 4, 0, 2, 3, 1, 1)
2944	(0, 0, 0, 1, 0, 2, 4, 0, 3, 3, 1, 1)
2945	(0, 0, 0, 1, 0, 2, 4, 0, 2, 3, 0, 2)
2946	(0, 0, 0, 1, 0, 3, 4, 0, 1, 2, 1, 2)
2947	(0, 0, 0, 1, 0, 2, 2, 0, 5, 4, 0, 1)
2948	(0, 0, 0, 1, 0, 3, 2, 0, 4, 3, 1, 1)
2949	(0, 0, 0, 1, 0, 2, 3, 0, 4, 3, 1, 1)
2950	(0, 0, 0, 1, 0, 2, 2, 0, 4, 3, 0, 2)
2951	(0, 0, 0, 1, 0, 3, 3, 0, 2, 3, 2, 1)
2952	(0, 0, 0, 1, 0, 3, 2, 0, 3, 3, 2, 1)
2953	(0, 0, 0, 1, 0, 3, 2, 0, 2, 3, 1, 2)
2954	(0, 0, 0, 1, 0, 2, 3, 0, 3, 3, 2, 1)
2955	(0, 0, 0, 1, 0, 2, 3, 0, 2, 3, 1, 2)
2956	(0, 0, 0, 1, 0, 2, 2, 0, 3, 3, 1, 2)
2957	(0, 0, 0, 1, 0, 3, 3, 0, 1, 2, 2, 2)
2958	(0, 0, 0, 1, 0, 3, 1, 0, 5, 3, 1, 1)
2959	(0, 0, 0, 1, 0, 2, 1, 0, 6, 3, 1, 1)
2960	(0, 0, 0, 1, 0, 2, 1, 0, 5, 3, 0, 2)
2961	(0, 0, 0, 1, 0, 3, 1, 0, 4, 2, 1, 2)
2962	(0, 0, 0, 1, 0, 3, 1, 0, 3, 2, 2, 2)
2963	(0, 0, 0, 1, 0, 1, 5, 0, 4, 3, 0, 1)
2964	(0, 0, 0, 1, 0, 1, 6, 0, 2, 3, 1, 1)
2965	(0, 0, 0, 1, 0, 1, 5, 0, 3, 3, 1, 1)
2966	(0, 0, 0, 1, 0, 1, 5, 0, 2, 3, 0, 2)
2967	(0, 0, 0, 1, 0, 1, 6, 0, 1, 2, 1, 2)
2968	(0, 0, 0, 1, 0, 1, 4, 0, 5, 3, 0, 1)
2969	(0, 0, 0, 1, 0, 1, 4, 0, 4, 2, 0, 2)
2970	(0, 0, 0, 1, 0, 1, 4, 0, 3, 2, 1, 2)
2971	(0, 0, 0, 1, 0, 1, 3, 0, 5, 3, 1, 1)
2972	(0, 0, 0, 1, 0, 1, 2, 0, 6, 3, 1, 1)
2973	(0, 0, 0, 1, 0, 1, 2, 0, 5, 3, 0, 2)
2974	(0, 0, 0, 1, 0, 1, 3, 0, 4, 2, 1, 2)
2975	(0, 0, 0, 1, 0, 1, 3, 0, 3, 2, 2, 2)
2976	(0, 0, 0, 1, 0, 1, 1, 0, 6, 2, 1, 2)
2977	(0, 0, 0, 1, 0, 0, 5, 0, 5, 4, 0, 1)
2978	(0, 0, 0, 1, 0, 0, 6, 0, 4, 3, 1, 1)
2979	(0, 0, 0, 1, 0, 0, 5, 0, 4, 3, 0, 2)
2980	(0, 0, 0, 1, 0, 0, 6, 0, 3, 3, 2, 1)
2981	(0, 0, 0, 1, 0, 0, 6, 0, 2, 3, 1, 2)
2982	(0, 0, 0, 1, 0, 0, 5, 0, 3, 3, 1, 2)
2983	(0, 0, 0, 1, 0, 0, 4, 0, 6, 3, 1, 1)
2984	(0, 0, 0, 1, 0, 0, 4, 0, 5, 3, 0, 2)
2985	(0, 0, 0, 1, 0, 0, 3, 0, 6, 3, 2, 1)
2986	(0, 0, 0, 1, 0, 0, 3, 0, 5, 3, 1, 2)
2987	(0, 0, 0, 1, 0, 0, 2, 0, 6, 3, 1, 2)
2988	(0, 0, 0, 1, 0, 0, 0, 5, 5, 4, 0, 1)
2989	(0, 0, 0, 1, 0, 0, 0, 6, 4, 3, 1, 1)
2990	(0, 0, 0, 1, 0, 0, 0, 5, 4, 3, 0, 2)
2991	(0, 0, 0, 1, 0, 0, 0, 6, 3, 3, 2, 1)
2992	(0, 0, 0, 1, 0, 0, 0, 6, 2, 3, 1, 2)
2993	(0, 0, 0, 1, 0, 0, 0, 5, 3, 3, 1, 2)
2994	(0, 0, 0, 1, 0, 0, 0, 4, 6, 3, 1, 1)
2995	(0, 0, 0, 1, 0, 0, 0, 4, 5, 3, 0, 2)
2996	(0, 0, 0, 1, 0, 0, 0, 3, 6, 3, 2, 1)
2997	(0, 0, 0, 1, 0, 0, 0, 3, 5, 3, 1, 2)
2998	(0, 0, 0, 1, 0, 0, 0, 2, 6, 3, 1, 2)
2999	(0, 0, 0, 0, 0, 5, 4, 1, 1, 3, 0, 1)
3000	(0, 0, 0, 0, 0, 5, 2, 2, 1, 4, 0, 1)
3001	(0, 0, 0, 0, 0, 5, 2, 1, 2, 4, 0, 1)
3002	(0, 0, 0, 0, 0, 6, 2, 1, 1, 3, 1, 1)
3003	(0, 0, 0, 0, 0, 5, 3, 1, 1, 3, 1, 1)
3004	(0, 0, 0, 0, 0, 5, 2, 1, 1, 3, 0, 2)
3005	(0, 0, 0, 0, 0, 5, 1, 4, 1, 3, 0, 1)
3006	(0, 0, 0, 0, 0, 5, 1, 2, 2, 4, 0, 1)
3007	(0, 0, 0, 0, 0, 6, 1, 2, 1, 3, 1, 1)
3008	(0, 0, 0, 0, 0, 5, 1, 3, 1, 3, 1, 1)
3009	(0, 0, 0, 0, 0, 5, 1, 2, 1, 3, 0, 2)
3010	(0, 0, 0, 0, 0, 5, 1, 1, 4, 3, 0, 1)
3011	(0, 0, 0, 0, 0, 6, 1, 1, 2, 3, 1, 1)
3012	(0, 0, 0, 0, 0, 5, 1, 1, 3, 3, 1, 1)
3013	(0, 0, 0, 0, 0, 5, 1, 1, 2, 3, 0, 2)
3014	(0, 0, 0, 0, 0, 6, 1, 1, 1, 2, 1, 2)
3015	(0, 0, 0, 0, 0, 4, 5, 1, 1, 3, 0, 1)
3016	(0, 0, 0, 0, 0, 4, 4, 2, 1, 3, 0, 1)
3017	(0, 0, 0, 0, 0, 4, 4, 1, 2, 3, 0, 1)
3018	(0, 0, 0, 0, 0, 4, 4, 1, 1, 2, 0, 2)
3019	(0, 0, 0, 0, 0, 4, 2, 4, 1, 3, 0, 1)
3020	(0, 0, 0, 0, 0, 4, 2, 2, 2, 4, 0, 1)
3021	(0, 0, 0, 0, 0, 4, 3, 2, 1, 3, 1, 1)
3022	(0, 0, 0, 0, 0, 4, 2, 3, 1, 3, 1, 1)
3023	(0, 0, 0, 0, 0, 4, 2, 2, 1, 3, 0, 2)
3024	(0, 0, 0, 0, 0, 4, 2, 1, 4, 3, 0, 1)
3025	(0, 0, 0, 0, 0, 4, 3, 1, 2, 3, 1, 1)
3026	(0, 0, 0, 0, 0, 4, 2, 1, 3, 3, 1, 1)
3027	(0, 0, 0, 0, 0, 4, 2, 1, 2, 3, 0, 2)
3028	(0, 0, 0, 0, 0, 4, 3, 1, 1, 2, 1, 2)
3029	(0, 0, 0, 0, 0, 4, 1, 5, 1, 3, 0, 1)
3030	(0, 0, 0, 0, 0, 4, 1, 4, 2, 3, 0, 1)
3031	(0, 0, 0, 0, 0, 4, 1, 4, 1, 2, 0, 2)
3032	(0, 0, 0, 0, 0, 4, 1, 2, 4, 3, 0, 1)
3033	(0, 0, 0, 0, 0, 4, 1, 3, 2, 3, 1, 1)
3034	(0, 0, 0, 0, 0, 4, 1, 2, 3, 3, 1, 1)
3035	(0, 0, 0, 0, 0, 4, 1, 2, 2, 3, 0, 2)
3036	(0, 0, 0, 0, 0, 4, 1, 3, 1, 2, 1, 2)
3037	(0, 0, 0, 0, 0, 4, 1, 1, 5, 3, 0, 1)
3038	(0, 0, 0, 0, 0, 4, 1, 1, 4, 2, 0, 2)
3039	(0, 0, 0, 0, 0, 4, 1, 1, 3, 2, 1, 2)
3040	(0, 0, 0, 0, 0, 2, 5, 2, 1, 4, 0, 1)
3041	(0, 0, 0, 0, 0, 2, 5, 1, 2, 4, 0, 1)
3042	(0, 0, 0, 0, 0, 3, 5, 1, 1, 3, 1, 1)
3043	(0, 0, 0, 0, 0, 2, 6, 1, 1, 3, 1, 1)
3044	(0, 0, 0, 0, 0, 2, 5, 1, 1, 3, 0, 2)
3045	(0, 0, 0, 0, 0, 2, 4, 4, 1, 3, 0, 1)
3046	(0, 0, 0, 0, 0, 2, 4, 2, 2, 4, 0, 1)
3047	(0, 0, 0, 0, 0, 3, 4, 2, 1, 3, 1, 1)
3048	(0, 0, 0, 0, 0, 2, 4, 3, 1, 3, 1, 1)
3049	(0, 0, 0, 0, 0, 2, 4, 2, 1, 3, 0, 2)
3050	(0, 0, 0, 0, 0, 2, 4, 1, 4, 3, 0, 1)
3051	(0, 0, 0, 0, 0, 3, 4, 1, 2, 3, 1, 1)
3052	(0, 0, 0, 0, 0, 2, 4, 1, 3, 3, 1, 1)
3053	(0, 0, 0, 0, 0, 2, 4, 1, 2, 3, 0, 2)
3054	(0, 0, 0, 0, 0, 3, 4, 1, 1, 2, 1, 2)
3055	(0, 0, 0, 0, 0, 2, 2, 5, 1, 4, 0, 1)
3056	(0, 0, 0, 0, 0, 2, 2, 4, 2, 4, 0, 1)
3057	(0, 0, 0, 0, 0, 3, 2, 4, 1, 3, 1, 1)
3058	(0, 0, 0, 0, 0, 2, 3, 4, 1, 3, 1, 1)
3059	(0, 0, 0, 0, 0, 2, 2, 4, 1, 3, 0, 2)
3060	(0, 0, 0, 0, 0, 2, 2, 2, 4, 4, 0, 1)
3061	(0, 0, 0, 0, 0, 3, 2, 2, 2, 4, 1, 1)
3062	(0, 0, 0, 0, 0, 2, 3, 2, 2, 4, 1, 1)
3063	(0, 0, 0, 0, 0, 2, 2, 3, 2, 4, 1, 1)
3064	(0, 0, 0, 0, 0, 2, 2, 2, 3, 4, 1, 1)
3065	(0, 0, 0, 0, 0, 2, 2, 2, 2, 4, 0, 2)
3066	(0, 0, 0, 0, 0, 3, 3, 2, 1, 3, 2, 1)
3067	(0, 0, 0, 0, 0, 3, 2, 3, 1, 3, 2, 1)
3068	(0, 0, 0, 0, 0, 3, 2, 2, 1, 3, 1, 2)
3069	(0, 0, 0, 0, 0, 2, 3, 3, 1, 3, 2, 1)
3070	(0, 0, 0, 0, 0, 2, 3, 2, 1, 3, 1, 2)
3071	(0, 0, 0, 0, 0, 2, 2, 3, 1, 3, 1, 2)
3072	(0, 0, 0, 0, 0, 2, 2, 1, 5, 4, 0, 1)
3073	(0, 0, 0, 0, 0, 3, 2, 1, 4, 3, 1, 1)
3074	(0, 0, 0, 0, 0, 2, 3, 1, 4, 3, 1, 1)
3075	(0, 0, 0, 0, 0, 2, 2, 1, 4, 3, 0, 2)
3076	(0, 0, 0, 0, 0, 3, 3, 1, 2, 3, 2, 1)
3077	(0, 0, 0, 0, 0, 3, 2, 1, 3, 3, 2, 1)
3078	(0, 0, 0, 0, 0, 3, 2, 1, 2, 3, 1, 2)
3079	(0, 0, 0, 0, 0, 2, 3, 1, 3, 3, 2, 1)
3080	(0, 0, 0, 0, 0, 2, 3, 1, 2, 3, 1, 2)
3081	(0, 0, 0, 0, 0, 2, 2, 1, 3, 3, 1, 2)
3082	(0, 0, 0, 0, 0, 3, 3, 1, 1, 2, 2, 2)
3083	(0, 0, 0, 0, 0, 2, 1, 5, 2, 4, 0, 1)
3084	(0, 0, 0, 0, 0, 3, 1, 5, 1, 3, 1, 1)
3085	(0, 0, 0, 0, 0, 2, 1, 6, 1, 3, 1, 1)
3086	(0, 0, 0, 0, 0, 2, 1, 5, 1, 3, 0, 2)
3087	(0, 0, 0, 0, 0, 2, 1, 4, 4, 3, 0, 1)
3088	(0, 0, 0, 0, 0, 3, 1, 4, 2, 3, 1, 1)
3089	(0, 0, 0, 0, 0, 2, 1, 4, 3, 3, 1, 1)
3090	(0, 0, 0, 0, 0, 2, 1, 4, 2, 3, 0, 2)
3091	(0, 0, 0, 0, 0, 3, 1, 4, 1, 2, 1, 2)
3092	(0, 0, 0, 0, 0, 2, 1, 2, 5, 4, 0, 1)
3093	(0, 0, 0, 0, 0, 3, 1, 2, 4, 3, 1, 1)
3094	(0, 0, 0, 0, 0, 2, 1, 3, 4, 3, 1, 1)
3095	(0, 0, 0, 0, 0, 2, 1, 2, 4, 3, 0, 2)
3096	(0, 0, 0, 0, 0, 3, 1, 3, 2, 3, 2, 1)
3097	(0, 0, 0, 0, 0, 3, 1, 2, 3, 3, 2, 1)
3098	(0, 0, 0, 0, 0, 3, 1, 2, 2, 3, 1, 2)
3099	(0, 0, 0, 0, 0, 2, 1, 3, 3, 3, 2, 1)
3100	(0, 0, 0, 0, 0, 2, 1, 3, 2, 3, 1, 2)
3101	(0, 0, 0, 0, 0, 2, 1, 2, 3, 3, 1, 2)
3102	(0, 0, 0, 0, 0, 3, 1, 3, 1, 2, 2, 2)
3103	(0, 0, 0, 0, 0, 3, 1, 1, 5, 3, 1, 1)
3104	(0, 0, 0, 0, 0, 2, 1, 1, 6, 3, 1, 1)
3105	(0, 0, 0, 0, 0, 2, 1, 1, 5, 3, 0, 2)
3106	(0, 0, 0, 0, 0, 3, 1, 1, 4, 2, 1, 2)
3107	(0, 0, 0, 0, 0, 3, 1, 1, 3, 2, 2, 2)
3108	(0, 0, 0, 0, 0, 1, 5, 4, 1, 3, 0, 1)
3109	(0, 0, 0, 0, 0, 1, 5, 2, 2, 4, 0, 1)
3110	(0, 0, 0, 0, 0, 1, 6, 2, 1, 3, 1, 1)
3111	(0, 0, 0, 0, 0, 1, 5, 3, 1, 3, 1, 1)
3112	(0, 0, 0, 0, 0, 1, 5, 2, 1, 3, 0, 2)
3113	(0, 0, 0, 0, 0, 1, 5, 1, 4, 3, 0, 1)
3114	(0, 0, 0, 0, 0, 1, 6, 1, 2, 3, 1, 1)
3115	(0, 0, 0, 0, 0, 1, 5, 1, 3, 3, 1, 1)
3116	(0, 0, 0, 0, 0, 1, 5, 1, 2, 3, 0, 2)
3117	(0, 0, 0, 0, 0, 1, 6, 1, 1, 2, 1, 2)
3118	(0, 0, 0, 0, 0, 1, 4, 5, 1, 3, 0, 1)
3119	(0, 0, 0, 0, 0, 1, 4, 4, 2, 3, 0, 1)
3120	(0, 0, 0, 0, 0, 1, 4, 4, 1, 2, 0, 2)
3121	(0, 0, 0, 0, 0, 1, 4, 2, 4, 3, 0, 1)
3122	(0, 0, 0, 0, 0, 1, 4, 3, 2, 3, 1, 1)
3123	(0, 0, 0, 0, 0, 1, 4, 2, 3, 3, 1, 1)
3124	(0, 0, 0, 0, 0, 1, 4, 2, 2, 3, 0, 2)
3125	(0, 0, 0, 0, 0, 1, 4, 3, 1, 2, 1, 2)
3126	(0, 0, 0, 0, 0, 1, 4, 1, 5, 3, 0, 1)
3127	(0, 0, 0, 0, 0, 1, 4, 1, 4, 2, 0, 2)
3128	(0, 0, 0, 0, 0, 1, 4, 1, 3, 2, 1, 2)
3129	(0, 0, 0, 0, 0, 1, 2, 5, 2, 4, 0, 1)
3130	(0, 0, 0, 0, 0, 1, 3, 5, 1, 3, 1, 1)
3131	(0, 0, 0, 0, 0, 1, 2, 6, 1, 3, 1, 1)
3132	(0, 0, 0, 0, 0, 1, 2, 5, 1, 3, 0, 2)
3133	(0, 0, 0, 0, 0, 1, 2, 4, 4, 3, 0, 1)
3134	(0, 0, 0, 0, 0, 1, 3, 4, 2, 3, 1, 1)
3135	(0, 0, 0, 0, 0, 1, 2, 4, 3, 3, 1, 1)
3136	(0, 0, 0, 0, 0, 1, 2, 4, 2, 3, 0, 2)
3137	(0, 0, 0, 0, 0, 1, 3, 4, 1, 2, 1, 2)
3138	(0, 0, 0, 0, 0, 1, 2, 2, 5, 4, 0, 1)
3139	(0, 0, 0, 0, 0, 1, 3, 2, 4, 3, 1, 1)
3140	(0, 0, 0, 0, 0, 1, 2, 3, 4, 3, 1, 1)
3141	(0, 0, 0, 0, 0, 1, 2, 2, 4, 3, 0, 2)
3142	(0, 0, 0, 0, 0, 1, 3, 3, 2, 3, 2, 1)
3143	(0, 0, 0, 0, 0, 1, 3, 2, 3, 3, 2, 1)
3144	(0, 0, 0, 0, 0, 1, 3, 2, 2, 3, 1, 2)
3145	(0, 0, 0, 0, 0, 1, 2, 3, 3, 3, 2, 1)
3146	(0, 0, 0, 0, 0, 1, 2, 3, 2, 3, 1, 2)
3147	(0, 0, 0, 0, 0, 1, 2, 2, 3, 3, 1, 2)
3148	(0, 0, 0, 0, 0, 1, 3, 3, 1, 2, 2, 2)
3149	(0, 0, 0, 0, 0, 1, 3, 1, 5, 3, 1, 1)
3150	(0, 0, 0, 0, 0, 1, 2, 1, 6, 3, 1, 1)
3151	(0, 0, 0, 0, 0, 1, 2, 1, 5, 3, 0, 2)
3152	(0, 0, 0, 0, 0, 1, 3, 1, 4, 2, 1, 2)
3153	(0, 0, 0, 0, 0, 1, 3, 1, 3, 2, 2, 2)
3154	(0, 0, 0, 0, 0, 1, 1, 5, 4, 3, 0, 1)
3155	(0, 0, 0, 0, 0, 1, 1, 6, 2, 3, 1, 1)
3156	(0, 0, 0, 0, 0, 1, 1, 5, 3, 3, 1, 1)
3157	(0, 0, 0, 0, 0, 1, 1, 5, 2, 3, 0, 2)
3158	(0, 0, 0, 0, 0, 1, 1, 6, 1, 2, 1, 2)
3159	(0, 0, 0, 0, 0, 1, 1, 4, 5, 3, 0, 1)
3160	(0, 0, 0, 0, 0, 1, 1, 4, 4, 2, 0, 2)
3161	(0, 0, 0, 0, 0, 1, 1, 4, 3, 2, 1, 2)
3162	(0, 0, 0, 0, 0, 1, 1, 3, 5, 3, 1, 1)
3163	(0, 0, 0, 0, 0, 1, 1, 2, 6, 3, 1, 1)
3164	(0, 0, 0, 0, 0, 1, 1, 2, 5, 3, 0, 2)
3165	(0, 0, 0, 0, 0, 1, 1, 3, 4, 2, 1, 2)
3166	(0, 0, 0, 0, 0, 1, 1, 3, 3, 2, 2, 2)
3167	(0, 0, 0, 0, 0, 1, 1, 1, 6, 2, 1, 2)
3168	(0, 0, 0, 0, 0, 0, 5, 5, 1, 4, 0, 1)
3169	(0, 0, 0, 0, 0, 0, 5, 4, 2, 4, 0, 1)
3170	(0, 0, 0, 0, 0, 0, 6, 4, 1, 3, 1, 1)
3171	(0, 0, 0, 0, 0, 0, 5, 4, 1, 3, 0, 2)
3172	(0, 0, 0, 0, 0, 0, 5, 2, 4, 4, 0, 1)
3173	(0, 0, 0, 0, 0, 0, 6, 2, 2, 4, 1, 1)
3174	(0, 0, 0, 0, 0, 0, 5, 3, 2, 4, 1, 1)
3175	(0, 0, 0, 0, 0, 0, 5, 2, 3, 4, 1, 1)
3176	(0, 0, 0, 0, 0, 0, 5, 2, 2, 4, 0, 2)
3177	(0, 0, 0, 0, 0, 0, 6, 3, 1, 3, 2, 1)
3178	(0, 0, 0, 0, 0, 0, 6, 2, 1, 3, 1, 2)
3179	(0, 0, 0, 0, 0, 0, 5, 3, 1, 3, 1, 2)
3180	(0, 0, 0, 0, 0, 0, 5, 1, 5, 4, 0, 1)
3181	(0, 0, 0, 0, 0, 0, 6, 1, 4, 3, 1, 1)
3182	(0, 0, 0, 0, 0, 0, 5, 1, 4, 3, 0, 2)
3183	(0, 0, 0, 0, 0, 0, 6, 1, 3, 3, 2, 1)
3184	(0, 0, 0, 0, 0, 0, 6, 1, 2, 3, 1, 2)
3185	(0, 0, 0, 0, 0, 0, 5, 1, 3, 3, 1, 2)
3186	(0, 0, 0, 0, 0, 0, 4, 5, 2, 4, 0, 1)
3187	(0, 0, 0, 0, 0, 0, 4, 6, 1, 3, 1, 1)
3188	(0, 0, 0, 0, 0, 0, 4, 5, 1, 3, 0, 2)
3189	(0, 0, 0, 0, 0, 0, 4, 4, 4, 3, 0, 1)
3190	(0, 0, 0, 0, 0, 0, 4, 4, 3, 3, 1, 1)
3191	(0, 0, 0, 0, 0, 0, 4, 4, 2, 3, 0, 2)
3192	(0, 0, 0, 0, 0, 0, 4, 2, 5, 4, 0, 1)
3193	(0, 0, 0, 0, 0, 0, 4, 3, 4, 3, 1, 1)
3194	(0, 0, 0, 0, 0, 0, 4, 2, 4, 3, 0, 2)
3195	(0, 0, 0, 0, 0, 0, 4, 3, 3, 3, 2, 1)
3196	(0, 0, 0, 0, 0, 0, 4, 3, 2, 3, 1, 2)
3197	(0, 0, 0, 0, 0, 0, 4, 2, 3, 3, 1, 2)
3198	(0, 0, 0, 0, 0, 0, 4, 1, 6, 3, 1, 1)
3199	(0, 0, 0, 0, 0, 0, 4, 1, 5, 3, 0, 2)
3200	(0, 0, 0, 0, 0, 0, 2, 5, 4, 4, 0, 1)
3201	(0, 0, 0, 0, 0, 0, 3, 5, 2, 4, 1, 1)
3202	(0, 0, 0, 0, 0, 0, 2, 6, 2, 4, 1, 1)
3203	(0, 0, 0, 0, 0, 0, 2, 5, 3, 4, 1, 1)
3204	(0, 0, 0, 0, 0, 0, 2, 5, 2, 4, 0, 2)
3205	(0, 0, 0, 0, 0, 0, 3, 6, 1, 3, 2, 1)
3206	(0, 0, 0, 0, 0, 0, 3, 5, 1, 3, 1, 2)
3207	(0, 0, 0, 0, 0, 0, 2, 6, 1, 3, 1, 2)
3208	(0, 0, 0, 0, 0, 0, 2, 4, 5, 4, 0, 1)
3209	(0, 0, 0, 0, 0, 0, 3, 4, 4, 3, 1, 1)
3210	(0, 0, 0, 0, 0, 0, 2, 4, 4, 3, 0, 2)
3211	(0, 0, 0, 0, 0, 0, 3, 4, 3, 3, 2, 1)
3212	(0, 0, 0, 0, 0, 0, 3, 4, 2, 3, 1, 2)
3213	(0, 0, 0, 0, 0, 0, 2, 4, 3, 3, 1, 2)
3214	(0, 0, 0, 0, 0, 0, 3, 2, 5, 4, 1, 1)
3215	(0, 0, 0, 0, 0, 0, 2, 3, 5, 4, 1, 1)
3216	(0, 0, 0, 0, 0, 0, 2, 2, 6, 4, 1, 1)
3217	(0, 0, 0, 0, 0, 0, 2, 2, 5, 4, 0, 2)
3218	(0, 0, 0, 0, 0, 0, 3, 3, 4, 3, 2, 1)
3219	(0, 0, 0, 0, 0, 0, 3, 2, 4, 3, 1, 2)
3220	(0, 0, 0, 0, 0, 0, 2, 3, 4, 3, 1, 2)
3221	(0, 0, 0, 0, 0, 0, 3, 3, 3, 3, 3, 1)
3222	(0, 0, 0, 0, 0, 0, 3, 3, 2, 3, 2, 2)
3223	(0, 0, 0, 0, 0, 0, 3, 2, 3, 3, 2, 2)
3224	(0, 0, 0, 0, 0, 0, 2, 3, 3, 3, 2, 2)
3225	(0, 0, 0, 0, 0, 0, 3, 1, 6, 3, 2, 1)
3226	(0, 0, 0, 0, 0, 0, 3, 1, 5, 3, 1, 2)
3227	(0, 0, 0, 0, 0, 0, 2, 1, 6, 3, 1, 2)
3228	(0, 0, 0, 0, 0, 0, 1, 5, 5, 4, 0, 1)
3229	(0, 0, 0, 0, 0, 0, 1, 6, 4, 3, 1, 1)
3230	(0, 0, 0, 0, 0, 0, 1, 5, 4, 3, 0, 2)
3231	(0, 0, 0, 0, 0, 0, 1, 6, 3, 3, 2, 1)
3232	(0, 0, 0, 0, 0, 0, 1, 6, 2, 3, 1, 2)
3233	(0, 0, 0, 0, 0, 0, 1, 5, 3, 3, 1, 2)
3234	(0, 0, 0, 0, 0, 0, 1, 4, 6, 3, 1, 1)
3235	(0, 0, 0, 0, 0, 0, 1, 4, 5, 3, 0, 2)
3236	(0, 0, 0, 0, 0, 0, 1, 3, 6, 3, 2, 1)
3237	(0, 0, 0, 0, 0, 0, 1, 3, 5, 3, 1, 2)
3238	(0, 0, 0, 0, 0, 0, 1, 2, 6, 3, 1, 2)
3239	(0, 0, 0, 0, 0, 5, 5, 0, 1, 4, 0, 1)
3240	(0, 0, 0, 0, 0, 5, 4, 0, 2, 4, 0, 1)
3241	(0, 0, 0, 0, 0, 6, 4, 0, 1, 3, 1, 1)
3242	(0, 0, 0, 0, 0, 5, 4, 0, 1, 3, 0, 2)
3243	(0, 0, 0, 0, 0, 5, 2, 0, 4, 4, 0, 1)
3244	(0, 0, 0, 0, 0, 6, 2, 0, 2, 4, 1, 1)
3245	(0, 0, 0, 0, 0, 5, 3, 0, 2, 4, 1, 1)
3246	(0, 0, 0, 0, 0, 5, 2, 0, 3, 4, 1, 1)
3247	(0, 0, 0, 0, 0, 5, 2, 0, 2, 4, 0, 2)
3248	(0, 0, 0, 0, 0, 6, 3, 0, 1, 3, 2, 1)
3249	(0, 0, 0, 0, 0, 6, 2, 0, 1, 3, 1, 2)
3250	(0, 0, 0, 0, 0, 5, 3, 0, 1, 3, 1, 2)
3251	(0, 0, 0, 0, 0, 5, 1, 0, 5, 4, 0, 1)
3252	(0, 0, 0, 0, 0, 6, 1, 0, 4, 3, 1, 1)
3253	(0, 0, 0, 0, 0, 5, 1, 0, 4, 3, 0, 2)
3254	(0, 0, 0, 0, 0, 6, 1, 0, 3, 3, 2, 1)
3255	(0, 0, 0, 0, 0, 6, 1, 0, 2, 3, 1, 2)
3256	(0, 0, 0, 0, 0, 5, 1, 0, 3, 3, 1, 2)
3257	(0, 0, 0, 0, 0, 4, 5, 0, 2, 4, 0, 1)
3258	(0, 0, 0, 0, 0, 4, 6, 0, 1, 3, 1, 1)
3259	(0, 0, 0, 0, 0, 4, 5, 0, 1, 3, 0, 2)
3260	(0, 0, 0, 0, 0, 4, 4, 0, 4, 3, 0, 1)
3261	(0, 0, 0, 0, 0, 4, 4, 0, 3, 3, 1, 1)
3262	(0, 0, 0, 0, 0, 4, 4, 0, 2, 3, 0, 2)
3263	(0, 0, 0, 0, 0, 4, 2, 0, 5, 4, 0, 1)
3264	(0, 0, 0, 0, 0, 4, 3, 0, 4, 3, 1, 1)
3265	(0, 0, 0, 0, 0, 4, 2, 0, 4, 3, 0, 2)
3266	(0, 0, 0, 0, 0, 4, 3, 0, 3, 3, 2, 1)
3267	(0, 0, 0, 0, 0, 4, 3, 0, 2, 3, 1, 2)
3268	(0, 0, 0, 0, 0, 4, 2, 0, 3, 3, 1, 2)
3269	(0, 0, 0, 0, 0, 4, 1, 0, 6, 3, 1, 1)
3270	(0, 0, 0, 0, 0, 4, 1, 0, 5, 3, 0, 2)
3271	(0, 0, 0, 0, 0, 2, 5, 0, 4, 4, 0, 1)
3272	(0, 0, 0, 0, 0, 3, 5, 0, 2, 4, 1, 1)
3273	(0, 0, 0, 0, 0, 2, 6, 0, 2, 4, 1, 1)
3274	(0, 0, 0, 0, 0, 2, 5, 0, 3, 4, 1, 1)
3275	(0, 0, 0, 0, 0, 2, 5, 0, 2, 4, 0, 2)
3276	(0, 0, 0, 0, 0, 3, 6, 0, 1, 3, 2, 1)
3277	(0, 0, 0, 0, 0, 3, 5, 0, 1, 3, 1, 2)
3278	(0, 0, 0, 0, 0, 2, 6, 0, 1, 3, 1, 2)
3279	(0, 0, 0, 0, 0, 2, 4, 0, 5, 4, 0, 1)
3280	(0, 0, 0, 0, 0, 3, 4, 0, 4, 3, 1, 1)
3281	(0, 0, 0, 0, 0, 2, 4, 0, 4, 3, 0, 2)
3282	(0, 0, 0, 0, 0, 3, 4, 0, 3, 3, 2, 1)
3283	(0, 0, 0, 0, 0, 3, 4, 0, 2, 3, 1, 2)
3284	(0, 0, 0, 0, 0, 2, 4, 0, 3, 3, 1, 2)
3285	(0, 0, 0, 0, 0, 3, 2, 0, 5, 4, 1, 1)
3286	(0, 0, 0, 0, 0, 2, 3, 0, 5, 4, 1, 1)
3287	(0, 0, 0, 0, 0, 2, 2, 0, 6, 4, 1, 1)
3288	(0, 0, 0, 0, 0, 2, 2, 0, 5, 4, 0, 2)
3289	(0, 0, 0, 0, 0, 3, 3, 0, 4, 3, 2, 1)
3290	(0, 0, 0, 0, 0, 3, 2, 0, 4, 3, 1, 2)
3291	(0, 0, 0, 0, 0, 2, 3, 0, 4, 3, 1, 2)
3292	(0, 0, 0, 0, 0, 3, 3, 0, 3, 3, 3, 1)
3293	(0, 0, 0, 0, 0, 3, 3, 0, 2, 3, 2, 2)
3294	(0, 0, 0, 0, 0, 3, 2, 0, 3, 3, 2, 2)
3295	(0, 0, 0, 0, 0, 2, 3, 0, 3, 3, 2, 2)
3296	(0, 0, 0, 0, 0, 3, 1, 0, 6, 3, 2, 1)
3297	(0, 0, 0, 0, 0, 3, 1, 0, 5, 3, 1, 2)
3298	(0, 0, 0, 0, 0, 2, 1, 0, 6, 3, 1, 2)
3299	(0, 0, 0, 0, 0, 1, 5, 0, 5, 4, 0, 1)
3300	(0, 0, 0, 0, 0, 1, 6, 0, 4, 3, 1, 1)
3301	(0, 0, 0, 0, 0, 1, 5, 0, 4, 3, 0, 2)
3302	(0, 0, 0, 0, 0, 1, 6, 0, 3, 3, 2, 1)
3303	(0, 0, 0, 0, 0, 1, 6, 0, 2, 3, 1, 2)
3304	(0, 0, 0, 0, 0, 1, 5, 0, 3, 3, 1, 2)
3305	(0, 0, 0, 0, 0, 1, 4, 0, 6, 3, 1, 1)
3306	(0, 0, 0, 0, 0, 1, 4, 0, 5, 3, 0, 2)
3307	(0, 0, 0, 0, 0, 1, 3, 0, 6, 3, 2, 1)
3308	(0, 0, 0, 0, 0, 1, 3, 0, 5, 3, 1, 2)
3309	(0, 0, 0, 0, 0, 1, 2, 0, 6, 3, 1, 2)
3310	(0, 0, 0, 0, 0, 0, 6, 0, 5, 4, 1, 1)
3311	(0, 0, 0, 0, 0, 0, 5, 0, 6, 4, 1, 1)
3312	(0, 0, 0, 0, 0, 0, 5, 0, 5, 4, 0, 2)
3313	(0, 0, 0, 0, 0, 0, 6, 0, 4, 3, 1, 2)
3314	(0, 0, 0, 0, 0, 0, 6, 0, 3, 3, 2, 2)
3315	(0, 0, 0, 0, 0, 0, 4, 0, 6, 3, 1, 2)
3316	(0, 0, 0, 0, 0, 0, 3, 0, 6, 3, 2, 2)
3317	(0, 0, 0, 0, 0, 0, 0, 6, 5, 4, 1, 1)
3318	(0, 0, 0, 0, 0, 0, 0, 5, 6, 4, 1, 1)
3319	(0, 0, 0, 0, 0, 0, 0, 5, 5, 4, 0, 2)
3320	(0, 0, 0, 0, 0, 0, 0, 6, 4, 3, 1, 2)
3321	(0, 0, 0, 0, 0, 0, 0, 6, 3, 3, 2, 2)
3322	(0, 0, 0, 0, 0, 0, 0, 4, 6, 3, 1, 2)
3323	(0, 0, 0, 0, 0, 0, 0, 3, 6, 3, 2, 2)
3324	(1, 0, 0, 1, 0, 0, 0, 6, 5, 4, 1, 1)
3325	(1, 0, 0, 1, 0, 0, 0, 5, 6, 4, 1, 1)
3326	(1, 0, 0, 1, 0, 0, 0, 5, 5, 4, 0, 2)
3327	(1, 0, 0, 1, 0, 0, 0, 6, 4, 3, 1, 2)
3328	(1, 0, 0, 1, 0, 0, 0, 6, 3, 3, 2, 2)
3329	(1, 0, 0, 1, 0, 0, 0, 4, 6, 3, 1, 2)
3330	(1, 0, 0, 1, 0, 0, 0, 3, 6, 3, 2, 2)
3331	(1, 0, 0, 0, 0, 0, 0, 6, 6, 4, 2, 1)
3332	(1, 0, 0, 0, 0, 0, 0, 6, 5, 4, 1, 2)
3333	(1, 0, 0, 0, 0, 0, 0, 5, 6, 4, 1, 2)
3334	(1, 1, 0, 1, 0, 0, 0, 6, 6, 4, 2, 1)
3335	(1, 1, 0, 1, 0, 0, 0, 6, 5, 4, 1, 2)
3336	(1, 1, 0, 1, 0, 0, 0, 5, 6, 4, 1, 2)
3337	(1, 1, 0, 0, 0, 0, 0, 6, 6, 4, 2, 2)
3338	(0, 0, 0, 1, 0, 5, 5, 1, 1, 4, 0, 0)
3339	(0, 0, 0, 1, 0, 5, 4, 2, 1, 4, 0, 0)
3340	(0, 0, 0, 1, 0, 5, 4, 1, 2, 4, 0, 0)
3341	(0, 0, 0, 1, 0, 6, 4, 1, 1, 3, 1, 0)
3342	(0, 0, 0, 1, 0, 5, 2, 4, 1, 4, 0, 0)
3343	(0, 0, 0, 1, 0, 5, 2, 2, 2, 5, 0, 0)
3344	(0, 0, 0, 1, 0, 6, 2, 2, 1, 4, 1, 0)
3345	(0, 0, 0, 1, 0, 5, 3, 2, 1, 4, 1, 0)
3346	(0, 0, 0, 1, 0, 5, 2, 3, 1, 4, 1, 0)
3347	(0, 0, 0, 1, 0, 5, 2, 1, 4, 4, 0, 0)
3348	(0, 0, 0, 1, 0, 6, 2, 1, 2, 4, 1, 0)
3349	(0, 0, 0, 1, 0, 5, 3, 1, 2, 4, 1, 0)
3350	(0, 0, 0, 1, 0, 5, 2, 1, 3, 4, 1, 0)
3351	(0, 0, 0, 1, 0, 6, 3, 1, 1, 3, 2, 0)
3352	(0, 0, 0, 1, 0, 5, 1, 5, 1, 4, 0, 0)
3353	(0, 0, 0, 1, 0, 5, 1, 4, 2, 4, 0, 0)
3354	(0, 0, 0, 1, 0, 6, 1, 4, 1, 3, 1, 0)
3355	(0, 0, 0, 1, 0, 5, 1, 2, 4, 4, 0, 0)
3356	(0, 0, 0, 1, 0, 6, 1, 2, 2, 4, 1, 0)
3357	(0, 0, 0, 1, 0, 5, 1, 3, 2, 4, 1, 0)
3358	(0, 0, 0, 1, 0, 5, 1, 2, 3, 4, 1, 0)
3359	(0, 0, 0, 1, 0, 6, 1, 3, 1, 3, 2, 0)
3360	(0, 0, 0, 1, 0, 5, 1, 1, 5, 4, 0, 0)
3361	(0, 0, 0, 1, 0, 6, 1, 1, 4, 3, 1, 0)
3362	(0, 0, 0, 1, 0, 6, 1, 1, 3, 3, 2, 0)
3363	(0, 0, 0, 1, 0, 4, 5, 2, 1, 4, 0, 0)
3364	(0, 0, 0, 1, 0, 4, 5, 1, 2, 4, 0, 0)
3365	(0, 0, 0, 1, 0, 4, 6, 1, 1, 3, 1, 0)
3366	(0, 0, 0, 1, 0, 4, 4, 4, 1, 3, 0, 0)
3367	(0, 0, 0, 1, 0, 4, 4, 2, 2, 4, 0, 0)
3368	(0, 0, 0, 1, 0, 4, 4, 3, 1, 3, 1, 0)
3369	(0, 0, 0, 1, 0, 4, 4, 1, 4, 3, 0, 0)
3370	(0, 0, 0, 1, 0, 4, 4, 1, 3, 3, 1, 0)
3371	(0, 0, 0, 1, 0, 4, 2, 5, 1, 4, 0, 0)
3372	(0, 0, 0, 1, 0, 4, 2, 4, 2, 4, 0, 0)
3373	(0, 0, 0, 1, 0, 4, 3, 4, 1, 3, 1, 0)
3374	(0, 0, 0, 1, 0, 4, 2, 2, 4, 4, 0, 0)
3375	(0, 0, 0, 1, 0, 4, 3, 2, 2, 4, 1, 0)
3376	(0, 0, 0, 1, 0, 4, 2, 3, 2, 4, 1, 0)
3377	(0, 0, 0, 1, 0, 4, 2, 2, 3, 4, 1, 0)
3378	(0, 0, 0, 1, 0, 4, 3, 3, 1, 3, 2, 0)
3379	(0, 0, 0, 1, 0, 4, 2, 1, 5, 4, 0, 0)
3380	(0, 0, 0, 1, 0, 4, 3, 1, 4, 3, 1, 0)
3381	(0, 0, 0, 1, 0, 4, 3, 1, 3, 3, 2, 0)
3382	(0, 0, 0, 1, 0, 4, 1, 5, 2, 4, 0, 0)
3383	(0, 0, 0, 1, 0, 4, 1, 6, 1, 3, 1, 0)
3384	(0, 0, 0, 1, 0, 4, 1, 4, 4, 3, 0, 0)
3385	(0, 0, 0, 1, 0, 4, 1, 4, 3, 3, 1, 0)
3386	(0, 0, 0, 1, 0, 4, 1, 2, 5, 4, 0, 0)
3387	(0, 0, 0, 1, 0, 4, 1, 3, 4, 3, 1, 0)
3388	(0, 0, 0, 1, 0, 4, 1, 3, 3, 3, 2, 0)
3389	(0, 0, 0, 1, 0, 4, 1, 1, 6, 3, 1, 0)
3390	(0, 0, 0, 1, 0, 2, 5, 4, 1, 4, 0, 0)
3391	(0, 0, 0, 1, 0, 2, 5, 2, 2, 5, 0, 0)
3392	(0, 0, 0, 1, 0, 3, 5, 2, 1, 4, 1, 0)
3393	(0, 0, 0, 1, 0, 2, 6, 2, 1, 4, 1, 0)
3394	(0, 0, 0, 1, 0, 2, 5, 3, 1, 4, 1, 0)
3395	(0, 0, 0, 1, 0, 2, 5, 1, 4, 4, 0, 0)
3396	(0, 0, 0, 1, 0, 3, 5, 1, 2, 4, 1, 0)
3397	(0, 0, 0, 1, 0, 2, 6, 1, 2, 4, 1, 0)
3398	(0, 0, 0, 1, 0, 2, 5, 1, 3, 4, 1, 0)
3399	(0, 0, 0, 1, 0, 3, 6, 1, 1, 3, 2, 0)
3400	(0, 0, 0, 1, 0, 2, 4, 5, 1, 4, 0, 0)
3401	(0, 0, 0, 1, 0, 2, 4, 4, 2, 4, 0, 0)
3402	(0, 0, 0, 1, 0, 3, 4, 4, 1, 3, 1, 0)
3403	(0, 0, 0, 1, 0, 2, 4, 2, 4, 4, 0, 0)
3404	(0, 0, 0, 1, 0, 3, 4, 2, 2, 4, 1, 0)
3405	(0, 0, 0, 1, 0, 2, 4, 3, 2, 4, 1, 0)
3406	(0, 0, 0, 1, 0, 2, 4, 2, 3, 4, 1, 0)
3407	(0, 0, 0, 1, 0, 3, 4, 3, 1, 3, 2, 0)
3408	(0, 0, 0, 1, 0, 2, 4, 1, 5, 4, 0, 0)
3409	(0, 0, 0, 1, 0, 3, 4, 1, 4, 3, 1, 0)
3410	(0, 0, 0, 1, 0, 3, 4, 1, 3, 3, 2, 0)
3411	(0, 0, 0, 1, 0, 2, 2, 5, 2, 5, 0, 0)
3412	(0, 0, 0, 1, 0, 3, 2, 5, 1, 4, 1, 0)
3413	(0, 0, 0, 1, 0, 2, 3, 5, 1, 4, 1, 0)
3414	(0, 0, 0, 1, 0, 2, 2, 6, 1, 4, 1, 0)
3415	(0, 0, 0, 1, 0, 2, 2, 4, 4, 4, 0, 0)
3416	(0, 0, 0, 1, 0, 3, 2, 4, 2, 4, 1, 0)
3417	(0, 0, 0, 1, 0, 2, 3, 4, 2, 4, 1, 0)
3418	(0, 0, 0, 1, 0, 2, 2, 4, 3, 4, 1, 0)
3419	(0, 0, 0, 1, 0, 3, 3, 4, 1, 3, 2, 0)
3420	(0, 0, 0, 1, 0, 2, 2, 2, 5, 5, 0, 0)
3421	(0, 0, 0, 1, 0, 3, 2, 2, 4, 4, 1, 0)
3422	(0, 0, 0, 1, 0, 2, 3, 2, 4, 4, 1, 0)
3423	(0, 0, 0, 1, 0, 2, 2, 3, 4, 4, 1, 0)
3424	(0, 0, 0, 1, 0, 3, 3, 2, 2, 4, 2, 0)
3425	(0, 0, 0, 1, 0, 3, 2, 3, 2, 4, 2, 0)
3426	(0, 0, 0, 1, 0, 3, 2, 2, 3, 4, 2, 0)
3427	(0, 0, 0, 1, 0, 2, 3, 3, 2, 4, 2, 0)
3428	(0, 0, 0, 1, 0, 2, 3, 2, 3, 4, 2, 0)
3429	(0, 0, 0, 1, 0, 2, 2, 3, 3, 4, 2, 0)
3430	(0, 0, 0, 1, 0, 3, 3, 3, 1, 3, 3, 0)
3431	(0, 0, 0, 1, 0, 3, 2, 1, 5, 4, 1, 0)
3432	(0, 0, 0, 1, 0, 2, 3, 1, 5, 4, 1, 0)
3433	(0, 0, 0, 1, 0, 2, 2, 1, 6, 4, 1, 0)
3434	(0, 0, 0, 1, 0, 3, 3, 1, 4, 3, 2, 0)
3435	(0, 0, 0, 1, 0, 3, 3, 1, 3, 3, 3, 0)
3436	(0, 0, 0, 1, 0, 2, 1, 5, 4, 4, 0, 0)
3437	(0, 0, 0, 1, 0, 3, 1, 5, 2, 4, 1, 0)
3438	(0, 0, 0, 1, 0, 2, 1, 6, 2, 4, 1, 0)
3439	(0, 0, 0, 1, 0, 2, 1, 5, 3, 4, 1, 0)
3440	(0, 0, 0, 1, 0, 3, 1, 6, 1, 3, 2, 0)
3441	(0, 0, 0, 1, 0, 2, 1, 4, 5, 4, 0, 0)
3442	(0, 0, 0, 1, 0, 3, 1, 4, 4, 3, 1, 0)
3443	(0, 0, 0, 1, 0, 3, 1, 4, 3, 3, 2, 0)
3444	(0, 0, 0, 1, 0, 3, 1, 2, 5, 4, 1, 0)
3445	(0, 0, 0, 1, 0, 2, 1, 3, 5, 4, 1, 0)
3446	(0, 0, 0, 1, 0, 2, 1, 2, 6, 4, 1, 0)
3447	(0, 0, 0, 1, 0, 3, 1, 3, 4, 3, 2, 0)
3448	(0, 0, 0, 1, 0, 3, 1, 3, 3, 3, 3, 0)
3449	(0, 0, 0, 1, 0, 3, 1, 1, 6, 3, 2, 0)
3450	(0, 0, 0, 1, 0, 1, 5, 5, 1, 4, 0, 0)
3451	(0, 0, 0, 1, 0, 1, 5, 4, 2, 4, 0, 0)
3452	(0, 0, 0, 1, 0, 1, 6, 4, 1, 3, 1, 0)
3453	(0, 0, 0, 1, 0, 1, 5, 2, 4, 4, 0, 0)
3454	(0, 0, 0, 1, 0, 1, 6, 2, 2, 4, 1, 0)
3455	(0, 0, 0, 1, 0, 1, 5, 3, 2, 4, 1, 0)
3456	(0, 0, 0, 1, 0, 1, 5, 2, 3, 4, 1, 0)
3457	(0, 0, 0, 1, 0, 1, 6, 3, 1, 3, 2, 0)
3458	(0, 0, 0, 1, 0, 1, 5, 1, 5, 4, 0, 0)
3459	(0, 0, 0, 1, 0, 1, 6, 1, 4, 3, 1, 0)
3460	(0, 0, 0, 1, 0, 1, 6, 1, 3, 3, 2, 0)
3461	(0, 0, 0, 1, 0, 1, 4, 5, 2, 4, 0, 0)
3462	(0, 0, 0, 1, 0, 1, 4, 6, 1, 3, 1, 0)
3463	(0, 0, 0, 1, 0, 1, 4, 4, 4, 3, 0, 0)
3464	(0, 0, 0, 1, 0, 1, 4, 4, 3, 3, 1, 0)
3465	(0, 0, 0, 1, 0, 1, 4, 2, 5, 4, 0, 0)
3466	(0, 0, 0, 1, 0, 1, 4, 3, 4, 3, 1, 0)
3467	(0, 0, 0, 1, 0, 1, 4, 3, 3, 3, 2, 0)
3468	(0, 0, 0, 1, 0, 1, 4, 1, 6, 3, 1, 0)
3469	(0, 0, 0, 1, 0, 1, 2, 5, 4, 4, 0, 0)
3470	(0, 0, 0, 1, 0, 1, 3, 5, 2, 4, 1, 0)
3471	(0, 0, 0, 1, 0, 1, 2, 6, 2, 4, 1, 0)
3472	(0, 0, 0, 1, 0, 1, 2, 5, 3, 4, 1, 0)
3473	(0, 0, 0, 1, 0, 1, 3, 6, 1, 3, 2, 0)
3474	(0, 0, 0, 1, 0, 1, 2, 4, 5, 4, 0, 0)
3475	(0, 0, 0, 1, 0, 1, 3, 4, 4, 3, 1, 0)
3476	(0, 0, 0, 1, 0, 1, 3, 4, 3, 3, 2, 0)
3477	(0, 0, 0, 1, 0, 1, 3, 2, 5, 4, 1, 0)
3478	(0, 0, 0, 1, 0, 1, 2, 3, 5, 4, 1, 0)
3479	(0, 0, 0, 1, 0, 1, 2, 2, 6, 4, 1, 0)
3480	(0, 0, 0, 1, 0, 1, 3, 3, 4, 3, 2, 0)
3481	(0, 0, 0, 1, 0, 1, 3, 3, 3, 3, 3, 0)
3482	(0, 0, 0, 1, 0, 1, 3, 1, 6, 3, 2, 0)
3483	(0, 0, 0, 1, 0, 1, 1, 5, 5, 4, 0, 0)
3484	(0, 0, 0, 1, 0, 1, 1, 6, 4, 3, 1, 0)
3485	(0, 0, 0, 1, 0, 1, 1, 6, 3, 3, 2, 0)
3486	(0, 0, 0, 1, 0, 1, 1, 4, 6, 3, 1, 0)
3487	(0, 0, 0, 1, 0, 1, 1, 3, 6, 3, 2, 0)
3488	(0, 0, 0, 1, 0, 0, 5, 5, 2, 5, 0, 0)
3489	(0, 0, 0, 1, 0, 0, 6, 5, 1, 4, 1, 0)
3490	(0, 0, 0, 1, 0, 0, 5, 6, 1, 4, 1, 0)
3491	(0, 0, 0, 1, 0, 0, 5, 4, 4, 4, 0, 0)
3492	(0, 0, 0, 1, 0, 0, 6, 4, 2, 4, 1, 0)
3493	(0, 0, 0, 1, 0, 0, 5, 4, 3, 4, 1, 0)
3494	(0, 0, 0, 1, 0, 0, 5, 2, 5, 5, 0, 0)
3495	(0, 0, 0, 1, 0, 0, 6, 2, 4, 4, 1, 0)
3496	(0, 0, 0, 1, 0, 0, 5, 3, 4, 4, 1, 0)
3497	(0, 0, 0, 1, 0, 0, 6, 3, 2, 4, 2, 0)
3498	(0, 0, 0, 1, 0, 0, 6, 2, 3, 4, 2, 0)
3499	(0, 0, 0, 1, 0, 0, 5, 3, 3, 4, 2, 0)
3500	(0, 0, 0, 1, 0, 0, 6, 1, 5, 4, 1, 0)
3501	(0, 0, 0, 1, 0, 0, 5, 1, 6, 4, 1, 0)
3502	(0, 0, 0, 1, 0, 0, 4, 5, 4, 4, 0, 0)
3503	(0, 0, 0, 1, 0, 0, 4, 6, 2, 4, 1, 0)
3504	(0, 0, 0, 1, 0, 0, 4, 5, 3, 4, 1, 0)
3505	(0, 0, 0, 1, 0, 0, 4, 4, 5, 4, 0, 0)
3506	(0, 0, 0, 1, 0, 0, 4, 3, 5, 4, 1, 0)
3507	(0, 0, 0, 1, 0, 0, 4, 2, 6, 4, 1, 0)
3508	(0, 0, 0, 1, 0, 0, 2, 5, 5, 5, 0, 0)
3509	(0, 0, 0, 1, 0, 0, 3, 5, 4, 4, 1, 0)
3510	(0, 0, 0, 1, 0, 0, 2, 6, 4, 4, 1, 0)
3511	(0, 0, 0, 1, 0, 0, 3, 6, 2, 4, 2, 0)
3512	(0, 0, 0, 1, 0, 0, 3, 5, 3, 4, 2, 0)
3513	(0, 0, 0, 1, 0, 0, 2, 6, 3, 4, 2, 0)
3514	(0, 0, 0, 1, 0, 0, 3, 4, 5, 4, 1, 0)
3515	(0, 0, 0, 1, 0, 0, 2, 4, 6, 4, 1, 0)
3516	(0, 0, 0, 1, 0, 0, 3, 3, 5, 4, 2, 0)
3517	(0, 0, 0, 1, 0, 0, 3, 2, 6, 4, 2, 0)
3518	(0, 0, 0, 1, 0, 0, 2, 3, 6, 4, 2, 0)
3519	(0, 0, 0, 1, 0, 0, 1, 6, 5, 4, 1, 0)
3520	(0, 0, 0, 1, 0, 0, 1, 5, 6, 4, 1, 0)
3521	(0, 0, 0, 1, 0, 5, 5, 0, 2, 5, 0, 0)
3522	(0, 0, 0, 1, 0, 6, 5, 0, 1, 4, 1, 0)
3523	(0, 0, 0, 1, 0, 5, 6, 0, 1, 4, 1, 0)
3524	(0, 0, 0, 1, 0, 5, 4, 0, 4, 4, 0, 0)
3525	(0, 0, 0, 1, 0, 6, 4, 0, 2, 4, 1, 0)
3526	(0, 0, 0, 1, 0, 5, 4, 0, 3, 4, 1, 0)
3527	(0, 0, 0, 1, 0, 5, 2, 0, 5, 5, 0, 0)
3528	(0, 0, 0, 1, 0, 6, 2, 0, 4, 4, 1, 0)
3529	(0, 0, 0, 1, 0, 5, 3, 0, 4, 4, 1, 0)
3530	(0, 0, 0, 1, 0, 6, 3, 0, 2, 4, 2, 0)
3531	(0, 0, 0, 1, 0, 6, 2, 0, 3, 4, 2, 0)
3532	(0, 0, 0, 1, 0, 5, 3, 0, 3, 4, 2, 0)
3533	(0, 0, 0, 1, 0, 6, 1, 0, 5, 4, 1, 0)
3534	(0, 0, 0, 1, 0, 5, 1, 0, 6, 4, 1, 0)
3535	(0, 0, 0, 1, 0, 4, 5, 0, 4, 4, 0, 0)
3536	(0, 0, 0, 1, 0, 4, 6, 0, 2, 4, 1, 0)
3537	(0, 0, 0, 1, 0, 4, 5, 0, 3, 4, 1, 0)
3538	(0, 0, 0, 1, 0, 4, 4, 0, 5, 4, 0, 0)
3539	(0, 0, 0, 1, 0, 4, 3, 0, 5, 4, 1, 0)
3540	(0, 0, 0, 1, 0, 4, 2, 0, 6, 4, 1, 0)
3541	(0, 0, 0, 1, 0, 2, 5, 0, 5, 5, 0, 0)
3542	(0, 0, 0, 1, 0, 3, 5, 0, 4, 4, 1, 0)
3543	(0, 0, 0, 1, 0, 2, 6, 0, 4, 4, 1, 0)
3544	(0, 0, 0, 1, 0, 3, 6, 0, 2, 4, 2, 0)
3545	(0, 0, 0, 1, 0, 3, 5, 0, 3, 4, 2, 0)
3546	(0, 0, 0, 1, 0, 2, 6, 0, 3, 4, 2, 0)
3547	(0, 0, 0, 1, 0, 3, 4, 0, 5, 4, 1, 0)
3548	(0, 0, 0, 1, 0, 2, 4, 0, 6, 4, 1, 0)
3549	(0, 0, 0, 1, 0, 3, 3, 0, 5, 4, 2, 0)
3550	(0, 0, 0, 1, 0, 3, 2, 0, 6, 4, 2, 0)
3551	(0, 0, 0, 1, 0, 2, 3, 0, 6, 4, 2, 0)
3552	(0, 0, 0, 1, 0, 1, 6, 0, 5, 4, 1, 0)
3553	(0, 0, 0, 1, 0, 1, 5, 0, 6, 4, 1, 0)
3554	(0, 0, 0, 1, 0, 0, 6, 0, 6, 4, 2, 0)
3555	(0, 0, 0, 1, 0, 0, 0, 6, 6, 4, 2, 0)
3556	(0, 0, 0, 0, 0, 5, 5, 2, 1, 5, 0, 0)
3557	(0, 0, 0, 0, 0, 5, 5, 1, 2, 5, 0, 0)
3558	(0, 0, 0, 0, 0, 6, 5, 1, 1, 4, 1, 0)
3559	(0, 0, 0, 0, 0, 5, 6, 1, 1, 4, 1, 0)
3560	(0, 0, 0, 0, 0, 5, 4, 4, 1, 4, 0, 0)
3561	(0, 0, 0, 0, 0, 5, 4, 2, 2, 5, 0, 0)
3562	(0, 0, 0, 0, 0, 6, 4, 2, 1, 4, 1, 0)
3563	(0, 0, 0, 0, 0, 5, 4, 3, 1, 4, 1, 0)
3564	(0, 0, 0, 0, 0, 5, 4, 1, 4, 4, 0, 0)
3565	(0, 0, 0, 0, 0, 6, 4, 1, 2, 4, 1, 0)
3566	(0, 0, 0, 0, 0, 5, 4, 1, 3, 4, 1, 0)
3567	(0, 0, 0, 0, 0, 5, 2, 5, 1, 5, 0, 0)
3568	(0, 0, 0, 0, 0, 5, 2, 4, 2, 5, 0, 0)
3569	(0, 0, 0, 0, 0, 6, 2, 4, 1, 4, 1, 0)
3570	(0, 0, 0, 0, 0, 5, 3, 4, 1, 4, 1, 0)
3571	(0, 0, 0, 0, 0, 5, 2, 2, 4, 5, 0, 0)
3572	(0, 0, 0, 0, 0, 6, 2, 2, 2, 5, 1, 0)
3573	(0, 0, 0, 0, 0, 5, 3, 2, 2, 5, 1, 0)
3574	(0, 0, 0, 0, 0, 5, 2, 3, 2, 5, 1, 0)
3575	(0, 0, 0, 0, 0, 5, 2, 2, 3, 5, 1, 0)
3576	(0, 0, 0, 0, 0, 6, 3, 2, 1, 4, 2, 0)
3577	(0, 0, 0, 0, 0, 6, 2, 3, 1, 4, 2, 0)
3578	(0, 0, 0, 0, 0, 5, 3, 3, 1, 4, 2, 0)
3579	(0, 0, 0, 0, 0, 5, 2, 1, 5, 5, 0, 0)
3580	(0, 0, 0, 0, 0, 6, 2, 1, 4, 4, 1, 0)
3581	(0, 0, 0, 0, 0, 5, 3, 1, 4, 4, 1, 0)
3582	(0, 0, 0, 0, 0, 6, 3, 1, 2, 4, 2, 0)
3583	(0, 0, 0, 0, 0, 6, 2, 1, 3, 4, 2, 0)
3584	(0, 0, 0, 0, 0, 5, 3, 1, 3, 4, 2, 0)
3585	(0, 0, 0, 0, 0, 5, 1, 5, 2, 5, 0, 0)
3586	(0, 0, 0, 0, 0, 6, 1, 5, 1, 4, 1, 0)
3587	(0, 0, 0, 0, 0, 5, 1, 6, 1, 4, 1, 0)
3588	(0, 0, 0, 0, 0, 5, 1, 4, 4, 4, 0, 0)
3589	(0, 0, 0, 0, 0, 6, 1, 4, 2, 4, 1, 0)
3590	(0, 0, 0, 0, 0, 5, 1, 4, 3, 4, 1, 0)
3591	(0, 0, 0, 0, 0, 5, 1, 2, 5, 5, 0, 0)
3592	(0, 0, 0, 0, 0, 6, 1, 2, 4, 4, 1, 0)
3593	(0, 0, 0, 0, 0, 5, 1, 3, 4, 4, 1, 0)
3594	(0, 0, 0, 0, 0, 6, 1, 3, 2, 4, 2, 0)
3595	(0, 0, 0, 0, 0, 6, 1, 2, 3, 4, 2, 0)
3596	(0, 0, 0, 0, 0, 5, 1, 3, 3, 4, 2, 0)
3597	(0, 0, 0, 0, 0, 6, 1, 1, 5, 4, 1, 0)
3598	(0, 0, 0, 0, 0, 5, 1, 1, 6, 4, 1, 0)
3599	(0, 0, 0, 0, 0, 4, 5, 4, 1, 4, 0, 0)
3600	(0, 0, 0, 0, 0, 4, 5, 2, 2, 5, 0, 0)
3601	(0, 0, 0, 0, 0, 4, 6, 2, 1, 4, 1, 0)
3602	(0, 0, 0, 0, 0, 4, 5, 3, 1, 4, 1, 0)
3603	(0, 0, 0, 0, 0, 4, 5, 1, 4, 4, 0, 0)
3604	(0, 0, 0, 0, 0, 4, 6, 1, 2, 4, 1, 0)
3605	(0, 0, 0, 0, 0, 4, 5, 1, 3, 4, 1, 0)
3606	(0, 0, 0, 0, 0, 4, 4, 5, 1, 4, 0, 0)
3607	(0, 0, 0, 0, 0, 4, 4, 4, 2, 4, 0, 0)
3608	(0, 0, 0, 0, 0, 4, 4, 2, 4, 4, 0, 0)
3609	(0, 0, 0, 0, 0, 4, 4, 3, 2, 4, 1, 0)
3610	(0, 0, 0, 0, 0, 4, 4, 2, 3, 4, 1, 0)
3611	(0, 0, 0, 0, 0, 4, 4, 1, 5, 4, 0, 0)
3612	(0, 0, 0, 0, 0, 4, 2, 5, 2, 5, 0, 0)
3613	(0, 0, 0, 0, 0, 4, 3, 5, 1, 4, 1, 0)
3614	(0, 0, 0, 0, 0, 4, 2, 6, 1, 4, 1, 0)
3615	(0, 0, 0, 0, 0, 4, 2, 4, 4, 4, 0, 0)
3616	(0, 0, 0, 0, 0, 4, 3, 4, 2, 4, 1, 0)
3617	(0, 0, 0, 0, 0, 4, 2, 4, 3, 4, 1, 0)
3618	(0, 0, 0, 0, 0, 4, 2, 2, 5, 5, 0, 0)
3619	(0, 0, 0, 0, 0, 4, 3, 2, 4, 4, 1, 0)
3620	(0, 0, 0, 0, 0, 4, 2, 3, 4, 4, 1, 0)
3621	(0, 0, 0, 0, 0, 4, 3, 3, 2, 4, 2, 0)
3622	(0, 0, 0, 0, 0, 4, 3, 2, 3, 4, 2, 0)
3623	(0, 0, 0, 0, 0, 4, 2, 3, 3, 4, 2, 0)
3624	(0, 0, 0, 0, 0, 4, 3, 1, 5, 4, 1, 0)
3625	(0, 0, 0, 0, 0, 4, 2, 1, 6, 4, 1, 0)
3626	(0, 0, 0, 0, 0, 4, 1, 5, 4, 4, 0, 0)
3627	(0, 0, 0, 0, 0, 4, 1, 6, 2, 4, 1, 0)
3628	(0, 0, 0, 0, 0, 4, 1, 5, 3, 4, 1, 0)
3629	(0, 0, 0, 0, 0, 4, 1, 4, 5, 4, 0, 0)
3630	(0, 0, 0, 0, 0, 4, 1, 3, 5, 4, 1, 0)
3631	(0, 0, 0, 0, 0, 4, 1, 2, 6, 4, 1, 0)
3632	(0, 0, 0, 0, 0, 2, 5, 5, 1, 5, 0, 0)
3633	(0, 0, 0, 0, 0, 2, 5, 4, 2, 5, 0, 0)
3634	(0, 0, 0, 0, 0, 3, 5, 4, 1, 4, 1, 0)
3635	(0, 0, 0, 0, 0, 2, 6, 4, 1, 4, 1, 0)
3636	(0, 0, 0, 0, 0, 2, 5, 2, 4, 5, 0, 0)
3637	(0, 0, 0, 0, 0, 3, 5, 2, 2, 5, 1, 0)
3638	(0, 0, 0, 0, 0, 2, 6, 2, 2, 5, 1, 0)
3639	(0, 0, 0, 0, 0, 2, 5, 3, 2, 5, 1, 0)
3640	(0, 0, 0, 0, 0, 2, 5, 2, 3, 5, 1, 0)
3641	(0, 0, 0, 0, 0, 3, 6, 2, 1, 4, 2, 0)
3642	(0, 0, 0, 0, 0, 3, 5, 3, 1, 4, 2, 0)
3643	(0, 0, 0, 0, 0, 2, 6, 3, 1, 4, 2, 0)
3644	(0, 0, 0, 0, 0, 2, 5, 1, 5, 5, 0, 0)
3645	(0, 0, 0, 0, 0, 3, 5, 1, 4, 4, 1, 0)
3646	(0, 0, 0, 0, 0, 2, 6, 1, 4, 4, 1, 0)
3647	(0, 0, 0, 0, 0, 3, 6, 1, 2, 4, 2, 0)
3648	(0, 0, 0, 0, 0, 3, 5, 1, 3, 4, 2, 0)
3649	(0, 0, 0, 0, 0, 2, 6, 1, 3, 4, 2, 0)
3650	(0, 0, 0, 0, 0, 2, 4, 5, 2, 5, 0, 0)
3651	(0, 0, 0, 0, 0, 3, 4, 5, 1, 4, 1, 0)
3652	(0, 0, 0, 0, 0, 2, 4, 6, 1, 4, 1, 0)
3653	(0, 0, 0, 0, 0, 2, 4, 4, 4, 4, 0, 0)
3654	(0, 0, 0, 0, 0, 3, 4, 4, 2, 4, 1, 0)
3655	(0, 0, 0, 0, 0, 2, 4, 4, 3, 4, 1, 0)
3656	(0, 0, 0, 0, 0, 2, 4, 2, 5, 5, 0, 0)
3657	(0, 0, 0, 0, 0, 3, 4, 2, 4, 4, 1, 0)
3658	(0, 0, 0, 0, 0, 2, 4, 3, 4, 4, 1, 0)
3659	(0, 0, 0, 0, 0, 3, 4, 3, 2, 4, 2, 0)
3660	(0, 0, 0, 0, 0, 3, 4, 2, 3, 4, 2, 0)
3661	(0, 0, 0, 0, 0, 2, 4, 3, 3, 4, 2, 0)
3662	(0, 0, 0, 0, 0, 3, 4, 1, 5, 4, 1, 0)
3663	(0, 0, 0, 0, 0, 2, 4, 1, 6, 4, 1, 0)
3664	(0, 0, 0, 0, 0, 2, 2, 5, 4, 5, 0, 0)
3665	(0, 0, 0, 0, 0, 3, 2, 5, 2, 5, 1, 0)
3666	(0, 0, 0, 0, 0, 2, 3, 5, 2, 5, 1, 0)
3667	(0, 0, 0, 0, 0, 2, 2, 6, 2, 5, 1, 0)
3668	(0, 0, 0, 0, 0, 2, 2, 5, 3, 5, 1, 0)
3669	(0, 0, 0, 0, 0, 3, 3, 5, 1, 4, 2, 0)
3670	(0, 0, 0, 0, 0, 3, 2, 6, 1, 4, 2, 0)
3671	(0, 0, 0, 0, 0, 2, 3, 6, 1, 4, 2, 0)
3672	(0, 0, 0, 0, 0, 2, 2, 4, 5, 5, 0, 0)
3673	(0, 0, 0, 0, 0, 3, 2, 4, 4, 4, 1, 0)
3674	(0, 0, 0, 0, 0, 2, 3, 4, 4, 4, 1, 0)
3675	(0, 0, 0, 0, 0, 3, 3, 4, 2, 4, 2, 0)
3676	(0, 0, 0, 0, 0, 3, 2, 4, 3, 4, 2, 0)
3677	(0, 0, 0, 0, 0, 2, 3, 4, 3, 4, 2, 0)
3678	(0, 0, 0, 0, 0, 3, 2, 2, 5, 5, 1, 0)
3679	(0, 0, 0, 0, 0, 2, 3, 2, 5, 5, 1, 0)
3680	(0, 0, 0, 0, 0, 2, 2, 3, 5, 5, 1, 0)
3681	(0, 0, 0, 0, 0, 2, 2, 2, 6, 5, 1, 0)
3682	(0, 0, 0, 0, 0, 3, 3, 2, 4, 4, 2, 0)
3683	(0, 0, 0, 0, 0, 3, 2, 3, 4, 4, 2, 0)
3684	(0, 0, 0, 0, 0, 2, 3, 3, 4, 4, 2, 0)
3685	(0, 0, 0, 0, 0, 3, 3, 3, 2, 4, 3, 0)
3686	(0, 0, 0, 0, 0, 3, 3, 2, 3, 4, 3, 0)
3687	(0, 0, 0, 0, 0, 3, 2, 3, 3, 4, 3, 0)
3688	(0, 0, 0, 0, 0, 2, 3, 3, 3, 4, 3, 0)
3689	(0, 0, 0, 0, 0, 3, 3, 1, 5, 4, 2, 0)
3690	(0, 0, 0, 0, 0, 3, 2, 1, 6, 4, 2, 0)
3691	(0, 0, 0, 0, 0, 2, 3, 1, 6, 4, 2, 0)
3692	(0, 0, 0, 0, 0, 2, 1, 5, 5, 5, 0, 0)
3693	(0, 0, 0, 0, 0, 3, 1, 5, 4, 4, 1, 0)
3694	(0, 0, 0, 0, 0, 2, 1, 6, 4, 4, 1, 0)
3695	(0, 0, 0, 0, 0, 3, 1, 6, 2, 4, 2, 0)
3696	(0, 0, 0, 0, 0, 3, 1, 5, 3, 4, 2, 0)
3697	(0, 0, 0, 0, 0, 2, 1, 6, 3, 4, 2, 0)
3698	(0, 0, 0, 0, 0, 3, 1, 4, 5, 4, 1, 0)
3699	(0, 0, 0, 0, 0, 2, 1, 4, 6, 4, 1, 0)
3700	(0, 0, 0, 0, 0, 3, 1, 3, 5, 4, 2, 0)
3701	(0, 0, 0, 0, 0, 3, 1, 2, 6, 4, 2, 0)
3702	(0, 0, 0, 0, 0, 2, 1, 3, 6, 4, 2, 0)
3703	(0, 0, 0, 0, 0, 1, 5, 5, 2, 5, 0, 0)
3704	(0, 0, 0, 0, 0, 1, 6, 5, 1, 4, 1, 0)
3705	(0, 0, 0, 0, 0, 1, 5, 6, 1, 4, 1, 0)
3706	(0, 0, 0, 0, 0, 1, 5, 4, 4, 4, 0, 0)
3707	(0, 0, 0, 0, 0, 1, 6, 4, 2, 4, 1, 0)
3708	(0, 0, 0, 0, 0, 1, 5, 4, 3, 4, 1, 0)
3709	(0, 0, 0, 0, 0, 1, 5, 2, 5, 5, 0, 0)
3710	(0, 0, 0, 0, 0, 1, 6, 2, 4, 4, 1, 0)
3711	(0, 0, 0, 0, 0, 1, 5, 3, 4, 4, 1, 0)
3712	(0, 0, 0, 0, 0, 1, 6, 3, 2, 4, 2, 0)
3713	(0, 0, 0, 0, 0, 1, 6, 2, 3, 4, 2, 0)
3714	(0, 0, 0, 0, 0, 1, 5, 3, 3, 4, 2, 0)
3715	(0, 0, 0, 0, 0, 1, 6, 1, 5, 4, 1, 0)
3716	(0, 0, 0, 0, 0, 1, 5, 1, 6, 4, 1, 0)
3717	(0, 0, 0, 0, 0, 1, 4, 5, 4, 4, 0, 0)
3718	(0, 0, 0, 0, 0, 1, 4, 6, 2, 4, 1, 0)
3719	(0, 0, 0, 0, 0, 1, 4, 5, 3, 4, 1, 0)
3720	(0, 0, 0, 0, 0, 1, 4, 4, 5, 4, 0, 0)
3721	(0, 0, 0, 0, 0, 1, 4, 3, 5, 4, 1, 0)
3722	(0, 0, 0, 0, 0, 1, 4, 2, 6, 4, 1, 0)
3723	(0, 0, 0, 0, 0, 1, 2, 5, 5, 5, 0, 0)
3724	(0, 0, 0, 0, 0, 1, 3, 5, 4, 4, 1, 0)
3725	(0, 0, 0, 0, 0, 1, 2, 6, 4, 4, 1, 0)
3726	(0, 0, 0, 0, 0, 1, 3, 6, 2, 4, 2, 0)
3727	(0, 0, 0, 0, 0, 1, 3, 5, 3, 4, 2, 0)
3728	(0, 0, 0, 0, 0, 1, 2, 6, 3, 4, 2, 0)
3729	(0, 0, 0, 0, 0, 1, 3, 4, 5, 4, 1, 0)
3730	(0, 0, 0, 0, 0, 1, 2, 4, 6, 4, 1, 0)
3731	(0, 0, 0, 0, 0, 1, 3, 3, 5, 4, 2, 0)
3732	(0, 0, 0, 0, 0, 1, 3, 2, 6, 4, 2, 0)
3733	(0, 0, 0, 0, 0, 1, 2, 3, 6, 4, 2, 0)
3734	(0, 0, 0, 0, 0, 1, 1, 6, 5, 4, 1, 0)
3735	(0, 0, 0, 0, 0, 1, 1, 5, 6, 4, 1, 0)
3736	(0, 0, 0, 0, 0, 0, 5, 5, 4, 5, 0, 0)
3737	(0, 0, 0, 0, 0, 0, 6, 5, 2, 5, 1, 0)
3738	(0, 0, 0, 0, 0, 0, 5, 6, 2, 5, 1, 0)
3739	(0, 0, 0, 0, 0, 0, 5, 5, 3, 5, 1, 0)
3740	(0, 0, 0, 0, 0, 0, 6, 6, 1, 4, 2, 0)
3741	(0, 0, 0, 0, 0, 0, 5, 4, 5, 5, 0, 0)
3742	(0, 0, 0, 0, 0, 0, 6, 4, 4, 4, 1, 0)
3743	(0, 0, 0, 0, 0, 0, 6, 4, 3, 4, 2, 0)
3744	(0, 0, 0, 0, 0, 0, 6, 2, 5, 5, 1, 0)
3745	(0, 0, 0, 0, 0, 0, 5, 3, 5, 5, 1, 0)
3746	(0, 0, 0, 0, 0, 0, 5, 2, 6, 5, 1, 0)
3747	(0, 0, 0, 0, 0, 0, 6, 3, 4, 4, 2, 0)
3748	(0, 0, 0, 0, 0, 0, 6, 3, 3, 4, 3, 0)
3749	(0, 0, 0, 0, 0, 0, 6, 1, 6, 4, 2, 0)
3750	(0, 0, 0, 0, 0, 0, 4, 5, 5, 5, 0, 0)
3751	(0, 0, 0, 0, 0, 0, 4, 6, 4, 4, 1, 0)
3752	(0, 0, 0, 0, 0, 0, 4, 6, 3, 4, 2, 0)
3753	(0, 0, 0, 0, 0, 0, 4, 4, 6, 4, 1, 0)
3754	(0, 0, 0, 0, 0, 0, 4, 3, 6, 4, 2, 0)
3755	(0, 0, 0, 0, 0, 0, 3, 5, 5, 5, 1, 0)
3756	(0, 0, 0, 0, 0, 0, 2, 6, 5, 5, 1, 0)
3757	(0, 0, 0, 0, 0, 0, 2, 5, 6, 5, 1, 0)
3758	(0, 0, 0, 0, 0, 0, 3, 6, 4, 4, 2, 0)
3759	(0, 0, 0, 0, 0, 0, 3, 6, 3, 4, 3, 0)
3760	(0, 0, 0, 0, 0, 0, 3, 4, 6, 4, 2, 0)
3761	(0, 0, 0, 0, 0, 0, 3, 3, 6, 4, 3, 0)
3762	(0, 0, 0, 0, 0, 0, 1, 6, 6, 4, 2, 0)
3763	(0, 0, 0, 0, 0, 5, 5, 0, 4, 5, 0, 0)
3764	(0, 0, 0, 0, 0, 6, 5, 0, 2, 5, 1, 0)
3765	(0, 0, 0, 0, 0, 5, 6, 0, 2, 5, 1, 0)
3766	(0, 0, 0, 0, 0, 5, 5, 0, 3, 5, 1, 0)
3767	(0, 0, 0, 0, 0, 6, 6, 0, 1, 4, 2, 0)
3768	(0, 0, 0, 0, 0, 5, 4, 0, 5, 5, 0, 0)
3769	(0, 0, 0, 0, 0, 6, 4, 0, 4, 4, 1, 0)
3770	(0, 0, 0, 0, 0, 6, 4, 0, 3, 4, 2, 0)
3771	(0, 0, 0, 0, 0, 6, 2, 0, 5, 5, 1, 0)
3772	(0, 0, 0, 0, 0, 5, 3, 0, 5, 5, 1, 0)
3773	(0, 0, 0, 0, 0, 5, 2, 0, 6, 5, 1, 0)
3774	(0, 0, 0, 0, 0, 6, 3, 0, 4, 4, 2, 0)
3775	(0, 0, 0, 0, 0, 6, 3, 0, 3, 4, 3, 0)
3776	(0, 0, 0, 0, 0, 6, 1, 0, 6, 4, 2, 0)
3777	(0, 0, 0, 0, 0, 4, 5, 0, 5, 5, 0, 0)
3778	(0, 0, 0, 0, 0, 4, 6, 0, 4, 4, 1, 0)
3779	(0, 0, 0, 0, 0, 4, 6, 0, 3, 4, 2, 0)
3780	(0, 0, 0, 0, 0, 4, 4, 0, 6, 4, 1, 0)
3781	(0, 0, 0, 0, 0, 4, 3, 0, 6, 4, 2, 0)
3782	(0, 0, 0, 0, 0, 3, 5, 0, 5, 5, 1, 0)
3783	(0, 0, 0, 0, 0, 2, 6, 0, 5, 5, 1, 0)
3784	(0, 0, 0, 0, 0, 2, 5, 0, 6, 5, 1, 0)
3785	(0, 0, 0, 0, 0, 3, 6, 0, 4, 4, 2, 0)
3786	(0, 0, 0, 0, 0, 3, 6, 0, 3, 4, 3, 0)
3787	(0, 0, 0, 0, 0, 3, 4, 0, 6, 4, 2, 0)
3788	(0, 0, 0, 0, 0, 3, 3, 0, 6, 4, 3, 0)
3789	(0, 0, 0, 0, 0, 1, 6, 0, 6, 4, 2, 0)
3790	(0, 0, 0, 1, 0, 5, 4, 1, 1, 3, 0, 1)
3791	(0, 0, 0, 1, 0, 5, 2, 2, 1, 4, 0, 1)
3792	(0, 0, 0, 1, 0, 5, 2, 1, 2, 4, 0, 1)
3793	(0, 0, 0, 1, 0, 6, 2, 1, 1, 3, 1, 1)
3794	(0, 0, 0, 1, 0, 5, 3, 1, 1, 3, 1, 1)
3795	(0, 0, 0, 1, 0, 5, 2, 1, 1, 3, 0, 2)
3796	(0, 0, 0, 1, 0, 5, 1, 4, 1, 3, 0, 1)
3797	(0, 0, 0, 1, 0, 5, 1, 2, 2, 4, 0, 1)
3798	(0, 0, 0, 1, 0, 6, 1, 2, 1, 3, 1, 1)
3799	(0, 0, 0, 1, 0, 5, 1, 3, 1, 3, 1, 1)
3800	(0, 0, 0, 1, 0, 5, 1, 2, 1, 3, 0, 2)
3801	(0, 0, 0, 1, 0, 5, 1, 1, 4, 3, 0, 1)
3802	(0, 0, 0, 1, 0, 6, 1, 1, 2, 3, 1, 1)
3803	(0, 0, 0, 1, 0, 5, 1, 1, 3, 3, 1, 1)
3804	(0, 0, 0, 1, 0, 5, 1, 1, 2, 3, 0, 2)
3805	(0, 0, 0, 1, 0, 6, 1, 1, 1, 2, 1, 2)
3806	(0, 0, 0, 1, 0, 4, 5, 1, 1, 3, 0, 1)
3807	(0, 0, 0, 1, 0, 4, 4, 2, 1, 3, 0, 1)
3808	(0, 0, 0, 1, 0, 4, 4, 1, 2, 3, 0, 1)
3809	(0, 0, 0, 1, 0, 4, 4, 1, 1, 2, 0, 2)
3810	(0, 0, 0, 1, 0, 4, 2, 4, 1, 3, 0, 1)
3811	(0, 0, 0, 1, 0, 4, 2, 2, 2, 4, 0, 1)
3812	(0, 0, 0, 1, 0, 4, 3, 2, 1, 3, 1, 1)
3813	(0, 0, 0, 1, 0, 4, 2, 3, 1, 3, 1, 1)
3814	(0, 0, 0, 1, 0, 4, 2, 2, 1, 3, 0, 2)
3815	(0, 0, 0, 1, 0, 4, 2, 1, 4, 3, 0, 1)
3816	(0, 0, 0, 1, 0, 4, 3, 1, 2, 3, 1, 1)
3817	(0, 0, 0, 1, 0, 4, 2, 1, 3, 3, 1, 1)
3818	(0, 0, 0, 1, 0, 4, 2, 1, 2, 3, 0, 2)
3819	(0, 0, 0, 1, 0, 4, 3, 1, 1, 2, 1, 2)
3820	(0, 0, 0, 1, 0, 4, 1, 5, 1, 3, 0, 1)
3821	(0, 0, 0, 1, 0, 4, 1, 4, 2, 3, 0, 1)
3822	(0, 0, 0, 1, 0, 4, 1, 4, 1, 2, 0, 2)
3823	(0, 0, 0, 1, 0, 4, 1, 2, 4, 3, 0, 1)
3824	(0, 0, 0, 1, 0, 4, 1, 3, 2, 3, 1, 1)
3825	(0, 0, 0, 1, 0, 4, 1, 2, 3, 3, 1, 1)
3826	(0, 0, 0, 1, 0, 4, 1, 2, 2, 3, 0, 2)
3827	(0, 0, 0, 1, 0, 4, 1, 3, 1, 2, 1, 2)
3828	(0, 0, 0, 1, 0, 4, 1, 1, 5, 3, 0, 1)
3829	(0, 0, 0, 1, 0, 4, 1, 1, 4, 2, 0, 2)
3830	(0, 0, 0, 1, 0, 4, 1, 1, 3, 2, 1, 2)
3831	(0, 0, 0, 1, 0, 2, 5, 2, 1, 4, 0, 1)
3832	(0, 0, 0, 1, 0, 2, 5, 1, 2, 4, 0, 1)
3833	(0, 0, 0, 1, 0, 3, 5, 1, 1, 3, 1, 1)
3834	(0, 0, 0, 1, 0, 2, 6, 1, 1, 3, 1, 1)
3835	(0, 0, 0, 1, 0, 2, 5, 1, 1, 3, 0, 2)
3836	(0, 0, 0, 1, 0, 2, 4, 4, 1, 3, 0, 1)
3837	(0, 0, 0, 1, 0, 2, 4, 2, 2, 4, 0, 1)
3838	(0, 0, 0, 1, 0, 3, 4, 2, 1, 3, 1, 1)
3839	(0, 0, 0, 1, 0, 2, 4, 3, 1, 3, 1, 1)
3840	(0, 0, 0, 1, 0, 2, 4, 2, 1, 3, 0, 2)
3841	(0, 0, 0, 1, 0, 2, 4, 1, 4, 3, 0, 1)
3842	(0, 0, 0, 1, 0, 3, 4, 1, 2, 3, 1, 1)
3843	(0, 0, 0, 1, 0, 2, 4, 1, 3, 3, 1, 1)
3844	(0, 0, 0, 1, 0, 2, 4, 1, 2, 3, 0, 2)
3845	(0, 0, 0, 1, 0, 3, 4, 1, 1, 2, 1, 2)
3846	(0, 0, 0, 1, 0, 2, 2, 5, 1, 4, 0, 1)
3847	(0, 0, 0, 1, 0, 2, 2, 4, 2, 4, 0, 1)
3848	(0, 0, 0, 1, 0, 3, 2, 4, 1, 3, 1, 1)
3849	(0, 0, 0, 1, 0, 2, 3, 4, 1, 3, 1, 1)
3850	(0, 0, 0, 1, 0, 2, 2, 4, 1, 3, 0, 2)
3851	(0, 0, 0, 1, 0, 2, 2, 2, 4, 4, 0, 1)
3852	(0, 0, 0, 1, 0, 3, 2, 2, 2, 4, 1, 1)
3853	(0, 0, 0, 1, 0, 2, 3, 2, 2, 4, 1, 1)
3854	(0, 0, 0, 1, 0, 2, 2, 3, 2, 4, 1, 1)
3855	(0, 0, 0, 1, 0, 2, 2, 2, 3, 4, 1, 1)
3856	(0, 0, 0, 1, 0, 2, 2, 2, 2, 4, 0, 2)
3857	(0, 0, 0, 1, 0, 3, 3, 2, 1, 3, 2, 1)
3858	(0, 0, 0, 1, 0, 3, 2, 3, 1, 3, 2, 1)
3859	(0, 0, 0, 1, 0, 3, 2, 2, 1, 3, 1, 2)
3860	(0, 0, 0, 1, 0, 2, 3, 3, 1, 3, 2, 1)
3861	(0, 0, 0, 1, 0, 2, 3, 2, 1, 3, 1, 2)
3862	(0, 0, 0, 1, 0, 2, 2, 3, 1, 3, 1, 2)
3863	(0, 0, 0, 1, 0, 2, 2, 1, 5, 4, 0, 1)
3864	(0, 0, 0, 1, 0, 3, 2, 1, 4, 3, 1, 1)
3865	(0, 0, 0, 1, 0, 2, 3, 1, 4, 3, 1, 1)
3866	(0, 0, 0, 1, 0, 2, 2, 1, 4, 3, 0, 2)
3867	(0, 0, 0, 1, 0, 3, 3, 1, 2, 3, 2, 1)
3868	(0, 0, 0, 1, 0, 3, 2, 1, 3, 3, 2, 1)
3869	(0, 0, 0, 1, 0, 3, 2, 1, 2, 3, 1, 2)
3870	(0, 0, 0, 1, 0, 2, 3, 1, 3, 3, 2, 1)
3871	(0, 0, 0, 1, 0, 2, 3, 1, 2, 3, 1, 2)
3872	(0, 0, 0, 1, 0, 2, 2, 1, 3, 3, 1, 2)
3873	(0, 0, 0, 1, 0, 3, 3, 1, 1, 2, 2, 2)
3874	(0, 0, 0, 1, 0, 2, 1, 5, 2, 4, 0, 1)
3875	(0, 0, 0, 1, 0, 3, 1, 5, 1, 3, 1, 1)
3876	(0, 0, 0, 1, 0, 2, 1, 6, 1, 3, 1, 1)
3877	(0, 0, 0, 1, 0, 2, 1, 5, 1, 3, 0, 2)
3878	(0, 0, 0, 1, 0, 2, 1, 4, 4, 3, 0, 1)
3879	(0, 0, 0, 1, 0, 3, 1, 4, 2, 3, 1, 1)
3880	(0, 0, 0, 1, 0, 2, 1, 4, 3, 3, 1, 1)
3881	(0, 0, 0, 1, 0, 2, 1, 4, 2, 3, 0, 2)
3882	(0, 0, 0, 1, 0, 3, 1, 4, 1, 2, 1, 2)
3883	(0, 0, 0, 1, 0, 2, 1, 2, 5, 4, 0, 1)
3884	(0, 0, 0, 1, 0, 3, 1, 2, 4, 3, 1, 1)
3885	(0, 0, 0, 1, 0, 2, 1, 3, 4, 3, 1, 1)
3886	(0, 0, 0, 1, 0, 2, 1, 2, 4, 3, 0, 2)
3887	(0, 0, 0, 1, 0, 3, 1, 3, 2, 3, 2, 1)
3888	(0, 0, 0, 1, 0, 3, 1, 2, 3, 3, 2, 1)
3889	(0, 0, 0, 1, 0, 3, 1, 2, 2, 3, 1, 2)
3890	(0, 0, 0, 1, 0, 2, 1, 3, 3, 3, 2, 1)
3891	(0, 0, 0, 1, 0, 2, 1, 3, 2, 3, 1, 2)
3892	(0, 0, 0, 1, 0, 2, 1, 2, 3, 3, 1, 2)
3893	(0, 0, 0, 1, 0, 3, 1, 3, 1, 2, 2, 2)
3894	(0, 0, 0, 1, 0, 3, 1, 1, 5, 3, 1, 1)
3895	(0, 0, 0, 1, 0, 2, 1, 1, 6, 3, 1, 1)
3896	(0, 0, 0, 1, 0, 2, 1, 1, 5, 3, 0, 2)
3897	(0, 0, 0, 1, 0, 3, 1, 1, 4, 2, 1, 2)
3898	(0, 0, 0, 1, 0, 3, 1, 1, 3, 2, 2, 2)
3899	(0, 0, 0, 1, 0, 1, 5, 4, 1, 3, 0, 1)
3900	(0, 0, 0, 1, 0, 1, 5, 2, 2, 4, 0, 1)
3901	(0, 0, 0, 1, 0, 1, 6, 2, 1, 3, 1, 1)
3902	(0, 0, 0, 1, 0, 1, 5, 3, 1, 3, 1, 1)
3903	(0, 0, 0, 1, 0, 1, 5, 2, 1, 3, 0, 2)
3904	(0, 0, 0, 1, 0, 1, 5, 1, 4, 3, 0, 1)
3905	(0, 0, 0, 1, 0, 1, 6, 1, 2, 3, 1, 1)
3906	(0, 0, 0, 1, 0, 1, 5, 1, 3, 3, 1, 1)
3907	(0, 0, 0, 1, 0, 1, 5, 1, 2, 3, 0, 2)
3908	(0, 0, 0, 1, 0, 1, 6, 1, 1, 2, 1, 2)
3909	(0, 0, 0, 1, 0, 1, 4, 5, 1, 3, 0, 1)
3910	(0, 0, 0, 1, 0, 1, 4, 4, 2, 3, 0, 1)
3911	(0, 0, 0, 1, 0, 1, 4, 4, 1, 2, 0, 2)
3912	(0, 0, 0, 1, 0, 1, 4, 2, 4, 3, 0, 1)
3913	(0, 0, 0, 1, 0, 1, 4, 3, 2, 3, 1, 1)
3914	(0, 0, 0, 1, 0, 1, 4, 2, 3, 3, 1, 1)
3915	(0, 0, 0, 1, 0, 1, 4, 2, 2, 3, 0, 2)
3916	(0, 0, 0, 1, 0, 1, 4, 3, 1, 2, 1, 2)
3917	(0, 0, 0, 1, 0, 1, 4, 1, 5, 3, 0, 1)
3918	(0, 0, 0, 1, 0, 1, 4, 1, 4, 2, 0, 2)
3919	(0, 0, 0, 1, 0, 1, 4, 1, 3, 2, 1, 2)
3920	(0, 0, 0, 1, 0, 1, 2, 5, 2, 4, 0, 1)
3921	(0, 0, 0, 1, 0, 1, 3, 5, 1, 3, 1, 1)
3922	(0, 0, 0, 1, 0, 1, 2, 6, 1, 3, 1, 1)
3923	(0, 0, 0, 1, 0, 1, 2, 5, 1, 3, 0, 2)
3924	(0, 0, 0, 1, 0, 1, 2, 4, 4, 3, 0, 1)
3925	(0, 0, 0, 1, 0, 1, 3, 4, 2, 3, 1, 1)
3926	(0, 0, 0, 1, 0, 1, 2, 4, 3, 3, 1, 1)
3927	(0, 0, 0, 1, 0, 1, 2, 4, 2, 3, 0, 2)
3928	(0, 0, 0, 1, 0, 1, 3, 4, 1, 2, 1, 2)
3929	(0, 0, 0, 1, 0, 1, 2, 2, 5, 4, 0, 1)
3930	(0, 0, 0, 1, 0, 1, 3, 2, 4, 3, 1, 1)
3931	(0, 0, 0, 1, 0, 1, 2, 3, 4, 3, 1, 1)
3932	(0, 0, 0, 1, 0, 1, 2, 2, 4, 3, 0, 2)
3933	(0, 0, 0, 1, 0, 1, 3, 3, 2, 3, 2, 1)
3934	(0, 0, 0, 1, 0, 1, 3, 2, 3, 3, 2, 1)
3935	(0, 0, 0, 1, 0, 1, 3, 2, 2, 3, 1, 2)
3936	(0, 0, 0, 1, 0, 1, 2, 3, 3, 3, 2, 1)
3937	(0, 0, 0, 1, 0, 1, 2, 3, 2, 3, 1, 2)
3938	(0, 0, 0, 1, 0, 1, 2, 2, 3, 3, 1, 2)
3939	(0, 0, 0, 1, 0, 1, 3, 3, 1, 2, 2, 2)
3940	(0, 0, 0, 1, 0, 1, 3, 1, 5, 3, 1, 1)
3941	(0, 0, 0, 1, 0, 1, 2, 1, 6, 3, 1, 1)
3942	(0, 0, 0, 1, 0, 1, 2, 1, 5, 3, 0, 2)
3943	(0, 0, 0, 1, 0, 1, 3, 1, 4, 2, 1, 2)
3944	(0, 0, 0, 1, 0, 1, 3, 1, 3, 2, 2, 2)
3945	(0, 0, 0, 1, 0, 1, 1, 5, 4, 3, 0, 1)
3946	(0, 0, 0, 1, 0, 1, 1, 6, 2, 3, 1, 1)
3947	(0, 0, 0, 1, 0, 1, 1, 5, 3, 3, 1, 1)
3948	(0, 0, 0, 1, 0, 1, 1, 5, 2, 3, 0, 2)
3949	(0, 0, 0, 1, 0, 1, 1, 6, 1, 2, 1, 2)
3950	(0, 0, 0, 1, 0, 1, 1, 4, 5, 3, 0, 1)
3951	(0, 0, 0, 1, 0, 1, 1, 4, 4, 2, 0, 2)
3952	(0, 0, 0, 1, 0, 1, 1, 4, 3, 2, 1, 2)
3953	(0, 0, 0, 1, 0, 1, 1, 3, 5, 3, 1, 1)
3954	(0, 0, 0, 1, 0, 1, 1, 2, 6, 3, 1, 1)
3955	(0, 0, 0, 1, 0, 1, 1, 2, 5, 3, 0, 2)
3956	(0, 0, 0, 1, 0, 1, 1, 3, 4, 2, 1, 2)
3957	(0, 0, 0, 1, 0, 1, 1, 3, 3, 2, 2, 2)
3958	(0, 0, 0, 1, 0, 1, 1, 1, 6, 2, 1, 2)
3959	(0, 0, 0, 1, 0, 0, 5, 5, 1, 4, 0, 1)
3960	(0, 0, 0, 1, 0, 0, 5, 4, 2, 4, 0, 1)
3961	(0, 0, 0, 1, 0, 0, 6, 4, 1, 3, 1, 1)
3962	(0, 0, 0, 1, 0, 0, 5, 4, 1, 3, 0, 2)
3963	(0, 0, 0, 1, 0, 0, 5, 2, 4, 4, 0, 1)
3964	(0, 0, 0, 1, 0, 0, 6, 2, 2, 4, 1, 1)
3965	(0, 0, 0, 1, 0, 0, 5, 3, 2, 4, 1, 1)
3966	(0, 0, 0, 1, 0, 0, 5, 2, 3, 4, 1, 1)
3967	(0, 0, 0, 1, 0, 0, 5, 2, 2, 4, 0, 2)
3968	(0, 0, 0, 1, 0, 0, 6, 3, 1, 3, 2, 1)
3969	(0, 0, 0, 1, 0, 0, 6, 2, 1, 3, 1, 2)
3970	(0, 0, 0, 1, 0, 0, 5, 3, 1, 3, 1, 2)
3971	(0, 0, 0, 1, 0, 0, 5, 1, 5, 4, 0, 1)
3972	(0, 0, 0, 1, 0, 0, 6, 1, 4, 3, 1, 1)
3973	(0, 0, 0, 1, 0, 0, 5, 1, 4, 3, 0, 2)
3974	(0, 0, 0, 1, 0, 0, 6, 1, 3, 3, 2, 1)
3975	(0, 0, 0, 1, 0, 0, 6, 1, 2, 3, 1, 2)
3976	(0, 0, 0, 1, 0, 0, 5, 1, 3, 3, 1, 2)
3977	(0, 0, 0, 1, 0, 0, 4, 5, 2, 4, 0, 1)
3978	(0, 0, 0, 1, 0, 0, 4, 6, 1, 3, 1, 1)
3979	(0, 0, 0, 1, 0, 0, 4, 5, 1, 3, 0, 2)
3980	(0, 0, 0, 1, 0, 0, 4, 4, 4, 3, 0, 1)
3981	(0, 0, 0, 1, 0, 0, 4, 4, 3, 3, 1, 1)
3982	(0, 0, 0, 1, 0, 0, 4, 4, 2, 3, 0, 2)
3983	(0, 0, 0, 1, 0, 0, 4, 2, 5, 4, 0, 1)
3984	(0, 0, 0, 1, 0, 0, 4, 3, 4, 3, 1, 1)
3985	(0, 0, 0, 1, 0, 0, 4, 2, 4, 3, 0, 2)
3986	(0, 0, 0, 1, 0, 0, 4, 3, 3, 3, 2, 1)
3987	(0, 0, 0, 1, 0, 0, 4, 3, 2, 3, 1, 2)
3988	(0, 0, 0, 1, 0, 0, 4, 2, 3, 3, 1, 2)
3989	(0, 0, 0, 1, 0, 0, 4, 1, 6, 3, 1, 1)
3990	(0, 0, 0, 1, 0, 0, 4, 1, 5, 3, 0, 2)
3991	(0, 0, 0, 1, 0, 0, 2, 5, 4, 4, 0, 1)
3992	(0, 0, 0, 1, 0, 0, 3, 5, 2, 4, 1, 1)
3993	(0, 0, 0, 1, 0, 0, 2, 6, 2, 4, 1, 1)
3994	(0, 0, 0, 1, 0, 0, 2, 5, 3, 4, 1, 1)
3995	(0, 0, 0, 1, 0, 0, 2, 5, 2, 4, 0, 2)
3996	(0, 0, 0, 1, 0, 0, 3, 6, 1, 3, 2, 1)
3997	(0, 0, 0, 1, 0, 0, 3, 5, 1, 3, 1, 2)
3998	(0, 0, 0, 1, 0, 0, 2, 6, 1, 3, 1, 2)
3999	(0, 0, 0, 1, 0, 0, 2, 4, 5, 4, 0, 1)
4000	(0, 0, 0, 1, 0, 0, 3, 4, 4, 3, 1, 1)
4001	(0, 0, 0, 1, 0, 0, 2, 4, 4, 3, 0, 2)
4002	(0, 0, 0, 1, 0, 0, 3, 4, 3, 3, 2, 1)
4003	(0, 0, 0, 1, 0, 0, 3, 4, 2, 3, 1, 2)
4004	(0, 0, 0, 1, 0, 0, 2, 4, 3, 3, 1, 2)
4005	(0, 0, 0, 1, 0, 0, 3, 2, 5, 4, 1, 1)
4006	(0, 0, 0, 1, 0, 0, 2, 3, 5, 4, 1, 1)
4007	(0, 0, 0, 1, 0, 0, 2, 2, 6, 4, 1, 1)
4008	(0, 0, 0, 1, 0, 0, 2, 2, 5, 4, 0, 2)
4009	(0, 0, 0, 1, 0, 0, 3, 3, 4, 3, 2, 1)
4010	(0, 0, 0, 1, 0, 0, 3, 2, 4, 3, 1, 2)
4011	(0, 0, 0, 1, 0, 0, 2, 3, 4, 3, 1, 2)
4012	(0, 0, 0, 1, 0, 0, 3, 3, 3, 3, 3, 1)
4013	(0, 0, 0, 1, 0, 0, 3, 3, 2, 3, 2, 2)
4014	(0, 0, 0, 1, 0, 0, 3, 2, 3, 3, 2, 2)
4015	(0, 0, 0, 1, 0, 0, 2, 3, 3, 3, 2, 2)
4016	(0, 0, 0, 1, 0, 0, 3, 1, 6, 3, 2, 1)
4017	(0, 0, 0, 1, 0, 0, 3, 1, 5, 3, 1, 2)
4018	(0, 0, 0, 1, 0, 0, 2, 1, 6, 3, 1, 2)
4019	(0, 0, 0, 1, 0, 0, 1, 5, 5, 4, 0, 1)
4020	(0, 0, 0, 1, 0, 0, 1, 6, 4, 3, 1, 1)
4021	(0, 0, 0, 1, 0, 0, 1, 5, 4, 3, 0, 2)
4022	(0, 0, 0, 1, 0, 0, 1, 6, 3, 3, 2, 1)
4023	(0, 0, 0, 1, 0, 0, 1, 6, 2, 3, 1, 2)
4024	(0, 0, 0, 1, 0, 0, 1, 5, 3, 3, 1, 2)
4025	(0, 0, 0, 1, 0, 0, 1, 4, 6, 3, 1, 1)
4026	(0, 0, 0, 1, 0, 0, 1, 4, 5, 3, 0, 2)
4027	(0, 0, 0, 1, 0, 0, 1, 3, 6, 3, 2, 1)
4028	(0, 0, 0, 1, 0, 0, 1, 3, 5, 3, 1, 2)
4029	(0, 0, 0, 1, 0, 0, 1, 2, 6, 3, 1, 2)
4030	(0, 0, 0, 1, 0, 5, 5, 0, 1, 4, 0, 1)
4031	(0, 0, 0, 1, 0, 5, 4, 0, 2, 4, 0, 1)
4032	(0, 0, 0, 1, 0, 6, 4, 0, 1, 3, 1, 1)
4033	(0, 0, 0, 1, 0, 5, 4, 0, 1, 3, 0, 2)
4034	(0, 0, 0, 1, 0, 5, 2, 0, 4, 4, 0, 1)
4035	(0, 0, 0, 1, 0, 6, 2, 0, 2, 4, 1, 1)
4036	(0, 0, 0, 1, 0, 5, 3, 0, 2, 4, 1, 1)
4037	(0, 0, 0, 1, 0, 5, 2, 0, 3, 4, 1, 1)
4038	(0, 0, 0, 1, 0, 5, 2, 0, 2, 4, 0, 2)
4039	(0, 0, 0, 1, 0, 6, 3, 0, 1, 3, 2, 1)
4040	(0, 0, 0, 1, 0, 6, 2, 0, 1, 3, 1, 2)
4041	(0, 0, 0, 1, 0, 5, 3, 0, 1, 3, 1, 2)
4042	(0, 0, 0, 1, 0, 5, 1, 0, 5, 4, 0, 1)
4043	(0, 0, 0, 1, 0, 6, 1, 0, 4, 3, 1, 1)
4044	(0, 0, 0, 1, 0, 5, 1, 0, 4, 3, 0, 2)
4045	(0, 0, 0, 1, 0, 6, 1, 0, 3, 3, 2, 1)
4046	(0, 0, 0, 1, 0, 6, 1, 0, 2, 3, 1, 2)
4047	(0, 0, 0, 1, 0, 5, 1, 0, 3, 3, 1, 2)
4048	(0, 0, 0, 1, 0, 4, 5, 0, 2, 4, 0, 1)
4049	(0, 0, 0, 1, 0, 4, 6, 0, 1, 3, 1, 1)
4050	(0, 0, 0, 1, 0, 4, 5, 0, 1, 3, 0, 2)
4051	(0, 0, 0, 1, 0, 4, 4, 0, 4, 3, 0, 1)
4052	(0, 0, 0, 1, 0, 4, 4, 0, 3, 3, 1, 1)
4053	(0, 0, 0, 1, 0, 4, 4, 0, 2, 3, 0, 2)
4054	(0, 0, 0, 1, 0, 4, 2, 0, 5, 4, 0, 1)
4055	(0, 0, 0, 1, 0, 4, 3, 0, 4, 3, 1, 1)
4056	(0, 0, 0, 1, 0, 4, 2, 0, 4, 3, 0, 2)
4057	(0, 0, 0, 1, 0, 4, 3, 0, 3, 3, 2, 1)
4058	(0, 0, 0, 1, 0, 4, 3, 0, 2, 3, 1, 2)
4059	(0, 0, 0, 1, 0, 4, 2, 0, 3, 3, 1, 2)
4060	(0, 0, 0, 1, 0, 4, 1, 0, 6, 3, 1, 1)
4061	(0, 0, 0, 1, 0, 4, 1, 0, 5, 3, 0, 2)
4062	(0, 0, 0, 1, 0, 2, 5, 0, 4, 4, 0, 1)
4063	(0, 0, 0, 1, 0, 3, 5, 0, 2, 4, 1, 1)
4064	(0, 0, 0, 1, 0, 2, 6, 0, 2, 4, 1, 1)
4065	(0, 0, 0, 1, 0, 2, 5, 0, 3, 4, 1, 1)
4066	(0, 0, 0, 1, 0, 2, 5, 0, 2, 4, 0, 2)
4067	(0, 0, 0, 1, 0, 3, 6, 0, 1, 3, 2, 1)
4068	(0, 0, 0, 1, 0, 3, 5, 0, 1, 3, 1, 2)
4069	(0, 0, 0, 1, 0, 2, 6, 0, 1, 3, 1, 2)
4070	(0, 0, 0, 1, 0, 2, 4, 0, 5, 4, 0, 1)
4071	(0, 0, 0, 1, 0, 3, 4, 0, 4, 3, 1, 1)
4072	(0, 0, 0, 1, 0, 2, 4, 0, 4, 3, 0, 2)
4073	(0, 0, 0, 1, 0, 3, 4, 0, 3, 3, 2, 1)
4074	(0, 0, 0, 1, 0, 3, 4, 0, 2, 3, 1, 2)
4075	(0, 0, 0, 1, 0, 2, 4, 0, 3, 3, 1, 2)
4076	(0, 0, 0, 1, 0, 3, 2, 0, 5, 4, 1, 1)
4077	(0, 0, 0, 1, 0, 2, 3, 0, 5, 4, 1, 1)
4078	(0, 0, 0, 1, 0, 2, 2, 0, 6, 4, 1, 1)
4079	(0, 0, 0, 1, 0, 2, 2, 0, 5, 4, 0, 2)
4080	(0, 0, 0, 1, 0, 3, 3, 0, 4, 3, 2, 1)
4081	(0, 0, 0, 1, 0, 3, 2, 0, 4, 3, 1, 2)
4082	(0, 0, 0, 1, 0, 2, 3, 0, 4, 3, 1, 2)
4083	(0, 0, 0, 1, 0, 3, 3, 0, 3, 3, 3, 1)
4084	(0, 0, 0, 1, 0, 3, 3, 0, 2, 3, 2, 2)
4085	(0, 0, 0, 1, 0, 3, 2, 0, 3, 3, 2, 2)
4086	(0, 0, 0, 1, 0, 2, 3, 0, 3, 3, 2, 2)
4087	(0, 0, 0, 1, 0, 3, 1, 0, 6, 3, 2, 1)
4088	(0, 0, 0, 1, 0, 3, 1, 0, 5, 3, 1, 2)
4089	(0, 0, 0, 1, 0, 2, 1, 0, 6, 3, 1, 2)
4090	(0, 0, 0, 1, 0, 1, 5, 0, 5, 4, 0, 1)
4091	(0, 0, 0, 1, 0, 1, 6, 0, 4, 3, 1, 1)
4092	(0, 0, 0, 1, 0, 1, 5, 0, 4, 3, 0, 2)
4093	(0, 0, 0, 1, 0, 1, 6, 0, 3, 3, 2, 1)
4094	(0, 0, 0, 1, 0, 1, 6, 0, 2, 3, 1, 2)
4095	(0, 0, 0, 1, 0, 1, 5, 0, 3, 3, 1, 2)
4096	(0, 0, 0, 1, 0, 1, 4, 0, 6, 3, 1, 1)
4097	(0, 0, 0, 1, 0, 1, 4, 0, 5, 3, 0, 2)
4098	(0, 0, 0, 1, 0, 1, 3, 0, 6, 3, 2, 1)
4099	(0, 0, 0, 1, 0, 1, 3, 0, 5, 3, 1, 2)
4100	(0, 0, 0, 1, 0, 1, 2, 0, 6, 3, 1, 2)
4101	(0, 0, 0, 1, 0, 0, 6, 0, 5, 4, 1, 1)
4102	(0, 0, 0, 1, 0, 0, 5, 0, 6, 4, 1, 1)
4103	(0, 0, 0, 1, 0, 0, 5, 0, 5, 4, 0, 2)
4104	(0, 0, 0, 1, 0, 0, 6, 0, 4, 3, 1, 2)
4105	(0, 0, 0, 1, 0, 0, 6, 0, 3, 3, 2, 2)
4106	(0, 0, 0, 1, 0, 0, 4, 0, 6, 3, 1, 2)
4107	(0, 0, 0, 1, 0, 0, 3, 0, 6, 3, 2, 2)
4108	(0, 0, 0, 1, 0, 0, 0, 6, 5, 4, 1, 1)
4109	(0, 0, 0, 1, 0, 0, 0, 5, 6, 4, 1, 1)
4110	(0, 0, 0, 1, 0, 0, 0, 5, 5, 4, 0, 2)
4111	(0, 0, 0, 1, 0, 0, 0, 6, 4, 3, 1, 2)
4112	(0, 0, 0, 1, 0, 0, 0, 6, 3, 3, 2, 2)
4113	(0, 0, 0, 1, 0, 0, 0, 4, 6, 3, 1, 2)
4114	(0, 0, 0, 1, 0, 0, 0, 3, 6, 3, 2, 2)
4115	(0, 0, 0, 0, 0, 5, 5, 1, 1, 4, 0, 1)
4116	(0, 0, 0, 0, 0, 5, 4, 2, 1, 4, 0, 1)
4117	(0, 0, 0, 0, 0, 5, 4, 1, 2, 4, 0, 1)
4118	(0, 0, 0, 0, 0, 6, 4, 1, 1, 3, 1, 1)
4119	(0, 0, 0, 0, 0, 5, 4, 1, 1, 3, 0, 2)
4120	(0, 0, 0, 0, 0, 5, 2, 4, 1, 4, 0, 1)
4121	(0, 0, 0, 0, 0, 5, 2, 2, 2, 5, 0, 1)
4122	(0, 0, 0, 0, 0, 6, 2, 2, 1, 4, 1, 1)
4123	(0, 0, 0, 0, 0, 5, 3, 2, 1, 4, 1, 1)
4124	(0, 0, 0, 0, 0, 5, 2, 3, 1, 4, 1, 1)
4125	(0, 0, 0, 0, 0, 5, 2, 2, 1, 4, 0, 2)
4126	(0, 0, 0, 0, 0, 5, 2, 1, 4, 4, 0, 1)
4127	(0, 0, 0, 0, 0, 6, 2, 1, 2, 4, 1, 1)
4128	(0, 0, 0, 0, 0, 5, 3, 1, 2, 4, 1, 1)
4129	(0, 0, 0, 0, 0, 5, 2, 1, 3, 4, 1, 1)
4130	(0, 0, 0, 0, 0, 5, 2, 1, 2, 4, 0, 2)
4131	(0, 0, 0, 0, 0, 6, 3, 1, 1, 3, 2, 1)
4132	(0, 0, 0, 0, 0, 6, 2, 1, 1, 3, 1, 2)
4133	(0, 0, 0, 0, 0, 5, 3, 1, 1, 3, 1, 2)
4134	(0, 0, 0, 0, 0, 5, 1, 5, 1, 4, 0, 1)
4135	(0, 0, 0, 0, 0, 5, 1, 4, 2, 4, 0, 1)
4136	(0, 0, 0, 0, 0, 6, 1, 4, 1, 3, 1, 1)
4137	(0, 0, 0, 0, 0, 5, 1, 4, 1, 3, 0, 2)
4138	(0, 0, 0, 0, 0, 5, 1, 2, 4, 4, 0, 1)
4139	(0, 0, 0, 0, 0, 6, 1, 2, 2, 4, 1, 1)
4140	(0, 0, 0, 0, 0, 5, 1, 3, 2, 4, 1, 1)
4141	(0, 0, 0, 0, 0, 5, 1, 2, 3, 4, 1, 1)
4142	(0, 0, 0, 0, 0, 5, 1, 2, 2, 4, 0, 2)
4143	(0, 0, 0, 0, 0, 6, 1, 3, 1, 3, 2, 1)
4144	(0, 0, 0, 0, 0, 6, 1, 2, 1, 3, 1, 2)
4145	(0, 0, 0, 0, 0, 5, 1, 3, 1, 3, 1, 2)
4146	(0, 0, 0, 0, 0, 5, 1, 1, 5, 4, 0, 1)
4147	(0, 0, 0, 0, 0, 6, 1, 1, 4, 3, 1, 1)
4148	(0, 0, 0, 0, 0, 5, 1, 1, 4, 3, 0, 2)
4149	(0, 0, 0, 0, 0, 6, 1, 1, 3, 3, 2, 1)
4150	(0, 0, 0, 0, 0, 6, 1, 1, 2, 3, 1, 2)
4151	(0, 0, 0, 0, 0, 5, 1, 1, 3, 3, 1, 2)
4152	(0, 0, 0, 0, 0, 4, 5, 2, 1, 4, 0, 1)
4153	(0, 0, 0, 0, 0, 4, 5, 1, 2, 4, 0, 1)
4154	(0, 0, 0, 0, 0, 4, 6, 1, 1, 3, 1, 1)
4155	(0, 0, 0, 0, 0, 4, 5, 1, 1, 3, 0, 2)
4156	(0, 0, 0, 0, 0, 4, 4, 4, 1, 3, 0, 1)
4157	(0, 0, 0, 0, 0, 4, 4, 2, 2, 4, 0, 1)
4158	(0, 0, 0, 0, 0, 4, 4, 3, 1, 3, 1, 1)
4159	(0, 0, 0, 0, 0, 4, 4, 2, 1, 3, 0, 2)
4160	(0, 0, 0, 0, 0, 4, 4, 1, 4, 3, 0, 1)
4161	(0, 0, 0, 0, 0, 4, 4, 1, 3, 3, 1, 1)
4162	(0, 0, 0, 0, 0, 4, 4, 1, 2, 3, 0, 2)
4163	(0, 0, 0, 0, 0, 4, 2, 5, 1, 4, 0, 1)
4164	(0, 0, 0, 0, 0, 4, 2, 4, 2, 4, 0, 1)
4165	(0, 0, 0, 0, 0, 4, 3, 4, 1, 3, 1, 1)
4166	(0, 0, 0, 0, 0, 4, 2, 4, 1, 3, 0, 2)
4167	(0, 0, 0, 0, 0, 4, 2, 2, 4, 4, 0, 1)
4168	(0, 0, 0, 0, 0, 4, 3, 2, 2, 4, 1, 1)
4169	(0, 0, 0, 0, 0, 4, 2, 3, 2, 4, 1, 1)
4170	(0, 0, 0, 0, 0, 4, 2, 2, 3, 4, 1, 1)
4171	(0, 0, 0, 0, 0, 4, 2, 2, 2, 4, 0, 2)
4172	(0, 0, 0, 0, 0, 4, 3, 3, 1, 3, 2, 1)
4173	(0, 0, 0, 0, 0, 4, 3, 2, 1, 3, 1, 2)
4174	(0, 0, 0, 0, 0, 4, 2, 3, 1, 3, 1, 2)
4175	(0, 0, 0, 0, 0, 4, 2, 1, 5, 4, 0, 1)
4176	(0, 0, 0, 0, 0, 4, 3, 1, 4, 3, 1, 1)
4177	(0, 0, 0, 0, 0, 4, 2, 1, 4, 3, 0, 2)
4178	(0, 0, 0, 0, 0, 4, 3, 1, 3, 3, 2, 1)
4179	(0, 0, 0, 0, 0, 4, 3, 1, 2, 3, 1, 2)
4180	(0, 0, 0, 0, 0, 4, 2, 1, 3, 3, 1, 2)
4181	(0, 0, 0, 0, 0, 4, 1, 5, 2, 4, 0, 1)
4182	(0, 0, 0, 0, 0, 4, 1, 6, 1, 3, 1, 1)
4183	(0, 0, 0, 0, 0, 4, 1, 5, 1, 3, 0, 2)
4184	(0, 0, 0, 0, 0, 4, 1, 4, 4, 3, 0, 1)
4185	(0, 0, 0, 0, 0, 4, 1, 4, 3, 3, 1, 1)
4186	(0, 0, 0, 0, 0, 4, 1, 4, 2, 3, 0, 2)
4187	(0, 0, 0, 0, 0, 4, 1, 2, 5, 4, 0, 1)
4188	(0, 0, 0, 0, 0, 4, 1, 3, 4, 3, 1, 1)
4189	(0, 0, 0, 0, 0, 4, 1, 2, 4, 3, 0, 2)
4190	(0, 0, 0, 0, 0, 4, 1, 3, 3, 3, 2, 1)
4191	(0, 0, 0, 0, 0, 4, 1, 3, 2, 3, 1, 2)
4192	(0, 0, 0, 0, 0, 4, 1, 2, 3, 3, 1, 2)
4193	(0, 0, 0, 0, 0, 4, 1, 1, 6, 3, 1, 1)
4194	(0, 0, 0, 0, 0, 4, 1, 1, 5, 3, 0, 2)
4195	(0, 0, 0, 0, 0, 2, 5, 4, 1, 4, 0, 1)
4196	(0, 0, 0, 0, 0, 2, 5, 2, 2, 5, 0, 1)
4197	(0, 0, 0, 0, 0, 3, 5, 2, 1, 4, 1, 1)
4198	(0, 0, 0, 0, 0, 2, 6, 2, 1, 4, 1, 1)
4199	(0, 0, 0, 0, 0, 2, 5, 3, 1, 4, 1, 1)
4200	(0, 0, 0, 0, 0, 2, 5, 2, 1, 4, 0, 2)
4201	(0, 0, 0, 0, 0, 2, 5, 1, 4, 4, 0, 1)
4202	(0, 0, 0, 0, 0, 3, 5, 1, 2, 4, 1, 1)
4203	(0, 0, 0, 0, 0, 2, 6, 1, 2, 4, 1, 1)
4204	(0, 0, 0, 0, 0, 2, 5, 1, 3, 4, 1, 1)
4205	(0, 0, 0, 0, 0, 2, 5, 1, 2, 4, 0, 2)
4206	(0, 0, 0, 0, 0, 3, 6, 1, 1, 3, 2, 1)
4207	(0, 0, 0, 0, 0, 3, 5, 1, 1, 3, 1, 2)
4208	(0, 0, 0, 0, 0, 2, 6, 1, 1, 3, 1, 2)
4209	(0, 0, 0, 0, 0, 2, 4, 5, 1, 4, 0, 1)
4210	(0, 0, 0, 0, 0, 2, 4, 4, 2, 4, 0, 1)
4211	(0, 0, 0, 0, 0, 3, 4, 4, 1, 3, 1, 1)
4212	(0, 0, 0, 0, 0, 2, 4, 4, 1, 3, 0, 2)
4213	(0, 0, 0, 0, 0, 2, 4, 2, 4, 4, 0, 1)
4214	(0, 0, 0, 0, 0, 3, 4, 2, 2, 4, 1, 1)
4215	(0, 0, 0, 0, 0, 2, 4, 3, 2, 4, 1, 1)
4216	(0, 0, 0, 0, 0, 2, 4, 2, 3, 4, 1, 1)
4217	(0, 0, 0, 0, 0, 2, 4, 2, 2, 4, 0, 2)
4218	(0, 0, 0, 0, 0, 3, 4, 3, 1, 3, 2, 1)
4219	(0, 0, 0, 0, 0, 3, 4, 2, 1, 3, 1, 2)
4220	(0, 0, 0, 0, 0, 2, 4, 3, 1, 3, 1, 2)
4221	(0, 0, 0, 0, 0, 2, 4, 1, 5, 4, 0, 1)
4222	(0, 0, 0, 0, 0, 3, 4, 1, 4, 3, 1, 1)
4223	(0, 0, 0, 0, 0, 2, 4, 1, 4, 3, 0, 2)
4224	(0, 0, 0, 0, 0, 3, 4, 1, 3, 3, 2, 1)
4225	(0, 0, 0, 0, 0, 3, 4, 1, 2, 3, 1, 2)
4226	(0, 0, 0, 0, 0, 2, 4, 1, 3, 3, 1, 2)
4227	(0, 0, 0, 0, 0, 2, 2, 5, 2, 5, 0, 1)
4228	(0, 0, 0, 0, 0, 3, 2, 5, 1, 4, 1, 1)
4229	(0, 0, 0, 0, 0, 2, 3, 5, 1, 4, 1, 1)
4230	(0, 0, 0, 0, 0, 2, 2, 6, 1, 4, 1, 1)
4231	(0, 0, 0, 0, 0, 2, 2, 5, 1, 4, 0, 2)
4232	(0, 0, 0, 0, 0, 2, 2, 4, 4, 4, 0, 1)
4233	(0, 0, 0, 0, 0, 3, 2, 4, 2, 4, 1, 1)
4234	(0, 0, 0, 0, 0, 2, 3, 4, 2, 4, 1, 1)
4235	(0, 0, 0, 0, 0, 2, 2, 4, 3, 4, 1, 1)
4236	(0, 0, 0, 0, 0, 2, 2, 4, 2, 4, 0, 2)
4237	(0, 0, 0, 0, 0, 3, 3, 4, 1, 3, 2, 1)
4238	(0, 0, 0, 0, 0, 3, 2, 4, 1, 3, 1, 2)
4239	(0, 0, 0, 0, 0, 2, 3, 4, 1, 3, 1, 2)
4240	(0, 0, 0, 0, 0, 2, 2, 2, 5, 5, 0, 1)
4241	(0, 0, 0, 0, 0, 3, 2, 2, 4, 4, 1, 1)
4242	(0, 0, 0, 0, 0, 2, 3, 2, 4, 4, 1, 1)
4243	(0, 0, 0, 0, 0, 2, 2, 3, 4, 4, 1, 1)
4244	(0, 0, 0, 0, 0, 2, 2, 2, 4, 4, 0, 2)
4245	(0, 0, 0, 0, 0, 3, 3, 2, 2, 4, 2, 1)
4246	(0, 0, 0, 0, 0, 3, 2, 3, 2, 4, 2, 1)
4247	(0, 0, 0, 0, 0, 3, 2, 2, 3, 4, 2, 1)
4248	(0, 0, 0, 0, 0, 3, 2, 2, 2, 4, 1, 2)
4249	(0, 0, 0, 0, 0, 2, 3, 3, 2, 4, 2, 1)
4250	(0, 0, 0, 0, 0, 2, 3, 2, 3, 4, 2, 1)
4251	(0, 0, 0, 0, 0, 2, 3, 2, 2, 4, 1, 2)
4252	(0, 0, 0, 0, 0, 2, 2, 3, 3, 4, 2, 1)
4253	(0, 0, 0, 0, 0, 2, 2, 3, 2, 4, 1, 2)
4254	(0, 0, 0, 0, 0, 2, 2, 2, 3, 4, 1, 2)
4255	(0, 0, 0, 0, 0, 3, 3, 3, 1, 3, 3, 1)
4256	(0, 0, 0, 0, 0, 3, 3, 2, 1, 3, 2, 2)
4257	(0, 0, 0, 0, 0, 3, 2, 3, 1, 3, 2, 2)
4258	(0, 0, 0, 0, 0, 2, 3, 3, 1, 3, 2, 2)
4259	(0, 0, 0, 0, 0, 3, 2, 1, 5, 4, 1, 1)
4260	(0, 0, 0, 0, 0, 2, 3, 1, 5, 4, 1, 1)
4261	(0, 0, 0, 0, 0, 2, 2, 1, 6, 4, 1, 1)
4262	(0, 0, 0, 0, 0, 2, 2, 1, 5, 4, 0, 2)
4263	(0, 0, 0, 0, 0, 3, 3, 1, 4, 3, 2, 1)
4264	(0, 0, 0, 0, 0, 3, 2, 1, 4, 3, 1, 2)
4265	(0, 0, 0, 0, 0, 2, 3, 1, 4, 3, 1, 2)
4266	(0, 0, 0, 0, 0, 3, 3, 1, 3, 3, 3, 1)
4267	(0, 0, 0, 0, 0, 3, 3, 1, 2, 3, 2, 2)
4268	(0, 0, 0, 0, 0, 3, 2, 1, 3, 3, 2, 2)
4269	(0, 0, 0, 0, 0, 2, 3, 1, 3, 3, 2, 2)
4270	(0, 0, 0, 0, 0, 2, 1, 5, 4, 4, 0, 1)
4271	(0, 0, 0, 0, 0, 3, 1, 5, 2, 4, 1, 1)
4272	(0, 0, 0, 0, 0, 2, 1, 6, 2, 4, 1, 1)
4273	(0, 0, 0, 0, 0, 2, 1, 5, 3, 4, 1, 1)
4274	(0, 0, 0, 0, 0, 2, 1, 5, 2, 4, 0, 2)
4275	(0, 0, 0, 0, 0, 3, 1, 6, 1, 3, 2, 1)
4276	(0, 0, 0, 0, 0, 3, 1, 5, 1, 3, 1, 2)
4277	(0, 0, 0, 0, 0, 2, 1, 6, 1, 3, 1, 2)
4278	(0, 0, 0, 0, 0, 2, 1, 4, 5, 4, 0, 1)
4279	(0, 0, 0, 0, 0, 3, 1, 4, 4, 3, 1, 1)
4280	(0, 0, 0, 0, 0, 2, 1, 4, 4, 3, 0, 2)
4281	(0, 0, 0, 0, 0, 3, 1, 4, 3, 3, 2, 1)
4282	(0, 0, 0, 0, 0, 3, 1, 4, 2, 3, 1, 2)
4283	(0, 0, 0, 0, 0, 2, 1, 4, 3, 3, 1, 2)
4284	(0, 0, 0, 0, 0, 3, 1, 2, 5, 4, 1, 1)
4285	(0, 0, 0, 0, 0, 2, 1, 3, 5, 4, 1, 1)
4286	(0, 0, 0, 0, 0, 2, 1, 2, 6, 4, 1, 1)
4287	(0, 0, 0, 0, 0, 2, 1, 2, 5, 4, 0, 2)
4288	(0, 0, 0, 0, 0, 3, 1, 3, 4, 3, 2, 1)
4289	(0, 0, 0, 0, 0, 3, 1, 2, 4, 3, 1, 2)
4290	(0, 0, 0, 0, 0, 2, 1, 3, 4, 3, 1, 2)
4291	(0, 0, 0, 0, 0, 3, 1, 3, 3, 3, 3, 1)
4292	(0, 0, 0, 0, 0, 3, 1, 3, 2, 3, 2, 2)
4293	(0, 0, 0, 0, 0, 3, 1, 2, 3, 3, 2, 2)
4294	(0, 0, 0, 0, 0, 2, 1, 3, 3, 3, 2, 2)
4295	(0, 0, 0, 0, 0, 3, 1, 1, 6, 3, 2, 1)
4296	(0, 0, 0, 0, 0, 3, 1, 1, 5, 3, 1, 2)
4297	(0, 0, 0, 0, 0, 2, 1, 1, 6, 3, 1, 2)
4298	(0, 0, 0, 0, 0, 1, 5, 5, 1, 4, 0, 1)
4299	(0, 0, 0, 0, 0, 1, 5, 4, 2, 4, 0, 1)
4300	(0, 0, 0, 0, 0, 1, 6, 4, 1, 3, 1, 1)
4301	(0, 0, 0, 0, 0, 1, 5, 4, 1, 3, 0, 2)
4302	(0, 0, 0, 0, 0, 1, 5, 2, 4, 4, 0, 1)
4303	(0, 0, 0, 0, 0, 1, 6, 2, 2, 4, 1, 1)
4304	(0, 0, 0, 0, 0, 1, 5, 3, 2, 4, 1, 1)
4305	(0, 0, 0, 0, 0, 1, 5, 2, 3, 4, 1, 1)
4306	(0, 0, 0, 0, 0, 1, 5, 2, 2, 4, 0, 2)
4307	(0, 0, 0, 0, 0, 1, 6, 3, 1, 3, 2, 1)
4308	(0, 0, 0, 0, 0, 1, 6, 2, 1, 3, 1, 2)
4309	(0, 0, 0, 0, 0, 1, 5, 3, 1, 3, 1, 2)
4310	(0, 0, 0, 0, 0, 1, 5, 1, 5, 4, 0, 1)
4311	(0, 0, 0, 0, 0, 1, 6, 1, 4, 3, 1, 1)
4312	(0, 0, 0, 0, 0, 1, 5, 1, 4, 3, 0, 2)
4313	(0, 0, 0, 0, 0, 1, 6, 1, 3, 3, 2, 1)
4314	(0, 0, 0, 0, 0, 1, 6, 1, 2, 3, 1, 2)
4315	(0, 0, 0, 0, 0, 1, 5, 1, 3, 3, 1, 2)
4316	(0, 0, 0, 0, 0, 1, 4, 5, 2, 4, 0, 1)
4317	(0, 0, 0, 0, 0, 1, 4, 6, 1, 3, 1, 1)
4318	(0, 0, 0, 0, 0, 1, 4, 5, 1, 3, 0, 2)
4319	(0, 0, 0, 0, 0, 1, 4, 4, 4, 3, 0, 1)
4320	(0, 0, 0, 0, 0, 1, 4, 4, 3, 3, 1, 1)
4321	(0, 0, 0, 0, 0, 1, 4, 4, 2, 3, 0, 2)
4322	(0, 0, 0, 0, 0, 1, 4, 2, 5, 4, 0, 1)
4323	(0, 0, 0, 0, 0, 1, 4, 3, 4, 3, 1, 1)
4324	(0, 0, 0, 0, 0, 1, 4, 2, 4, 3, 0, 2)
4325	(0, 0, 0, 0, 0, 1, 4, 3, 3, 3, 2, 1)
4326	(0, 0, 0, 0, 0, 1, 4, 3, 2, 3, 1, 2)
4327	(0, 0, 0, 0, 0, 1, 4, 2, 3, 3, 1, 2)
4328	(0, 0, 0, 0, 0, 1, 4, 1, 6, 3, 1, 1)
4329	(0, 0, 0, 0, 0, 1, 4, 1, 5, 3, 0, 2)
4330	(0, 0, 0, 0, 0, 1, 2, 5, 4, 4, 0, 1)
4331	(0, 0, 0, 0, 0, 1, 3, 5, 2, 4, 1, 1)
4332	(0, 0, 0, 0, 0, 1, 2, 6, 2, 4, 1, 1)
4333	(0, 0, 0, 0, 0, 1, 2, 5, 3, 4, 1, 1)
4334	(0, 0, 0, 0, 0, 1, 2, 5, 2, 4, 0, 2)
4335	(0, 0, 0, 0, 0, 1, 3, 6, 1, 3, 2, 1)
4336	(0, 0, 0, 0, 0, 1, 3, 5, 1, 3, 1, 2)
4337	(0, 0, 0, 0, 0, 1, 2, 6, 1, 3, 1, 2)
4338	(0, 0, 0, 0, 0, 1, 2, 4, 5, 4, 0, 1)
4339	(0, 0, 0, 0, 0, 1, 3, 4, 4, 3, 1, 1)
4340	(0, 0, 0, 0, 0, 1, 2, 4, 4, 3, 0, 2)
4341	(0, 0, 0, 0, 0, 1, 3, 4, 3, 3, 2, 1)
4342	(0, 0, 0, 0, 0, 1, 3, 4, 2, 3, 1, 2)
4343	(0, 0, 0, 0, 0, 1, 2, 4, 3, 3, 1, 2)
4344	(0, 0, 0, 0, 0, 1, 3, 2, 5, 4, 1, 1)
4345	(0, 0, 0, 0, 0, 1, 2, 3, 5, 4, 1, 1)
4346	(0, 0, 0, 0, 0, 1, 2, 2, 6, 4, 1, 1)
4347	(0, 0, 0, 0, 0, 1, 2, 2, 5, 4, 0, 2)
4348	(0, 0, 0, 0, 0, 1, 3, 3, 4, 3, 2, 1)
4349	(0, 0, 0, 0, 0, 1, 3, 2, 4, 3, 1, 2)
4350	(0, 0, 0, 0, 0, 1, 2, 3, 4, 3, 1, 2)
4351	(0, 0, 0, 0, 0, 1, 3, 3, 3, 3, 3, 1)
4352	(0, 0, 0, 0, 0, 1, 3, 3, 2, 3, 2, 2)
4353	(0, 0, 0, 0, 0, 1, 3, 2, 3, 3, 2, 2)
4354	(0, 0, 0, 0, 0, 1, 2, 3, 3, 3, 2, 2)
4355	(0, 0, 0, 0, 0, 1, 3, 1, 6, 3, 2, 1)
4356	(0, 0, 0, 0, 0, 1, 3, 1, 5, 3, 1, 2)
4357	(0, 0, 0, 0, 0, 1, 2, 1, 6, 3, 1, 2)
4358	(0, 0, 0, 0, 0, 1, 1, 5, 5, 4, 0, 1)
4359	(0, 0, 0, 0, 0, 1, 1, 6, 4, 3, 1, 1)
4360	(0, 0, 0, 0, 0, 1, 1, 5, 4, 3, 0, 2)
4361	(0, 0, 0, 0, 0, 1, 1, 6, 3, 3, 2, 1)
4362	(0, 0, 0, 0, 0, 1, 1, 6, 2, 3, 1, 2)
4363	(0, 0, 0, 0, 0, 1, 1, 5, 3, 3, 1, 2)
4364	(0, 0, 0, 0, 0, 1, 1, 4, 6, 3, 1, 1)
4365	(0, 0, 0, 0, 0, 1, 1, 4, 5, 3, 0, 2)
4366	(0, 0, 0, 0, 0, 1, 1, 3, 6, 3, 2, 1)
4367	(0, 0, 0, 0, 0, 1, 1, 3, 5, 3, 1, 2)
4368	(0, 0, 0, 0, 0, 1, 1, 2, 6, 3, 1, 2)
4369	(0, 0, 0, 0, 0, 0, 5, 5, 2, 5, 0, 1)
4370	(0, 0, 0, 0, 0, 0, 6, 5, 1, 4, 1, 1)
4371	(0, 0, 0, 0, 0, 0, 5, 6, 1, 4, 1, 1)
4372	(0, 0, 0, 0, 0, 0, 5, 5, 1, 4, 0, 2)
4373	(0, 0, 0, 0, 0, 0, 5, 4, 4, 4, 0, 1)
4374	(0, 0, 0, 0, 0, 0, 6, 4, 2, 4, 1, 1)
4375	(0, 0, 0, 0, 0, 0, 5, 4, 3, 4, 1, 1)
4376	(0, 0, 0, 0, 0, 0, 5, 4, 2, 4, 0, 2)
4377	(0, 0, 0, 0, 0, 0, 6, 4, 1, 3, 1, 2)
4378	(0, 0, 0, 0, 0, 0, 5, 2, 5, 5, 0, 1)
4379	(0, 0, 0, 0, 0, 0, 6, 2, 4, 4, 1, 1)
4380	(0, 0, 0, 0, 0, 0, 5, 3, 4, 4, 1, 1)
4381	(0, 0, 0, 0, 0, 0, 5, 2, 4, 4, 0, 2)
4382	(0, 0, 0, 0, 0, 0, 6, 3, 2, 4, 2, 1)
4383	(0, 0, 0, 0, 0, 0, 6, 2, 3, 4, 2, 1)
4384	(0, 0, 0, 0, 0, 0, 6, 2, 2, 4, 1, 2)
4385	(0, 0, 0, 0, 0, 0, 5, 3, 3, 4, 2, 1)
4386	(0, 0, 0, 0, 0, 0, 5, 3, 2, 4, 1, 2)
4387	(0, 0, 0, 0, 0, 0, 5, 2, 3, 4, 1, 2)
4388	(0, 0, 0, 0, 0, 0, 6, 3, 1, 3, 2, 2)
4389	(0, 0, 0, 0, 0, 0, 6, 1, 5, 4, 1, 1)
4390	(0, 0, 0, 0, 0, 0, 5, 1, 6, 4, 1, 1)
4391	(0, 0, 0, 0, 0, 0, 5, 1, 5, 4, 0, 2)
4392	(0, 0, 0, 0, 0, 0, 6, 1, 4, 3, 1, 2)
4393	(0, 0, 0, 0, 0, 0, 6, 1, 3, 3, 2, 2)
4394	(0, 0, 0, 0, 0, 0, 4, 5, 4, 4, 0, 1)
4395	(0, 0, 0, 0, 0, 0, 4, 6, 2, 4, 1, 1)
4396	(0, 0, 0, 0, 0, 0, 4, 5, 3, 4, 1, 1)
4397	(0, 0, 0, 0, 0, 0, 4, 5, 2, 4, 0, 2)
4398	(0, 0, 0, 0, 0, 0, 4, 6, 1, 3, 1, 2)
4399	(0, 0, 0, 0, 0, 0, 4, 4, 5, 4, 0, 1)
4400	(0, 0, 0, 0, 0, 0, 4, 4, 4, 3, 0, 2)
4401	(0, 0, 0, 0, 0, 0, 4, 4, 3, 3, 1, 2)
4402	(0, 0, 0, 0, 0, 0, 4, 3, 5, 4, 1, 1)
4403	(0, 0, 0, 0, 0, 0, 4, 2, 6, 4, 1, 1)
4404	(0, 0, 0, 0, 0, 0, 4, 2, 5, 4, 0, 2)
4405	(0, 0, 0, 0, 0, 0, 4, 3, 4, 3, 1, 2)
4406	(0, 0, 0, 0, 0, 0, 4, 3, 3, 3, 2, 2)
4407	(0, 0, 0, 0, 0, 0, 4, 1, 6, 3, 1, 2)
4408	(0, 0, 0, 0, 0, 0, 2, 5, 5, 5, 0, 1)
4409	(0, 0, 0, 0, 0, 0, 3, 5, 4, 4, 1, 1)
4410	(0, 0, 0, 0, 0, 0, 2, 6, 4, 4, 1, 1)
4411	(0, 0, 0, 0, 0, 0, 2, 5, 4, 4, 0, 2)
4412	(0, 0, 0, 0, 0, 0, 3, 6, 2, 4, 2, 1)
4413	(0, 0, 0, 0, 0, 0, 3, 5, 3, 4, 2, 1)
4414	(0, 0, 0, 0, 0, 0, 3, 5, 2, 4, 1, 2)
4415	(0, 0, 0, 0, 0, 0, 2, 6, 3, 4, 2, 1)
4416	(0, 0, 0, 0, 0, 0, 2, 6, 2, 4, 1, 2)
4417	(0, 0, 0, 0, 0, 0, 2, 5, 3, 4, 1, 2)
4418	(0, 0, 0, 0, 0, 0, 3, 6, 1, 3, 2, 2)
4419	(0, 0, 0, 0, 0, 0, 3, 4, 5, 4, 1, 1)
4420	(0, 0, 0, 0, 0, 0, 2, 4, 6, 4, 1, 1)
4421	(0, 0, 0, 0, 0, 0, 2, 4, 5, 4, 0, 2)
4422	(0, 0, 0, 0, 0, 0, 3, 4, 4, 3, 1, 2)
4423	(0, 0, 0, 0, 0, 0, 3, 4, 3, 3, 2, 2)
4424	(0, 0, 0, 0, 0, 0, 3, 3, 5, 4, 2, 1)
4425	(0, 0, 0, 0, 0, 0, 3, 2, 6, 4, 2, 1)
4426	(0, 0, 0, 0, 0, 0, 3, 2, 5, 4, 1, 2)
4427	(0, 0, 0, 0, 0, 0, 2, 3, 6, 4, 2, 1)
4428	(0, 0, 0, 0, 0, 0, 2, 3, 5, 4, 1, 2)
4429	(0, 0, 0, 0, 0, 0, 2, 2, 6, 4, 1, 2)
4430	(0, 0, 0, 0, 0, 0, 3, 3, 4, 3, 2, 2)
4431	(0, 0, 0, 0, 0, 0, 3, 3, 3, 3, 3, 2)
4432	(0, 0, 0, 0, 0, 0, 3, 1, 6, 3, 2, 2)
4433	(0, 0, 0, 0, 0, 0, 1, 6, 5, 4, 1, 1)
4434	(0, 0, 0, 0, 0, 0, 1, 5, 6, 4, 1, 1)
4435	(0, 0, 0, 0, 0, 0, 1, 5, 5, 4, 0, 2)
4436	(0, 0, 0, 0, 0, 0, 1, 6, 4, 3, 1, 2)
4437	(0, 0, 0, 0, 0, 0, 1, 6, 3, 3, 2, 2)
4438	(0, 0, 0, 0, 0, 0, 1, 4, 6, 3, 1, 2)
4439	(0, 0, 0, 0, 0, 0, 1, 3, 6, 3, 2, 2)
4440	(0, 0, 0, 0, 0, 5, 5, 0, 2, 5, 0, 1)
4441	(0, 0, 0, 0, 0, 6, 5, 0, 1, 4, 1, 1)
4442	(0, 0, 0, 0, 0, 5, 6, 0, 1, 4, 1, 1)
4443	(0, 0, 0, 0, 0, 5, 5, 0, 1, 4, 0, 2)
4444	(0, 0, 0, 0, 0, 5, 4, 0, 4, 4, 0, 1)
4445	(0, 0, 0, 0, 0, 6, 4, 0, 2, 4, 1, 1)
4446	(0, 0, 0, 0, 0, 5, 4, 0, 3, 4, 1, 1)
4447	(0, 0, 0, 0, 0, 5, 4, 0, 2, 4, 0, 2)
4448	(0, 0, 0, 0, 0, 6, 4, 0, 1, 3, 1, 2)
4449	(0, 0, 0, 0, 0, 5, 2, 0, 5, 5, 0, 1)
4450	(0, 0, 0, 0, 0, 6, 2, 0, 4, 4, 1, 1)
4451	(0, 0, 0, 0, 0, 5, 3, 0, 4, 4, 1, 1)
4452	(0, 0, 0, 0, 0, 5, 2, 0, 4, 4, 0, 2)
4453	(0, 0, 0, 0, 0, 6, 3, 0, 2, 4, 2, 1)
4454	(0, 0, 0, 0, 0, 6, 2, 0, 3, 4, 2, 1)
4455	(0, 0, 0, 0, 0, 6, 2, 0, 2, 4, 1, 2)
4456	(0, 0, 0, 0, 0, 5, 3, 0, 3, 4, 2, 1)
4457	(0, 0, 0, 0, 0, 5, 3, 0, 2, 4, 1, 2)
4458	(0, 0, 0, 0, 0, 5, 2, 0, 3, 4, 1, 2)
4459	(0, 0, 0, 0, 0, 6, 3, 0, 1, 3, 2, 2)
4460	(0, 0, 0, 0, 0, 6, 1, 0, 5, 4, 1, 1)
4461	(0, 0, 0, 0, 0, 5, 1, 0, 6, 4, 1, 1)
4462	(0, 0, 0, 0, 0, 5, 1, 0, 5, 4, 0, 2)
4463	(0, 0, 0, 0, 0, 6, 1, 0, 4, 3, 1, 2)
4464	(0, 0, 0, 0, 0, 6, 1, 0, 3, 3, 2, 2)
4465	(0, 0, 0, 0, 0, 4, 5, 0, 4, 4, 0, 1)
4466	(0, 0, 0, 0, 0, 4, 6, 0, 2, 4, 1, 1)
4467	(0, 0, 0, 0, 0, 4, 5, 0, 3, 4, 1, 1)
4468	(0, 0, 0, 0, 0, 4, 5, 0, 2, 4, 0, 2)
4469	(0, 0, 0, 0, 0, 4, 6, 0, 1, 3, 1, 2)
4470	(0, 0, 0, 0, 0, 4, 4, 0, 5, 4, 0, 1)
4471	(0, 0, 0, 0, 0, 4, 4, 0, 4, 3, 0, 2)
4472	(0, 0, 0, 0, 0, 4, 4, 0, 3, 3, 1, 2)
4473	(0, 0, 0, 0, 0, 4, 3, 0, 5, 4, 1, 1)
4474	(0, 0, 0, 0, 0, 4, 2, 0, 6, 4, 1, 1)
4475	(0, 0, 0, 0, 0, 4, 2, 0, 5, 4, 0, 2)
4476	(0, 0, 0, 0, 0, 4, 3, 0, 4, 3, 1, 2)
4477	(0, 0, 0, 0, 0, 4, 3, 0, 3, 3, 2, 2)
4478	(0, 0, 0, 0, 0, 4, 1, 0, 6, 3, 1, 2)
4479	(0, 0, 0, 0, 0, 2, 5, 0, 5, 5, 0, 1)
4480	(0, 0, 0, 0, 0, 3, 5, 0, 4, 4, 1, 1)
4481	(0, 0, 0, 0, 0, 2, 6, 0, 4, 4, 1, 1)
4482	(0, 0, 0, 0, 0, 2, 5, 0, 4, 4, 0, 2)
4483	(0, 0, 0, 0, 0, 3, 6, 0, 2, 4, 2, 1)
4484	(0, 0, 0, 0, 0, 3, 5, 0, 3, 4, 2, 1)
4485	(0, 0, 0, 0, 0, 3, 5, 0, 2, 4, 1, 2)
4486	(0, 0, 0, 0, 0, 2, 6, 0, 3, 4, 2, 1)
4487	(0, 0, 0, 0, 0, 2, 6, 0, 2, 4, 1, 2)
4488	(0, 0, 0, 0, 0, 2, 5, 0, 3, 4, 1, 2)
4489	(0, 0, 0, 0, 0, 3, 6, 0, 1, 3, 2, 2)
4490	(0, 0, 0, 0, 0, 3, 4, 0, 5, 4, 1, 1)
4491	(0, 0, 0, 0, 0, 2, 4, 0, 6, 4, 1, 1)
4492	(0, 0, 0, 0, 0, 2, 4, 0, 5, 4, 0, 2)
4493	(0, 0, 0, 0, 0, 3, 4, 0, 4, 3, 1, 2)
4494	(0, 0, 0, 0, 0, 3, 4, 0, 3, 3, 2, 2)
4495	(0, 0, 0, 0, 0, 3, 3, 0, 5, 4, 2, 1)
4496	(0, 0, 0, 0, 0, 3, 2, 0, 6, 4, 2, 1)
4497	(0, 0, 0, 0, 0, 3, 2, 0, 5, 4, 1, 2)
4498	(0, 0, 0, 0, 0, 2, 3, 0, 6, 4, 2, 1)
4499	(0, 0, 0, 0, 0, 2, 3, 0, 5, 4, 1, 2)
4500	(0, 0, 0, 0, 0, 2, 2, 0, 6, 4, 1, 2)
4501	(0, 0, 0, 0, 0, 3, 3, 0, 4, 3, 2, 2)
4502	(0, 0, 0, 0, 0, 3, 3, 0, 3, 3, 3, 2)
4503	(0, 0, 0, 0, 0, 3, 1, 0, 6, 3, 2, 2)
4504	(0, 0, 0, 0, 0, 1, 6, 0, 5, 4, 1, 1)
4505	(0, 0, 0, 0, 0, 1, 5, 0, 6, 4, 1, 1)
4506	(0, 0, 0, 0, 0, 1, 5, 0, 5, 4, 0, 2)
4507	(0, 0, 0, 0, 0, 1, 6, 0, 4, 3, 1, 2)
4508	(0, 0, 0, 0, 0, 1, 6, 0, 3, 3, 2, 2)
4509	(0, 0, 0, 0, 0, 1, 4, 0, 6, 3, 1, 2)
4510	(0, 0, 0, 0, 0, 1, 3, 0, 6, 3, 2, 2)
4511	(0, 0, 0, 0, 0, 0, 6, 0, 6, 4, 2, 1)
4512	(0, 0, 0, 0, 0, 0, 6, 0, 5, 4, 1, 2)
4513	(0, 0, 0, 0, 0, 0, 5, 0, 6, 4, 1, 2)
4514	(0, 0, 0, 0, 0, 0, 0, 6, 6, 4, 2, 1)
4515	(0, 0, 0, 0, 0, 0, 0, 6, 5, 4, 1, 2)
4516	(0, 0, 0, 0, 0, 0, 0, 5, 6, 4, 1, 2)
4517	(1, 0, 0, 1, 0, 0, 0, 6, 6, 4, 2, 1)
4518	(1, 0, 0, 1, 0, 0, 0, 6, 5, 4, 1, 2)
4519	(1, 0, 0, 1, 0, 0, 0, 5, 6, 4, 1, 2)
4520	(1, 0, 0, 0, 0, 0, 0, 6, 6, 4, 2, 2)
4521	(1, 1, 0, 1, 0, 0, 0, 6, 6, 4, 2, 2)
4522	(0, 0, 0, 1, 0, 5, 5, 2, 1, 5, 0, 0)
4523	(0, 0, 0, 1, 0, 5, 5, 1, 2, 5, 0, 0)
4524	(0, 0, 0, 1, 0, 6, 5, 1, 1, 4, 1, 0)
4525	(0, 0, 0, 1, 0, 5, 6, 1, 1, 4, 1, 0)
4526	(0, 0, 0, 1, 0, 5, 4, 4, 1, 4, 0, 0)
4527	(0, 0, 0, 1, 0, 5, 4, 2, 2, 5, 0, 0)
4528	(0, 0, 0, 1, 0, 6, 4, 2, 1, 4, 1, 0)
4529	(0, 0, 0, 1, 0, 5, 4, 3, 1, 4, 1, 0)
4530	(0, 0, 0, 1, 0, 5, 4, 1, 4, 4, 0, 0)
4531	(0, 0, 0, 1, 0, 6, 4, 1, 2, 4, 1, 0)
4532	(0, 0, 0, 1, 0, 5, 4, 1, 3, 4, 1, 0)
4533	(0, 0, 0, 1, 0, 5, 2, 5, 1, 5, 0, 0)
4534	(0, 0, 0, 1, 0, 5, 2, 4, 2, 5, 0, 0)
4535	(0, 0, 0, 1, 0, 6, 2, 4, 1, 4, 1, 0)
4536	(0, 0, 0, 1, 0, 5, 3, 4, 1, 4, 1, 0)
4537	(0, 0, 0, 1, 0, 5, 2, 2, 4, 5, 0, 0)
4538	(0, 0, 0, 1, 0, 6, 2, 2, 2, 5, 1, 0)
4539	(0, 0, 0, 1, 0, 5, 3, 2, 2, 5, 1, 0)
4540	(0, 0, 0, 1, 0, 5, 2, 3, 2, 5, 1, 0)
4541	(0, 0, 0, 1, 0, 5, 2, 2, 3, 5, 1, 0)
4542	(0, 0, 0, 1, 0, 6, 3, 2, 1, 4, 2, 0)
4543	(0, 0, 0, 1, 0, 6, 2, 3, 1, 4, 2, 0)
4544	(0, 0, 0, 1, 0, 5, 3, 3, 1, 4, 2, 0)
4545	(0, 0, 0, 1, 0, 5, 2, 1, 5, 5, 0, 0)
4546	(0, 0, 0, 1, 0, 6, 2, 1, 4, 4, 1, 0)
4547	(0, 0, 0, 1, 0, 5, 3, 1, 4, 4, 1, 0)
4548	(0, 0, 0, 1, 0, 6, 3, 1, 2, 4, 2, 0)
4549	(0, 0, 0, 1, 0, 6, 2, 1, 3, 4, 2, 0)
4550	(0, 0, 0, 1, 0, 5, 3, 1, 3, 4, 2, 0)
4551	(0, 0, 0, 1, 0, 5, 1, 5, 2, 5, 0, 0)
4552	(0, 0, 0, 1, 0, 6, 1, 5, 1, 4, 1, 0)
4553	(0, 0, 0, 1, 0, 5, 1, 6, 1, 4, 1, 0)
4554	(0, 0, 0, 1, 0, 5, 1, 4, 4, 4, 0, 0)
4555	(0, 0, 0, 1, 0, 6, 1, 4, 2, 4, 1, 0)
4556	(0, 0, 0, 1, 0, 5, 1, 4, 3, 4, 1, 0)
4557	(0, 0, 0, 1, 0, 5, 1, 2, 5, 5, 0, 0)
4558	(0, 0, 0, 1, 0, 6, 1, 2, 4, 4, 1, 0)
4559	(0, 0, 0, 1, 0, 5, 1, 3, 4, 4, 1, 0)
4560	(0, 0, 0, 1, 0, 6, 1, 3, 2, 4, 2, 0)
4561	(0, 0, 0, 1, 0, 6, 1, 2, 3, 4, 2, 0)
4562	(0, 0, 0, 1, 0, 5, 1, 3, 3, 4, 2, 0)
4563	(0, 0, 0, 1, 0, 6, 1, 1, 5, 4, 1, 0)
4564	(0, 0, 0, 1, 0, 5, 1, 1, 6, 4, 1, 0)
4565	(0, 0, 0, 1, 0, 4, 5, 4, 1, 4, 0, 0)
4566	(0, 0, 0, 1, 0, 4, 5, 2, 2, 5, 0, 0)
4567	(0, 0, 0, 1, 0, 4, 6, 2, 1, 4, 1, 0)
4568	(0, 0, 0, 1, 0, 4, 5, 3, 1, 4, 1, 0)
4569	(0, 0, 0, 1, 0, 4, 5, 1, 4, 4, 0, 0)
4570	(0, 0, 0, 1, 0, 4, 6, 1, 2, 4, 1, 0)
4571	(0, 0, 0, 1, 0, 4, 5, 1, 3, 4, 1, 0)
4572	(0, 0, 0, 1, 0, 4, 4, 5, 1, 4, 0, 0)
4573	(0, 0, 0, 1, 0, 4, 4, 4, 2, 4, 0, 0)
4574	(0, 0, 0, 1, 0, 4, 4, 2, 4, 4, 0, 0)
4575	(0, 0, 0, 1, 0, 4, 4, 3, 2, 4, 1, 0)
4576	(0, 0, 0, 1, 0, 4, 4, 2, 3, 4, 1, 0)
4577	(0, 0, 0, 1, 0, 4, 4, 1, 5, 4, 0, 0)
4578	(0, 0, 0, 1, 0, 4, 2, 5, 2, 5, 0, 0)
4579	(0, 0, 0, 1, 0, 4, 3, 5, 1, 4, 1, 0)
4580	(0, 0, 0, 1, 0, 4, 2, 6, 1, 4, 1, 0)
4581	(0, 0, 0, 1, 0, 4, 2, 4, 4, 4, 0, 0)
4582	(0, 0, 0, 1, 0, 4, 3, 4, 2, 4, 1, 0)
4583	(0, 0, 0, 1, 0, 4, 2, 4, 3, 4, 1, 0)
4584	(0, 0, 0, 1, 0, 4, 2, 2, 5, 5, 0, 0)
4585	(0, 0, 0, 1, 0, 4, 3, 2, 4, 4, 1, 0)
4586	(0, 0, 0, 1, 0, 4, 2, 3, 4, 4, 1, 0)
4587	(0, 0, 0, 1, 0, 4, 3, 3, 2, 4, 2, 0)
4588	(0, 0, 0, 1, 0, 4, 3, 2, 3, 4, 2, 0)
4589	(0, 0, 0, 1, 0, 4, 2, 3, 3, 4, 2, 0)
4590	(0, 0, 0, 1, 0, 4, 3, 1, 5, 4, 1, 0)
4591	(0, 0, 0, 1, 0, 4, 2, 1, 6, 4, 1, 0)
4592	(0, 0, 0, 1, 0, 4, 1, 5, 4, 4, 0, 0)
4593	(0, 0, 0, 1, 0, 4, 1, 6, 2, 4, 1, 0)
4594	(0, 0, 0, 1, 0, 4, 1, 5, 3, 4, 1, 0)
4595	(0, 0, 0, 1, 0, 4, 1, 4, 5, 4, 0, 0)
4596	(0, 0, 0, 1, 0, 4, 1, 3, 5, 4, 1, 0)
4597	(0, 0, 0, 1, 0, 4, 1, 2, 6, 4, 1, 0)
4598	(0, 0, 0, 1, 0, 2, 5, 5, 1, 5, 0, 0)
4599	(0, 0, 0, 1, 0, 2, 5, 4, 2, 5, 0, 0)
4600	(0, 0, 0, 1, 0, 3, 5, 4, 1, 4, 1, 0)
4601	(0, 0, 0, 1, 0, 2, 6, 4, 1, 4, 1, 0)
4602	(0, 0, 0, 1, 0, 2, 5, 2, 4, 5, 0, 0)
4603	(0, 0, 0, 1, 0, 3, 5, 2, 2, 5, 1, 0)
4604	(0, 0, 0, 1, 0, 2, 6, 2, 2, 5, 1, 0)
4605	(0, 0, 0, 1, 0, 2, 5, 3, 2, 5, 1, 0)
4606	(0, 0, 0, 1, 0, 2, 5, 2, 3, 5, 1, 0)
4607	(0, 0, 0, 1, 0, 3, 6, 2, 1, 4, 2, 0)
4608	(0, 0, 0, 1, 0, 3, 5, 3, 1, 4, 2, 0)
4609	(0, 0, 0, 1, 0, 2, 6, 3, 1, 4, 2, 0)
4610	(0, 0, 0, 1, 0, 2, 5, 1, 5, 5, 0, 0)
4611	(0, 0, 0, 1, 0, 3, 5, 1, 4, 4, 1, 0)
4612	(0, 0, 0, 1, 0, 2, 6, 1, 4, 4, 1, 0)
4613	(0, 0, 0, 1, 0, 3, 6, 1, 2, 4, 2, 0)
4614	(0, 0, 0, 1, 0, 3, 5, 1, 3, 4, 2, 0)
4615	(0, 0, 0, 1, 0, 2, 6, 1, 3, 4, 2, 0)
4616	(0, 0, 0, 1, 0, 2, 4, 5, 2, 5, 0, 0)
4617	(0, 0, 0, 1, 0, 3, 4, 5, 1, 4, 1, 0)
4618	(0, 0, 0, 1, 0, 2, 4, 6, 1, 4, 1, 0)
4619	(0, 0, 0, 1, 0, 2, 4, 4, 4, 4, 0, 0)
4620	(0, 0, 0, 1, 0, 3, 4, 4, 2, 4, 1, 0)
4621	(0, 0, 0, 1, 0, 2, 4, 4, 3, 4, 1, 0)
4622	(0, 0, 0, 1, 0, 2, 4, 2, 5, 5, 0, 0)
4623	(0, 0, 0, 1, 0, 3, 4, 2, 4, 4, 1, 0)
4624	(0, 0, 0, 1, 0, 2, 4, 3, 4, 4, 1, 0)
4625	(0, 0, 0, 1, 0, 3, 4, 3, 2, 4, 2, 0)
4626	(0, 0, 0, 1, 0, 3, 4, 2, 3, 4, 2, 0)
4627	(0, 0, 0, 1, 0, 2, 4, 3, 3, 4, 2, 0)
4628	(0, 0, 0, 1, 0, 3, 4, 1, 5, 4, 1, 0)
4629	(0, 0, 0, 1, 0, 2, 4, 1, 6, 4, 1, 0)
4630	(0, 0, 0, 1, 0, 2, 2, 5, 4, 5, 0, 0)
4631	(0, 0, 0, 1, 0, 3, 2, 5, 2, 5, 1, 0)
4632	(0, 0, 0, 1, 0, 2, 3, 5, 2, 5, 1, 0)
4633	(0, 0, 0, 1, 0, 2, 2, 6, 2, 5, 1, 0)
4634	(0, 0, 0, 1, 0, 2, 2, 5, 3, 5, 1, 0)
4635	(0, 0, 0, 1, 0, 3, 3, 5, 1, 4, 2, 0)
4636	(0, 0, 0, 1, 0, 3, 2, 6, 1, 4, 2, 0)
4637	(0, 0, 0, 1, 0, 2, 3, 6, 1, 4, 2, 0)
4638	(0, 0, 0, 1, 0, 2, 2, 4, 5, 5, 0, 0)
4639	(0, 0, 0, 1, 0, 3, 2, 4, 4, 4, 1, 0)
4640	(0, 0, 0, 1, 0, 2, 3, 4, 4, 4, 1, 0)
4641	(0, 0, 0, 1, 0, 3, 3, 4, 2, 4, 2, 0)
4642	(0, 0, 0, 1, 0, 3, 2, 4, 3, 4, 2, 0)
4643	(0, 0, 0, 1, 0, 2, 3, 4, 3, 4, 2, 0)
4644	(0, 0, 0, 1, 0, 3, 2, 2, 5, 5, 1, 0)
4645	(0, 0, 0, 1, 0, 2, 3, 2, 5, 5, 1, 0)
4646	(0, 0, 0, 1, 0, 2, 2, 3, 5, 5, 1, 0)
4647	(0, 0, 0, 1, 0, 2, 2, 2, 6, 5, 1, 0)
4648	(0, 0, 0, 1, 0, 3, 3, 2, 4, 4, 2, 0)
4649	(0, 0, 0, 1, 0, 3, 2, 3, 4, 4, 2, 0)
4650	(0, 0, 0, 1, 0, 2, 3, 3, 4, 4, 2, 0)
4651	(0, 0, 0, 1, 0, 3, 3, 3, 2, 4, 3, 0)
4652	(0, 0, 0, 1, 0, 3, 3, 2, 3, 4, 3, 0)
4653	(0, 0, 0, 1, 0, 3, 2, 3, 3, 4, 3, 0)
4654	(0, 0, 0, 1, 0, 2, 3, 3, 3, 4, 3, 0)
4655	(0, 0, 0, 1, 0, 3, 3, 1, 5, 4, 2, 0)
4656	(0, 0, 0, 1, 0, 3, 2, 1, 6, 4, 2, 0)
4657	(0, 0, 0, 1, 0, 2, 3, 1, 6, 4, 2, 0)
4658	(0, 0, 0, 1, 0, 2, 1, 5, 5, 5, 0, 0)
4659	(0, 0, 0, 1, 0, 3, 1, 5, 4, 4, 1, 0)
4660	(0, 0, 0, 1, 0, 2, 1, 6, 4, 4, 1, 0)
4661	(0, 0, 0, 1, 0, 3, 1, 6, 2, 4, 2, 0)
4662	(0, 0, 0, 1, 0, 3, 1, 5, 3, 4, 2, 0)
4663	(0, 0, 0, 1, 0, 2, 1, 6, 3, 4, 2, 0)
4664	(0, 0, 0, 1, 0, 3, 1, 4, 5, 4, 1, 0)
4665	(0, 0, 0, 1, 0, 2, 1, 4, 6, 4, 1, 0)
4666	(0, 0, 0, 1, 0, 3, 1, 3, 5, 4, 2, 0)
4667	(0, 0, 0, 1, 0, 3, 1, 2, 6, 4, 2, 0)
4668	(0, 0, 0, 1, 0, 2, 1, 3, 6, 4, 2, 0)
4669	(0, 0, 0, 1, 0, 1, 5, 5, 2, 5, 0, 0)
4670	(0, 0, 0, 1, 0, 1, 6, 5, 1, 4, 1, 0)
4671	(0, 0, 0, 1, 0, 1, 5, 6, 1, 4, 1, 0)
4672	(0, 0, 0, 1, 0, 1, 5, 4, 4, 4, 0, 0)
4673	(0, 0, 0, 1, 0, 1, 6, 4, 2, 4, 1, 0)
4674	(0, 0, 0, 1, 0, 1, 5, 4, 3, 4, 1, 0)
4675	(0, 0, 0, 1, 0, 1, 5, 2, 5, 5, 0, 0)
4676	(0, 0, 0, 1, 0, 1, 6, 2, 4, 4, 1, 0)
4677	(0, 0, 0, 1, 0, 1, 5, 3, 4, 4, 1, 0)
4678	(0, 0, 0, 1, 0, 1, 6, 3, 2, 4, 2, 0)
4679	(0, 0, 0, 1, 0, 1, 6, 2, 3, 4, 2, 0)
4680	(0, 0, 0, 1, 0, 1, 5, 3, 3, 4, 2, 0)
4681	(0, 0, 0, 1, 0, 1, 6, 1, 5, 4, 1, 0)
4682	(0, 0, 0, 1, 0, 1, 5, 1, 6, 4, 1, 0)
4683	(0, 0, 0, 1, 0, 1, 4, 5, 4, 4, 0, 0)
4684	(0, 0, 0, 1, 0, 1, 4, 6, 2, 4, 1, 0)
4685	(0, 0, 0, 1, 0, 1, 4, 5, 3, 4, 1, 0)
4686	(0, 0, 0, 1, 0, 1, 4, 4, 5, 4, 0, 0)
4687	(0, 0, 0, 1, 0, 1, 4, 3, 5, 4, 1, 0)
4688	(0, 0, 0, 1, 0, 1, 4, 2, 6, 4, 1, 0)
4689	(0, 0, 0, 1, 0, 1, 2, 5, 5, 5, 0, 0)
4690	(0, 0, 0, 1, 0, 1, 3, 5, 4, 4, 1, 0)
4691	(0, 0, 0, 1, 0, 1, 2, 6, 4, 4, 1, 0)
4692	(0, 0, 0, 1, 0, 1, 3, 6, 2, 4, 2, 0)
4693	(0, 0, 0, 1, 0, 1, 3, 5, 3, 4, 2, 0)
4694	(0, 0, 0, 1, 0, 1, 2, 6, 3, 4, 2, 0)
4695	(0, 0, 0, 1, 0, 1, 3, 4, 5, 4, 1, 0)
4696	(0, 0, 0, 1, 0, 1, 2, 4, 6, 4, 1, 0)
4697	(0, 0, 0, 1, 0, 1, 3, 3, 5, 4, 2, 0)
4698	(0, 0, 0, 1, 0, 1, 3, 2, 6, 4, 2, 0)
4699	(0, 0, 0, 1, 0, 1, 2, 3, 6, 4, 2, 0)
4700	(0, 0, 0, 1, 0, 1, 1, 6, 5, 4, 1, 0)
4701	(0, 0, 0, 1, 0, 1, 1, 5, 6, 4, 1, 0)
4702	(0, 0, 0, 1, 0, 0, 5, 5, 4, 5, 0, 0)
4703	(0, 0, 0, 1, 0, 0, 6, 5, 2, 5, 1, 0)
4704	(0, 0, 0, 1, 0, 0, 5, 6, 2, 5, 1, 0)
4705	(0, 0, 0, 1, 0, 0, 5, 5, 3, 5, 1, 0)
4706	(0, 0, 0, 1, 0, 0, 6, 6, 1, 4, 2, 0)
4707	(0, 0, 0, 1, 0, 0, 5, 4, 5, 5, 0, 0)
4708	(0, 0, 0, 1, 0, 0, 6, 4, 4, 4, 1, 0)
4709	(0, 0, 0, 1, 0, 0, 6, 4, 3, 4, 2, 0)
4710	(0, 0, 0, 1, 0, 0, 6, 2, 5, 5, 1, 0)
4711	(0, 0, 0, 1, 0, 0, 5, 3, 5, 5, 1, 0)
4712	(0, 0, 0, 1, 0, 0, 5, 2, 6, 5, 1, 0)
4713	(0, 0, 0, 1, 0, 0, 6, 3, 4, 4, 2, 0)
4714	(0, 0, 0, 1, 0, 0, 6, 3, 3, 4, 3, 0)
4715	(0, 0, 0, 1, 0, 0, 6, 1, 6, 4, 2, 0)
4716	(0, 0, 0, 1, 0, 0, 4, 5, 5, 5, 0, 0)
4717	(0, 0, 0, 1, 0, 0, 4, 6, 4, 4, 1, 0)
4718	(0, 0, 0, 1, 0, 0, 4, 6, 3, 4, 2, 0)
4719	(0, 0, 0, 1, 0, 0, 4, 4, 6, 4, 1, 0)
4720	(0, 0, 0, 1, 0, 0, 4, 3, 6, 4, 2, 0)
4721	(0, 0, 0, 1, 0, 0, 3, 5, 5, 5, 1, 0)
4722	(0, 0, 0, 1, 0, 0, 2, 6, 5, 5, 1, 0)
4723	(0, 0, 0, 1, 0, 0, 2, 5, 6, 5, 1, 0)
4724	(0, 0, 0, 1, 0, 0, 3, 6, 4, 4, 2, 0)
4725	(0, 0, 0, 1, 0, 0, 3, 6, 3, 4, 3, 0)
4726	(0, 0, 0, 1, 0, 0, 3, 4, 6, 4, 2, 0)
4727	(0, 0, 0, 1, 0, 0, 3, 3, 6, 4, 3, 0)
4728	(0, 0, 0, 1, 0, 0, 1, 6, 6, 4, 2, 0)
4729	(0, 0, 0, 1, 0, 5, 5, 0, 4, 5, 0, 0)
4730	(0, 0, 0, 1, 0, 6, 5, 0, 2, 5, 1, 0)
4731	(0, 0, 0, 1, 0, 5, 6, 0, 2, 5, 1, 0)
4732	(0, 0, 0, 1, 0, 5, 5, 0, 3, 5, 1, 0)
4733	(0, 0, 0, 1, 0, 6, 6, 0, 1, 4, 2, 0)
4734	(0, 0, 0, 1, 0, 5, 4, 0, 5, 5, 0, 0)
4735	(0, 0, 0, 1, 0, 6, 4, 0, 4, 4, 1, 0)
4736	(0, 0, 0, 1, 0, 6, 4, 0, 3, 4, 2, 0)
4737	(0, 0, 0, 1, 0, 6, 2, 0, 5, 5, 1, 0)
4738	(0, 0, 0, 1, 0, 5, 3, 0, 5, 5, 1, 0)
4739	(0, 0, 0, 1, 0, 5, 2, 0, 6, 5, 1, 0)
4740	(0, 0, 0, 1, 0, 6, 3, 0, 4, 4, 2, 0)
4741	(0, 0, 0, 1, 0, 6, 3, 0, 3, 4, 3, 0)
4742	(0, 0, 0, 1, 0, 6, 1, 0, 6, 4, 2, 0)
4743	(0, 0, 0, 1, 0, 4, 5, 0, 5, 5, 0, 0)
4744	(0, 0, 0, 1, 0, 4, 6, 0, 4, 4, 1, 0)
4745	(0, 0, 0, 1, 0, 4, 6, 0, 3, 4, 2, 0)
4746	(0, 0, 0, 1, 0, 4, 4, 0, 6, 4, 1, 0)
4747	(0, 0, 0, 1, 0, 4, 3, 0, 6, 4, 2, 0)
4748	(0, 0, 0, 1, 0, 3, 5, 0, 5, 5, 1, 0)
4749	(0, 0, 0, 1, 0, 2, 6, 0, 5, 5, 1, 0)
4750	(0, 0, 0, 1, 0, 2, 5, 0, 6, 5, 1, 0)
4751	(0, 0, 0, 1, 0, 3, 6, 0, 4, 4, 2, 0)
4752	(0, 0, 0, 1, 0, 3, 6, 0, 3, 4, 3, 0)
4753	(0, 0, 0, 1, 0, 3, 4, 0, 6, 4, 2, 0)
4754	(0, 0, 0, 1, 0, 3, 3, 0, 6, 4, 3, 0)
4755	(0, 0, 0, 1, 0, 1, 6, 0, 6, 4, 2, 0)
4756	(0, 0, 0, 0, 0, 5, 5, 4, 1, 5, 0, 0)
4757	(0, 0, 0, 0, 0, 5, 5, 2, 2, 6, 0, 0)
4758	(0, 0, 0, 0, 0, 6, 5, 2, 1, 5, 1, 0)
4759	(0, 0, 0, 0, 0, 5, 6, 2, 1, 5, 1, 0)
4760	(0, 0, 0, 0, 0, 5, 5, 3, 1, 5, 1, 0)
4761	(0, 0, 0, 0, 0, 5, 5, 1, 4, 5, 0, 0)
4762	(0, 0, 0, 0, 0, 6, 5, 1, 2, 5, 1, 0)
4763	(0, 0, 0, 0, 0, 5, 6, 1, 2, 5, 1, 0)
4764	(0, 0, 0, 0, 0, 5, 5, 1, 3, 5, 1, 0)
4765	(0, 0, 0, 0, 0, 6, 6, 1, 1, 4, 2, 0)
4766	(0, 0, 0, 0, 0, 5, 4, 5, 1, 5, 0, 0)
4767	(0, 0, 0, 0, 0, 5, 4, 4, 2, 5, 0, 0)
4768	(0, 0, 0, 0, 0, 6, 4, 4, 1, 4, 1, 0)
4769	(0, 0, 0, 0, 0, 5, 4, 2, 4, 5, 0, 0)
4770	(0, 0, 0, 0, 0, 6, 4, 2, 2, 5, 1, 0)
4771	(0, 0, 0, 0, 0, 5, 4, 3, 2, 5, 1, 0)
4772	(0, 0, 0, 0, 0, 5, 4, 2, 3, 5, 1, 0)
4773	(0, 0, 0, 0, 0, 6, 4, 3, 1, 4, 2, 0)
4774	(0, 0, 0, 0, 0, 5, 4, 1, 5, 5, 0, 0)
4775	(0, 0, 0, 0, 0, 6, 4, 1, 4, 4, 1, 0)
4776	(0, 0, 0, 0, 0, 6, 4, 1, 3, 4, 2, 0)
4777	(0, 0, 0, 0, 0, 5, 2, 5, 2, 6, 0, 0)
4778	(0, 0, 0, 0, 0, 6, 2, 5, 1, 5, 1, 0)
4779	(0, 0, 0, 0, 0, 5, 3, 5, 1, 5, 1, 0)
4780	(0, 0, 0, 0, 0, 5, 2, 6, 1, 5, 1, 0)
4781	(0, 0, 0, 0, 0, 5, 2, 4, 4, 5, 0, 0)
4782	(0, 0, 0, 0, 0, 6, 2, 4, 2, 5, 1, 0)
4783	(0, 0, 0, 0, 0, 5, 3, 4, 2, 5, 1, 0)
4784	(0, 0, 0, 0, 0, 5, 2, 4, 3, 5, 1, 0)
4785	(0, 0, 0, 0, 0, 6, 3, 4, 1, 4, 2, 0)
4786	(0, 0, 0, 0, 0, 5, 2, 2, 5, 6, 0, 0)
4787	(0, 0, 0, 0, 0, 6, 2, 2, 4, 5, 1, 0)
4788	(0, 0, 0, 0, 0, 5, 3, 2, 4, 5, 1, 0)
4789	(0, 0, 0, 0, 0, 5, 2, 3, 4, 5, 1, 0)
4790	(0, 0, 0, 0, 0, 6, 3, 2, 2, 5, 2, 0)
4791	(0, 0, 0, 0, 0, 6, 2, 3, 2, 5, 2, 0)
4792	(0, 0, 0, 0, 0, 6, 2, 2, 3, 5, 2, 0)
4793	(0, 0, 0, 0, 0, 5, 3, 3, 2, 5, 2, 0)
4794	(0, 0, 0, 0, 0, 5, 3, 2, 3, 5, 2, 0)
4795	(0, 0, 0, 0, 0, 5, 2, 3, 3, 5, 2, 0)
4796	(0, 0, 0, 0, 0, 6, 3, 3, 1, 4, 3, 0)
4797	(0, 0, 0, 0, 0, 6, 2, 1, 5, 5, 1, 0)
4798	(0, 0, 0, 0, 0, 5, 3, 1, 5, 5, 1, 0)
4799	(0, 0, 0, 0, 0, 5, 2, 1, 6, 5, 1, 0)
4800	(0, 0, 0, 0, 0, 6, 3, 1, 4, 4, 2, 0)
4801	(0, 0, 0, 0, 0, 6, 3, 1, 3, 4, 3, 0)
4802	(0, 0, 0, 0, 0, 5, 1, 5, 4, 5, 0, 0)
4803	(0, 0, 0, 0, 0, 6, 1, 5, 2, 5, 1, 0)
4804	(0, 0, 0, 0, 0, 5, 1, 6, 2, 5, 1, 0)
4805	(0, 0, 0, 0, 0, 5, 1, 5, 3, 5, 1, 0)
4806	(0, 0, 0, 0, 0, 6, 1, 6, 1, 4, 2, 0)
4807	(0, 0, 0, 0, 0, 5, 1, 4, 5, 5, 0, 0)
4808	(0, 0, 0, 0, 0, 6, 1, 4, 4, 4, 1, 0)
4809	(0, 0, 0, 0, 0, 6, 1, 4, 3, 4, 2, 0)
4810	(0, 0, 0, 0, 0, 6, 1, 2, 5, 5, 1, 0)
4811	(0, 0, 0, 0, 0, 5, 1, 3, 5, 5, 1, 0)
4812	(0, 0, 0, 0, 0, 5, 1, 2, 6, 5, 1, 0)
4813	(0, 0, 0, 0, 0, 6, 1, 3, 4, 4, 2, 0)
4814	(0, 0, 0, 0, 0, 6, 1, 3, 3, 4, 3, 0)
4815	(0, 0, 0, 0, 0, 6, 1, 1, 6, 4, 2, 0)
4816	(0, 0, 0, 0, 0, 4, 5, 5, 1, 5, 0, 0)
4817	(0, 0, 0, 0, 0, 4, 5, 4, 2, 5, 0, 0)
4818	(0, 0, 0, 0, 0, 4, 6, 4, 1, 4, 1, 0)
4819	(0, 0, 0, 0, 0, 4, 5, 2, 4, 5, 0, 0)
4820	(0, 0, 0, 0, 0, 4, 6, 2, 2, 5, 1, 0)
4821	(0, 0, 0, 0, 0, 4, 5, 3, 2, 5, 1, 0)
4822	(0, 0, 0, 0, 0, 4, 5, 2, 3, 5, 1, 0)
4823	(0, 0, 0, 0, 0, 4, 6, 3, 1, 4, 2, 0)
4824	(0, 0, 0, 0, 0, 4, 5, 1, 5, 5, 0, 0)
4825	(0, 0, 0, 0, 0, 4, 6, 1, 4, 4, 1, 0)
4826	(0, 0, 0, 0, 0, 4, 6, 1, 3, 4, 2, 0)
4827	(0, 0, 0, 0, 0, 4, 4, 5, 2, 5, 0, 0)
4828	(0, 0, 0, 0, 0, 4, 4, 6, 1, 4, 1, 0)
4829	(0, 0, 0, 0, 0, 4, 4, 4, 4, 4, 0, 0)
4830	(0, 0, 0, 0, 0, 4, 4, 4, 3, 4, 1, 0)
4831	(0, 0, 0, 0, 0, 4, 4, 2, 5, 5, 0, 0)
4832	(0, 0, 0, 0, 0, 4, 4, 3, 4, 4, 1, 0)
4833	(0, 0, 0, 0, 0, 4, 4, 3, 3, 4, 2, 0)
4834	(0, 0, 0, 0, 0, 4, 4, 1, 6, 4, 1, 0)
4835	(0, 0, 0, 0, 0, 4, 2, 5, 4, 5, 0, 0)
4836	(0, 0, 0, 0, 0, 4, 3, 5, 2, 5, 1, 0)
4837	(0, 0, 0, 0, 0, 4, 2, 6, 2, 5, 1, 0)
4838	(0, 0, 0, 0, 0, 4, 2, 5, 3, 5, 1, 0)
4839	(0, 0, 0, 0, 0, 4, 3, 6, 1, 4, 2, 0)
4840	(0, 0, 0, 0, 0, 4, 2, 4, 5, 5, 0, 0)
4841	(0, 0, 0, 0, 0, 4, 3, 4, 4, 4, 1, 0)
4842	(0, 0, 0, 0, 0, 4, 3, 4, 3, 4, 2, 0)
4843	(0, 0, 0, 0, 0, 4, 3, 2, 5, 5, 1, 0)
4844	(0, 0, 0, 0, 0, 4, 2, 3, 5, 5, 1, 0)
4845	(0, 0, 0, 0, 0, 4, 2, 2, 6, 5, 1, 0)
4846	(0, 0, 0, 0, 0, 4, 3, 3, 4, 4, 2, 0)
4847	(0, 0, 0, 0, 0, 4, 3, 3, 3, 4, 3, 0)
4848	(0, 0, 0, 0, 0, 4, 3, 1, 6, 4, 2, 0)
4849	(0, 0, 0, 0, 0, 4, 1, 5, 5, 5, 0, 0)
4850	(0, 0, 0, 0, 0, 4, 1, 6, 4, 4, 1, 0)
4851	(0, 0, 0, 0, 0, 4, 1, 6, 3, 4, 2, 0)
4852	(0, 0, 0, 0, 0, 4, 1, 4, 6, 4, 1, 0)
4853	(0, 0, 0, 0, 0, 4, 1, 3, 6, 4, 2, 0)
4854	(0, 0, 0, 0, 0, 2, 5, 5, 2, 6, 0, 0)
4855	(0, 0, 0, 0, 0, 3, 5, 5, 1, 5, 1, 0)
4856	(0, 0, 0, 0, 0, 2, 6, 5, 1, 5, 1, 0)
4857	(0, 0, 0, 0, 0, 2, 5, 6, 1, 5, 1, 0)
4858	(0, 0, 0, 0, 0, 2, 5, 4, 4, 5, 0, 0)
4859	(0, 0, 0, 0, 0, 3, 5, 4, 2, 5, 1, 0)
4860	(0, 0, 0, 0, 0, 2, 6, 4, 2, 5, 1, 0)
4861	(0, 0, 0, 0, 0, 2, 5, 4, 3, 5, 1, 0)
4862	(0, 0, 0, 0, 0, 3, 6, 4, 1, 4, 2, 0)
4863	(0, 0, 0, 0, 0, 2, 5, 2, 5, 6, 0, 0)
4864	(0, 0, 0, 0, 0, 3, 5, 2, 4, 5, 1, 0)
4865	(0, 0, 0, 0, 0, 2, 6, 2, 4, 5, 1, 0)
4866	(0, 0, 0, 0, 0, 2, 5, 3, 4, 5, 1, 0)
4867	(0, 0, 0, 0, 0, 3, 6, 2, 2, 5, 2, 0)
4868	(0, 0, 0, 0, 0, 3, 5, 3, 2, 5, 2, 0)
4869	(0, 0, 0, 0, 0, 3, 5, 2, 3, 5, 2, 0)
4870	(0, 0, 0, 0, 0, 2, 6, 3, 2, 5, 2, 0)
4871	(0, 0, 0, 0, 0, 2, 6, 2, 3, 5, 2, 0)
4872	(0, 0, 0, 0, 0, 2, 5, 3, 3, 5, 2, 0)
4873	(0, 0, 0, 0, 0, 3, 6, 3, 1, 4, 3, 0)
4874	(0, 0, 0, 0, 0, 3, 5, 1, 5, 5, 1, 0)
4875	(0, 0, 0, 0, 0, 2, 6, 1, 5, 5, 1, 0)
4876	(0, 0, 0, 0, 0, 2, 5, 1, 6, 5, 1, 0)
4877	(0, 0, 0, 0, 0, 3, 6, 1, 4, 4, 2, 0)
4878	(0, 0, 0, 0, 0, 3, 6, 1, 3, 4, 3, 0)
4879	(0, 0, 0, 0, 0, 2, 4, 5, 4, 5, 0, 0)
4880	(0, 0, 0, 0, 0, 3, 4, 5, 2, 5, 1, 0)
4881	(0, 0, 0, 0, 0, 2, 4, 6, 2, 5, 1, 0)
4882	(0, 0, 0, 0, 0, 2, 4, 5, 3, 5, 1, 0)
4883	(0, 0, 0, 0, 0, 3, 4, 6, 1, 4, 2, 0)
4884	(0, 0, 0, 0, 0, 2, 4, 4, 5, 5, 0, 0)
4885	(0, 0, 0, 0, 0, 3, 4, 4, 4, 4, 1, 0)
4886	(0, 0, 0, 0, 0, 3, 4, 4, 3, 4, 2, 0)
4887	(0, 0, 0, 0, 0, 3, 4, 2, 5, 5, 1, 0)
4888	(0, 0, 0, 0, 0, 2, 4, 3, 5, 5, 1, 0)
4889	(0, 0, 0, 0, 0, 2, 4, 2, 6, 5, 1, 0)
4890	(0, 0, 0, 0, 0, 3, 4, 3, 4, 4, 2, 0)
4891	(0, 0, 0, 0, 0, 3, 4, 3, 3, 4, 3, 0)
4892	(0, 0, 0, 0, 0, 3, 4, 1, 6, 4, 2, 0)
4893	(0, 0, 0, 0, 0, 2, 2, 5, 5, 6, 0, 0)
4894	(0, 0, 0, 0, 0, 3, 2, 5, 4, 5, 1, 0)
4895	(0, 0, 0, 0, 0, 2, 3, 5, 4, 5, 1, 0)
4896	(0, 0, 0, 0, 0, 2, 2, 6, 4, 5, 1, 0)
4897	(0, 0, 0, 0, 0, 3, 3, 5, 2, 5, 2, 0)
4898	(0, 0, 0, 0, 0, 3, 2, 6, 2, 5, 2, 0)
4899	(0, 0, 0, 0, 0, 3, 2, 5, 3, 5, 2, 0)
4900	(0, 0, 0, 0, 0, 2, 3, 6, 2, 5, 2, 0)
4901	(0, 0, 0, 0, 0, 2, 3, 5, 3, 5, 2, 0)
4902	(0, 0, 0, 0, 0, 2, 2, 6, 3, 5, 2, 0)
4903	(0, 0, 0, 0, 0, 3, 3, 6, 1, 4, 3, 0)
4904	(0, 0, 0, 0, 0, 3, 2, 4, 5, 5, 1, 0)
4905	(0, 0, 0, 0, 0, 2, 3, 4, 5, 5, 1, 0)
4906	(0, 0, 0, 0, 0, 2, 2, 4, 6, 5, 1, 0)
4907	(0, 0, 0, 0, 0, 3, 3, 4, 4, 4, 2, 0)
4908	(0, 0, 0, 0, 0, 3, 3, 4, 3, 4, 3, 0)
4909	(0, 0, 0, 0, 0, 3, 3, 2, 5, 5, 2, 0)
4910	(0, 0, 0, 0, 0, 3, 2, 3, 5, 5, 2, 0)
4911	(0, 0, 0, 0, 0, 3, 2, 2, 6, 5, 2, 0)
4912	(0, 0, 0, 0, 0, 2, 3, 3, 5, 5, 2, 0)
4913	(0, 0, 0, 0, 0, 2, 3, 2, 6, 5, 2, 0)
4914	(0, 0, 0, 0, 0, 2, 2, 3, 6, 5, 2, 0)
4915	(0, 0, 0, 0, 0, 3, 3, 3, 4, 4, 3, 0)
4916	(0, 0, 0, 0, 0, 3, 3, 3, 3, 4, 4, 0)
4917	(0, 0, 0, 0, 0, 3, 3, 1, 6, 4, 3, 0)
4918	(0, 0, 0, 0, 0, 3, 1, 5, 5, 5, 1, 0)
4919	(0, 0, 0, 0, 0, 2, 1, 6, 5, 5, 1, 0)
4920	(0, 0, 0, 0, 0, 2, 1, 5, 6, 5, 1, 0)
4921	(0, 0, 0, 0, 0, 3, 1, 6, 4, 4, 2, 0)
4922	(0, 0, 0, 0, 0, 3, 1, 6, 3, 4, 3, 0)
4923	(0, 0, 0, 0, 0, 3, 1, 4, 6, 4, 2, 0)
4924	(0, 0, 0, 0, 0, 3, 1, 3, 6, 4, 3, 0)
4925	(0, 0, 0, 0, 0, 1, 5, 5, 4, 5, 0, 0)
4926	(0, 0, 0, 0, 0, 1, 6, 5, 2, 5, 1, 0)
4927	(0, 0, 0, 0, 0, 1, 5, 6, 2, 5, 1, 0)
4928	(0, 0, 0, 0, 0, 1, 5, 5, 3, 5, 1, 0)
4929	(0, 0, 0, 0, 0, 1, 6, 6, 1, 4, 2, 0)
4930	(0, 0, 0, 0, 0, 1, 5, 4, 5, 5, 0, 0)
4931	(0, 0, 0, 0, 0, 1, 6, 4, 4, 4, 1, 0)
4932	(0, 0, 0, 0, 0, 1, 6, 4, 3, 4, 2, 0)
4933	(0, 0, 0, 0, 0, 1, 6, 2, 5, 5, 1, 0)
4934	(0, 0, 0, 0, 0, 1, 5, 3, 5, 5, 1, 0)
4935	(0, 0, 0, 0, 0, 1, 5, 2, 6, 5, 1, 0)
4936	(0, 0, 0, 0, 0, 1, 6, 3, 4, 4, 2, 0)
4937	(0, 0, 0, 0, 0, 1, 6, 3, 3, 4, 3, 0)
4938	(0, 0, 0, 0, 0, 1, 6, 1, 6, 4, 2, 0)
4939	(0, 0, 0, 0, 0, 1, 4, 5, 5, 5, 0, 0)
4940	(0, 0, 0, 0, 0, 1, 4, 6, 4, 4, 1, 0)
4941	(0, 0, 0, 0, 0, 1, 4, 6, 3, 4, 2, 0)
4942	(0, 0, 0, 0, 0, 1, 4, 4, 6, 4, 1, 0)
4943	(0, 0, 0, 0, 0, 1, 4, 3, 6, 4, 2, 0)
4944	(0, 0, 0, 0, 0, 1, 3, 5, 5, 5, 1, 0)
4945	(0, 0, 0, 0, 0, 1, 2, 6, 5, 5, 1, 0)
4946	(0, 0, 0, 0, 0, 1, 2, 5, 6, 5, 1, 0)
4947	(0, 0, 0, 0, 0, 1, 3, 6, 4, 4, 2, 0)
4948	(0, 0, 0, 0, 0, 1, 3, 6, 3, 4, 3, 0)
4949	(0, 0, 0, 0, 0, 1, 3, 4, 6, 4, 2, 0)
4950	(0, 0, 0, 0, 0, 1, 3, 3, 6, 4, 3, 0)
4951	(0, 0, 0, 0, 0, 1, 1, 6, 6, 4, 2, 0)
4952	(0, 0, 0, 0, 0, 0, 5, 5, 5, 6, 0, 0)
4953	(0, 0, 0, 0, 0, 0, 6, 5, 4, 5, 1, 0)
4954	(0, 0, 0, 0, 0, 0, 5, 6, 4, 5, 1, 0)
4955	(0, 0, 0, 0, 0, 0, 6, 6, 2, 5, 2, 0)
4956	(0, 0, 0, 0, 0, 0, 6, 5, 3, 5, 2, 0)
4957	(0, 0, 0, 0, 0, 0, 5, 6, 3, 5, 2, 0)
4958	(0, 0, 0, 0, 0, 0, 6, 4, 5, 5, 1, 0)
4959	(0, 0, 0, 0, 0, 0, 5, 4, 6, 5, 1, 0)
4960	(0, 0, 0, 0, 0, 0, 6, 3, 5, 5, 2, 0)
4961	(0, 0, 0, 0, 0, 0, 6, 2, 6, 5, 2, 0)
4962	(0, 0, 0, 0, 0, 0, 5, 3, 6, 5, 2, 0)
4963	(0, 0, 0, 0, 0, 0, 4, 6, 5, 5, 1, 0)
4964	(0, 0, 0, 0, 0, 0, 4, 5, 6, 5, 1, 0)
4965	(0, 0, 0, 0, 0, 0, 3, 6, 5, 5, 2, 0)
4966	(0, 0, 0, 0, 0, 0, 3, 5, 6, 5, 2, 0)
4967	(0, 0, 0, 0, 0, 0, 2, 6, 6, 5, 2, 0)
4968	(0, 0, 0, 0, 0, 5, 5, 0, 5, 6, 0, 0)
4969	(0, 0, 0, 0, 0, 6, 5, 0, 4, 5, 1, 0)
4970	(0, 0, 0, 0, 0, 5, 6, 0, 4, 5, 1, 0)
4971	(0, 0, 0, 0, 0, 6, 6, 0, 2, 5, 2, 0)
4972	(0, 0, 0, 0, 0, 6, 5, 0, 3, 5, 2, 0)
4973	(0, 0, 0, 0, 0, 5, 6, 0, 3, 5, 2, 0)
4974	(0, 0, 0, 0, 0, 6, 4, 0, 5, 5, 1, 0)
4975	(0, 0, 0, 0, 0, 5, 4, 0, 6, 5, 1, 0)
4976	(0, 0, 0, 0, 0, 6, 3, 0, 5, 5, 2, 0)
4977	(0, 0, 0, 0, 0, 6, 2, 0, 6, 5, 2, 0)
4978	(0, 0, 0, 0, 0, 5, 3, 0, 6, 5, 2, 0)
4979	(0, 0, 0, 0, 0, 4, 6, 0, 5, 5, 1, 0)
4980	(0, 0, 0, 0, 0, 4, 5, 0, 6, 5, 1, 0)
4981	(0, 0, 0, 0, 0, 3, 6, 0, 5, 5, 2, 0)
4982	(0, 0, 0, 0, 0, 3, 5, 0, 6, 5, 2, 0)
4983	(0, 0, 0, 0, 0, 2, 6, 0, 6, 5, 2, 0)
4984	(0, 0, 0, 1, 0, 5, 5, 1, 1, 4, 0, 1)
4985	(0, 0, 0, 1, 0, 5, 4, 2, 1, 4, 0, 1)
4986	(0, 0, 0, 1, 0, 5, 4, 1, 2, 4, 0, 1)
4987	(0, 0, 0, 1, 0, 6, 4, 1, 1, 3, 1, 1)
4988	(0, 0, 0, 1, 0, 5, 4, 1, 1, 3, 0, 2)
4989	(0, 0, 0, 1, 0, 5, 2, 4, 1, 4, 0, 1)
4990	(0, 0, 0, 1, 0, 5, 2, 2, 2, 5, 0, 1)
4991	(0, 0, 0, 1, 0, 6, 2, 2, 1, 4, 1, 1)
4992	(0, 0, 0, 1, 0, 5, 3, 2, 1, 4, 1, 1)
4993	(0, 0, 0, 1, 0, 5, 2, 3, 1, 4, 1, 1)
4994	(0, 0, 0, 1, 0, 5, 2, 2, 1, 4, 0, 2)
4995	(0, 0, 0, 1, 0, 5, 2, 1, 4, 4, 0, 1)
4996	(0, 0, 0, 1, 0, 6, 2, 1, 2, 4, 1, 1)
4997	(0, 0, 0, 1, 0, 5, 3, 1, 2, 4, 1, 1)
4998	(0, 0, 0, 1, 0, 5, 2, 1, 3, 4, 1, 1)
4999	(0, 0, 0, 1, 0, 5, 2, 1, 2, 4, 0, 2)
5000	(0, 0, 0, 1, 0, 6, 3, 1, 1, 3, 2, 1)
5001	(0, 0, 0, 1, 0, 6, 2, 1, 1, 3, 1, 2)
5002	(0, 0, 0, 1, 0, 5, 3, 1, 1, 3, 1, 2)
5003	(0, 0, 0, 1, 0, 5, 1, 5, 1, 4, 0, 1)
5004	(0, 0, 0, 1, 0, 5, 1, 4, 2, 4, 0, 1)
5005	(0, 0, 0, 1, 0, 6, 1, 4, 1, 3, 1, 1)
5006	(0, 0, 0, 1, 0, 5, 1, 4, 1, 3, 0, 2)
5007	(0, 0, 0, 1, 0, 5, 1, 2, 4, 4, 0, 1)
5008	(0, 0, 0, 1, 0, 6, 1, 2, 2, 4, 1, 1)
5009	(0, 0, 0, 1, 0, 5, 1, 3, 2, 4, 1, 1)
5010	(0, 0, 0, 1, 0, 5, 1, 2, 3, 4, 1, 1)
5011	(0, 0, 0, 1, 0, 5, 1, 2, 2, 4, 0, 2)
5012	(0, 0, 0, 1, 0, 6, 1, 3, 1, 3, 2, 1)
5013	(0, 0, 0, 1, 0, 6, 1, 2, 1, 3, 1, 2)
5014	(0, 0, 0, 1, 0, 5, 1, 3, 1, 3, 1, 2)
5015	(0, 0, 0, 1, 0, 5, 1, 1, 5, 4, 0, 1)
5016	(0, 0, 0, 1, 0, 6, 1, 1, 4, 3, 1, 1)
5017	(0, 0, 0, 1, 0, 5, 1, 1, 4, 3, 0, 2)
5018	(0, 0, 0, 1, 0, 6, 1, 1, 3, 3, 2, 1)
5019	(0, 0, 0, 1, 0, 6, 1, 1, 2, 3, 1, 2)
5020	(0, 0, 0, 1, 0, 5, 1, 1, 3, 3, 1, 2)
5021	(0, 0, 0, 1, 0, 4, 5, 2, 1, 4, 0, 1)
5022	(0, 0, 0, 1, 0, 4, 5, 1, 2, 4, 0, 1)
5023	(0, 0, 0, 1, 0, 4, 6, 1, 1, 3, 1, 1)
5024	(0, 0, 0, 1, 0, 4, 5, 1, 1, 3, 0, 2)
5025	(0, 0, 0, 1, 0, 4, 4, 4, 1, 3, 0, 1)
5026	(0, 0, 0, 1, 0, 4, 4, 2, 2, 4, 0, 1)
5027	(0, 0, 0, 1, 0, 4, 4, 3, 1, 3, 1, 1)
5028	(0, 0, 0, 1, 0, 4, 4, 2, 1, 3, 0, 2)
5029	(0, 0, 0, 1, 0, 4, 4, 1, 4, 3, 0, 1)
5030	(0, 0, 0, 1, 0, 4, 4, 1, 3, 3, 1, 1)
5031	(0, 0, 0, 1, 0, 4, 4, 1, 2, 3, 0, 2)
5032	(0, 0, 0, 1, 0, 4, 2, 5, 1, 4, 0, 1)
5033	(0, 0, 0, 1, 0, 4, 2, 4, 2, 4, 0, 1)
5034	(0, 0, 0, 1, 0, 4, 3, 4, 1, 3, 1, 1)
5035	(0, 0, 0, 1, 0, 4, 2, 4, 1, 3, 0, 2)
5036	(0, 0, 0, 1, 0, 4, 2, 2, 4, 4, 0, 1)
5037	(0, 0, 0, 1, 0, 4, 3, 2, 2, 4, 1, 1)
5038	(0, 0, 0, 1, 0, 4, 2, 3, 2, 4, 1, 1)
5039	(0, 0, 0, 1, 0, 4, 2, 2, 3, 4, 1, 1)
5040	(0, 0, 0, 1, 0, 4, 2, 2, 2, 4, 0, 2)
5041	(0, 0, 0, 1, 0, 4, 3, 3, 1, 3, 2, 1)
5042	(0, 0, 0, 1, 0, 4, 3, 2, 1, 3, 1, 2)
5043	(0, 0, 0, 1, 0, 4, 2, 3, 1, 3, 1, 2)
5044	(0, 0, 0, 1, 0, 4, 2, 1, 5, 4, 0, 1)
5045	(0, 0, 0, 1, 0, 4, 3, 1, 4, 3, 1, 1)
5046	(0, 0, 0, 1, 0, 4, 2, 1, 4, 3, 0, 2)
5047	(0, 0, 0, 1, 0, 4, 3, 1, 3, 3, 2, 1)
5048	(0, 0, 0, 1, 0, 4, 3, 1, 2, 3, 1, 2)
5049	(0, 0, 0, 1, 0, 4, 2, 1, 3, 3, 1, 2)
5050	(0, 0, 0, 1, 0, 4, 1, 5, 2, 4, 0, 1)
5051	(0, 0, 0, 1, 0, 4, 1, 6, 1, 3, 1, 1)
5052	(0, 0, 0, 1, 0, 4, 1, 5, 1, 3, 0, 2)
5053	(0, 0, 0, 1, 0, 4, 1, 4, 4, 3, 0, 1)
5054	(0, 0, 0, 1, 0, 4, 1, 4, 3, 3, 1, 1)
5055	(0, 0, 0, 1, 0, 4, 1, 4, 2, 3, 0, 2)
5056	(0, 0, 0, 1, 0, 4, 1, 2, 5, 4, 0, 1)
5057	(0, 0, 0, 1, 0, 4, 1, 3, 4, 3, 1, 1)
5058	(0, 0, 0, 1, 0, 4, 1, 2, 4, 3, 0, 2)
5059	(0, 0, 0, 1, 0, 4, 1, 3, 3, 3, 2, 1)
5060	(0, 0, 0, 1, 0, 4, 1, 3, 2, 3, 1, 2)
5061	(0, 0, 0, 1, 0, 4, 1, 2, 3, 3, 1, 2)
5062	(0, 0, 0, 1, 0, 4, 1, 1, 6, 3, 1, 1)
5063	(0, 0, 0, 1, 0, 4, 1, 1, 5, 3, 0, 2)
5064	(0, 0, 0, 1, 0, 2, 5, 4, 1, 4, 0, 1)
5065	(0, 0, 0, 1, 0, 2, 5, 2, 2, 5, 0, 1)
5066	(0, 0, 0, 1, 0, 3, 5, 2, 1, 4, 1, 1)
5067	(0, 0, 0, 1, 0, 2, 6, 2, 1, 4, 1, 1)
5068	(0, 0, 0, 1, 0, 2, 5, 3, 1, 4, 1, 1)
5069	(0, 0, 0, 1, 0, 2, 5, 2, 1, 4, 0, 2)
5070	(0, 0, 0, 1, 0, 2, 5, 1, 4, 4, 0, 1)
5071	(0, 0, 0, 1, 0, 3, 5, 1, 2, 4, 1, 1)
5072	(0, 0, 0, 1, 0, 2, 6, 1, 2, 4, 1, 1)
5073	(0, 0, 0, 1, 0, 2, 5, 1, 3, 4, 1, 1)
5074	(0, 0, 0, 1, 0, 2, 5, 1, 2, 4, 0, 2)
5075	(0, 0, 0, 1, 0, 3, 6, 1, 1, 3, 2, 1)
5076	(0, 0, 0, 1, 0, 3, 5, 1, 1, 3, 1, 2)
5077	(0, 0, 0, 1, 0, 2, 6, 1, 1, 3, 1, 2)
5078	(0, 0, 0, 1, 0, 2, 4, 5, 1, 4, 0, 1)
5079	(0, 0, 0, 1, 0, 2, 4, 4, 2, 4, 0, 1)
5080	(0, 0, 0, 1, 0, 3, 4, 4, 1, 3, 1, 1)
5081	(0, 0, 0, 1, 0, 2, 4, 4, 1, 3, 0, 2)
5082	(0, 0, 0, 1, 0, 2, 4, 2, 4, 4, 0, 1)
5083	(0, 0, 0, 1, 0, 3, 4, 2, 2, 4, 1, 1)
5084	(0, 0, 0, 1, 0, 2, 4, 3, 2, 4, 1, 1)
5085	(0, 0, 0, 1, 0, 2, 4, 2, 3, 4, 1, 1)
5086	(0, 0, 0, 1, 0, 2, 4, 2, 2, 4, 0, 2)
5087	(0, 0, 0, 1, 0, 3, 4, 3, 1, 3, 2, 1)
5088	(0, 0, 0, 1, 0, 3, 4, 2, 1, 3, 1, 2)
5089	(0, 0, 0, 1, 0, 2, 4, 3, 1, 3, 1, 2)
5090	(0, 0, 0, 1, 0, 2, 4, 1, 5, 4, 0, 1)
5091	(0, 0, 0, 1, 0, 3, 4, 1, 4, 3, 1, 1)
5092	(0, 0, 0, 1, 0, 2, 4, 1, 4, 3, 0, 2)
5093	(0, 0, 0, 1, 0, 3, 4, 1, 3, 3, 2, 1)
5094	(0, 0, 0, 1, 0, 3, 4, 1, 2, 3, 1, 2)
5095	(0, 0, 0, 1, 0, 2, 4, 1, 3, 3, 1, 2)
5096	(0, 0, 0, 1, 0, 2, 2, 5, 2, 5, 0, 1)
5097	(0, 0, 0, 1, 0, 3, 2, 5, 1, 4, 1, 1)
5098	(0, 0, 0, 1, 0, 2, 3, 5, 1, 4, 1, 1)
5099	(0, 0, 0, 1, 0, 2, 2, 6, 1, 4, 1, 1)
5100	(0, 0, 0, 1, 0, 2, 2, 5, 1, 4, 0, 2)
5101	(0, 0, 0, 1, 0, 2, 2, 4, 4, 4, 0, 1)
5102	(0, 0, 0, 1, 0, 3, 2, 4, 2, 4, 1, 1)
5103	(0, 0, 0, 1, 0, 2, 3, 4, 2, 4, 1, 1)
5104	(0, 0, 0, 1, 0, 2, 2, 4, 3, 4, 1, 1)
5105	(0, 0, 0, 1, 0, 2, 2, 4, 2, 4, 0, 2)
5106	(0, 0, 0, 1, 0, 3, 3, 4, 1, 3, 2, 1)
5107	(0, 0, 0, 1, 0, 3, 2, 4, 1, 3, 1, 2)
5108	(0, 0, 0, 1, 0, 2, 3, 4, 1, 3, 1, 2)
5109	(0, 0, 0, 1, 0, 2, 2, 2, 5, 5, 0, 1)
5110	(0, 0, 0, 1, 0, 3, 2, 2, 4, 4, 1, 1)
5111	(0, 0, 0, 1, 0, 2, 3, 2, 4, 4, 1, 1)
5112	(0, 0, 0, 1, 0, 2, 2, 3, 4, 4, 1, 1)
5113	(0, 0, 0, 1, 0, 2, 2, 2, 4, 4, 0, 2)
5114	(0, 0, 0, 1, 0, 3, 3, 2, 2, 4, 2, 1)
5115	(0, 0, 0, 1, 0, 3, 2, 3, 2, 4, 2, 1)
5116	(0, 0, 0, 1, 0, 3, 2, 2, 3, 4, 2, 1)
5117	(0, 0, 0, 1, 0, 3, 2, 2, 2, 4, 1, 2)
5118	(0, 0, 0, 1, 0, 2, 3, 3, 2, 4, 2, 1)
5119	(0, 0, 0, 1, 0, 2, 3, 2, 3, 4, 2, 1)
5120	(0, 0, 0, 1, 0, 2, 3, 2, 2, 4, 1, 2)
5121	(0, 0, 0, 1, 0, 2, 2, 3, 3, 4, 2, 1)
5122	(0, 0, 0, 1, 0, 2, 2, 3, 2, 4, 1, 2)
5123	(0, 0, 0, 1, 0, 2, 2, 2, 3, 4, 1, 2)
5124	(0, 0, 0, 1, 0, 3, 3, 3, 1, 3, 3, 1)
5125	(0, 0, 0, 1, 0, 3, 3, 2, 1, 3, 2, 2)
5126	(0, 0, 0, 1, 0, 3, 2, 3, 1, 3, 2, 2)
5127	(0, 0, 0, 1, 0, 2, 3, 3, 1, 3, 2, 2)
5128	(0, 0, 0, 1, 0, 3, 2, 1, 5, 4, 1, 1)
5129	(0, 0, 0, 1, 0, 2, 3, 1, 5, 4, 1, 1)
5130	(0, 0, 0, 1, 0, 2, 2, 1, 6, 4, 1, 1)
5131	(0, 0, 0, 1, 0, 2, 2, 1, 5, 4, 0, 2)
5132	(0, 0, 0, 1, 0, 3, 3, 1, 4, 3, 2, 1)
5133	(0, 0, 0, 1, 0, 3, 2, 1, 4, 3, 1, 2)
5134	(0, 0, 0, 1, 0, 2, 3, 1, 4, 3, 1, 2)
5135	(0, 0, 0, 1, 0, 3, 3, 1, 3, 3, 3, 1)
5136	(0, 0, 0, 1, 0, 3, 3, 1, 2, 3, 2, 2)
5137	(0, 0, 0, 1, 0, 3, 2, 1, 3, 3, 2, 2)
5138	(0, 0, 0, 1, 0, 2, 3, 1, 3, 3, 2, 2)
5139	(0, 0, 0, 1, 0, 2, 1, 5, 4, 4, 0, 1)
5140	(0, 0, 0, 1, 0, 3, 1, 5, 2, 4, 1, 1)
5141	(0, 0, 0, 1, 0, 2, 1, 6, 2, 4, 1, 1)
5142	(0, 0, 0, 1, 0, 2, 1, 5, 3, 4, 1, 1)
5143	(0, 0, 0, 1, 0, 2, 1, 5, 2, 4, 0, 2)
5144	(0, 0, 0, 1, 0, 3, 1, 6, 1, 3, 2, 1)
5145	(0, 0, 0, 1, 0, 3, 1, 5, 1, 3, 1, 2)
5146	(0, 0, 0, 1, 0, 2, 1, 6, 1, 3, 1, 2)
5147	(0, 0, 0, 1, 0, 2, 1, 4, 5, 4, 0, 1)
5148	(0, 0, 0, 1, 0, 3, 1, 4, 4, 3, 1, 1)
5149	(0, 0, 0, 1, 0, 2, 1, 4, 4, 3, 0, 2)
5150	(0, 0, 0, 1, 0, 3, 1, 4, 3, 3, 2, 1)
5151	(0, 0, 0, 1, 0, 3, 1, 4, 2, 3, 1, 2)
5152	(0, 0, 0, 1, 0, 2, 1, 4, 3, 3, 1, 2)
5153	(0, 0, 0, 1, 0, 3, 1, 2, 5, 4, 1, 1)
5154	(0, 0, 0, 1, 0, 2, 1, 3, 5, 4, 1, 1)
5155	(0, 0, 0, 1, 0, 2, 1, 2, 6, 4, 1, 1)
5156	(0, 0, 0, 1, 0, 2, 1, 2, 5, 4, 0, 2)
5157	(0, 0, 0, 1, 0, 3, 1, 3, 4, 3, 2, 1)
5158	(0, 0, 0, 1, 0, 3, 1, 2, 4, 3, 1, 2)
5159	(0, 0, 0, 1, 0, 2, 1, 3, 4, 3, 1, 2)
5160	(0, 0, 0, 1, 0, 3, 1, 3, 3, 3, 3, 1)
5161	(0, 0, 0, 1, 0, 3, 1, 3, 2, 3, 2, 2)
5162	(0, 0, 0, 1, 0, 3, 1, 2, 3, 3, 2, 2)
5163	(0, 0, 0, 1, 0, 2, 1, 3, 3, 3, 2, 2)
5164	(0, 0, 0, 1, 0, 3, 1, 1, 6, 3, 2, 1)
5165	(0, 0, 0, 1, 0, 3, 1, 1, 5, 3, 1, 2)
5166	(0, 0, 0, 1, 0, 2, 1, 1, 6, 3, 1, 2)
5167	(0, 0, 0, 1, 0, 1, 5, 5, 1, 4, 0, 1)
5168	(0, 0, 0, 1, 0, 1, 5, 4, 2, 4, 0, 1)
5169	(0, 0, 0, 1, 0, 1, 6, 4, 1, 3, 1, 1)
5170	(0, 0, 0, 1, 0, 1, 5, 4, 1, 3, 0, 2)
5171	(0, 0, 0, 1, 0, 1, 5, 2, 4, 4, 0, 1)
5172	(0, 0, 0, 1, 0, 1, 6, 2, 2, 4, 1, 1)
5173	(0, 0, 0, 1, 0, 1, 5, 3, 2, 4, 1, 1)
5174	(0, 0, 0, 1, 0, 1, 5, 2, 3, 4, 1, 1)
5175	(0, 0, 0, 1, 0, 1, 5, 2, 2, 4, 0, 2)
5176	(0, 0, 0, 1, 0, 1, 6, 3, 1, 3, 2, 1)
5177	(0, 0, 0, 1, 0, 1, 6, 2, 1, 3, 1, 2)
5178	(0, 0, 0, 1, 0, 1, 5, 3, 1, 3, 1, 2)
5179	(0, 0, 0, 1, 0, 1, 5, 1, 5, 4, 0, 1)
5180	(0, 0, 0, 1, 0, 1, 6, 1, 4, 3, 1, 1)
5181	(0, 0, 0, 1, 0, 1, 5, 1, 4, 3, 0, 2)
5182	(0, 0, 0, 1, 0, 1, 6, 1, 3, 3, 2, 1)
5183	(0, 0, 0, 1, 0, 1, 6, 1, 2, 3, 1, 2)
5184	(0, 0, 0, 1, 0, 1, 5, 1, 3, 3, 1, 2)
5185	(0, 0, 0, 1, 0, 1, 4, 5, 2, 4, 0, 1)
5186	(0, 0, 0, 1, 0, 1, 4, 6, 1, 3, 1, 1)
5187	(0, 0, 0, 1, 0, 1, 4, 5, 1, 3, 0, 2)
5188	(0, 0, 0, 1, 0, 1, 4, 4, 4, 3, 0, 1)
5189	(0, 0, 0, 1, 0, 1, 4, 4, 3, 3, 1, 1)
5190	(0, 0, 0, 1, 0, 1, 4, 4, 2, 3, 0, 2)
5191	(0, 0, 0, 1, 0, 1, 4, 2, 5, 4, 0, 1)
5192	(0, 0, 0, 1, 0, 1, 4, 3, 4, 3, 1, 1)
5193	(0, 0, 0, 1, 0, 1, 4, 2, 4, 3, 0, 2)
5194	(0, 0, 0, 1, 0, 1, 4, 3, 3, 3, 2, 1)
5195	(0, 0, 0, 1, 0, 1, 4, 3, 2, 3, 1, 2)
5196	(0, 0, 0, 1, 0, 1, 4, 2, 3, 3, 1, 2)
5197	(0, 0, 0, 1, 0, 1, 4, 1, 6, 3, 1, 1)
5198	(0, 0, 0, 1, 0, 1, 4, 1, 5, 3, 0, 2)
5199	(0, 0, 0, 1, 0, 1, 2, 5, 4, 4, 0, 1)
5200	(0, 0, 0, 1, 0, 1, 3, 5, 2, 4, 1, 1)
5201	(0, 0, 0, 1, 0, 1, 2, 6, 2, 4, 1, 1)
5202	(0, 0, 0, 1, 0, 1, 2, 5, 3, 4, 1, 1)
5203	(0, 0, 0, 1, 0, 1, 2, 5, 2, 4, 0, 2)
5204	(0, 0, 0, 1, 0, 1, 3, 6, 1, 3, 2, 1)
5205	(0, 0, 0, 1, 0, 1, 3, 5, 1, 3, 1, 2)
5206	(0, 0, 0, 1, 0, 1, 2, 6, 1, 3, 1, 2)
5207	(0, 0, 0, 1, 0, 1, 2, 4, 5, 4, 0, 1)
5208	(0, 0, 0, 1, 0, 1, 3, 4, 4, 3, 1, 1)
5209	(0, 0, 0, 1, 0, 1, 2, 4, 4, 3, 0, 2)
5210	(0, 0, 0, 1, 0, 1, 3, 4, 3, 3, 2, 1)
5211	(0, 0, 0, 1, 0, 1, 3, 4, 2, 3, 1, 2)
5212	(0, 0, 0, 1, 0, 1, 2, 4, 3, 3, 1, 2)
5213	(0, 0, 0, 1, 0, 1, 3, 2, 5, 4, 1, 1)
5214	(0, 0, 0, 1, 0, 1, 2, 3, 5, 4, 1, 1)
5215	(0, 0, 0, 1, 0, 1, 2, 2, 6, 4, 1, 1)
5216	(0, 0, 0, 1, 0, 1, 2, 2, 5, 4, 0, 2)
5217	(0, 0, 0, 1, 0, 1, 3, 3, 4, 3, 2, 1)
5218	(0, 0, 0, 1, 0, 1, 3, 2, 4, 3, 1, 2)
5219	(0, 0, 0, 1, 0, 1, 2, 3, 4, 3, 1, 2)
5220	(0, 0, 0, 1, 0, 1, 3, 3, 3, 3, 3, 1)
5221	(0, 0, 0, 1, 0, 1, 3, 3, 2, 3, 2, 2)
5222	(0, 0, 0, 1, 0, 1, 3, 2, 3, 3, 2, 2)
5223	(0, 0, 0, 1, 0, 1, 2, 3, 3, 3, 2, 2)
5224	(0, 0, 0, 1, 0, 1, 3, 1, 6, 3, 2, 1)
5225	(0, 0, 0, 1, 0, 1, 3, 1, 5, 3, 1, 2)
5226	(0, 0, 0, 1, 0, 1, 2, 1, 6, 3, 1, 2)
5227	(0, 0, 0, 1, 0, 1, 1, 5, 5, 4, 0, 1)
5228	(0, 0, 0, 1, 0, 1, 1, 6, 4, 3, 1, 1)
5229	(0, 0, 0, 1, 0, 1, 1, 5, 4, 3, 0, 2)
5230	(0, 0, 0, 1, 0, 1, 1, 6, 3, 3, 2, 1)
5231	(0, 0, 0, 1, 0, 1, 1, 6, 2, 3, 1, 2)
5232	(0, 0, 0, 1, 0, 1, 1, 5, 3, 3, 1, 2)
5233	(0, 0, 0, 1, 0, 1, 1, 4, 6, 3, 1, 1)
5234	(0, 0, 0, 1, 0, 1, 1, 4, 5, 3, 0, 2)
5235	(0, 0, 0, 1, 0, 1, 1, 3, 6, 3, 2, 1)
5236	(0, 0, 0, 1, 0, 1, 1, 3, 5, 3, 1, 2)
5237	(0, 0, 0, 1, 0, 1, 1, 2, 6, 3, 1, 2)
5238	(0, 0, 0, 1, 0, 0, 5, 5, 2, 5, 0, 1)
5239	(0, 0, 0, 1, 0, 0, 6, 5, 1, 4, 1, 1)
5240	(0, 0, 0, 1, 0, 0, 5, 6, 1, 4, 1, 1)
5241	(0, 0, 0, 1, 0, 0, 5, 5, 1, 4, 0, 2)
5242	(0, 0, 0, 1, 0, 0, 5, 4, 4, 4, 0, 1)
5243	(0, 0, 0, 1, 0, 0, 6, 4, 2, 4, 1, 1)
5244	(0, 0, 0, 1, 0, 0, 5, 4, 3, 4, 1, 1)
5245	(0, 0, 0, 1, 0, 0, 5, 4, 2, 4, 0, 2)
5246	(0, 0, 0, 1, 0, 0, 6, 4, 1, 3, 1, 2)
5247	(0, 0, 0, 1, 0, 0, 5, 2, 5, 5, 0, 1)
5248	(0, 0, 0, 1, 0, 0, 6, 2, 4, 4, 1, 1)
5249	(0, 0, 0, 1, 0, 0, 5, 3, 4, 4, 1, 1)
5250	(0, 0, 0, 1, 0, 0, 5, 2, 4, 4, 0, 2)
5251	(0, 0, 0, 1, 0, 0, 6, 3, 2, 4, 2, 1)
5252	(0, 0, 0, 1, 0, 0, 6, 2, 3, 4, 2, 1)
5253	(0, 0, 0, 1, 0, 0, 6, 2, 2, 4, 1, 2)
5254	(0, 0, 0, 1, 0, 0, 5, 3, 3, 4, 2, 1)
5255	(0, 0, 0, 1, 0, 0, 5, 3, 2, 4, 1, 2)
5256	(0, 0, 0, 1, 0, 0, 5, 2, 3, 4, 1, 2)
5257	(0, 0, 0, 1, 0, 0, 6, 3, 1, 3, 2, 2)
5258	(0, 0, 0, 1, 0, 0, 6, 1, 5, 4, 1, 1)
5259	(0, 0, 0, 1, 0, 0, 5, 1, 6, 4, 1, 1)
5260	(0, 0, 0, 1, 0, 0, 5, 1, 5, 4, 0, 2)
5261	(0, 0, 0, 1, 0, 0, 6, 1, 4, 3, 1, 2)
5262	(0, 0, 0, 1, 0, 0, 6, 1, 3, 3, 2, 2)
5263	(0, 0, 0, 1, 0, 0, 4, 5, 4, 4, 0, 1)
5264	(0, 0, 0, 1, 0, 0, 4, 6, 2, 4, 1, 1)
5265	(0, 0, 0, 1, 0, 0, 4, 5, 3, 4, 1, 1)
5266	(0, 0, 0, 1, 0, 0, 4, 5, 2, 4, 0, 2)
5267	(0, 0, 0, 1, 0, 0, 4, 6, 1, 3, 1, 2)
5268	(0, 0, 0, 1, 0, 0, 4, 4, 5, 4, 0, 1)
5269	(0, 0, 0, 1, 0, 0, 4, 4, 4, 3, 0, 2)
5270	(0, 0, 0, 1, 0, 0, 4, 4, 3, 3, 1, 2)
5271	(0, 0, 0, 1, 0, 0, 4, 3, 5, 4, 1, 1)
5272	(0, 0, 0, 1, 0, 0, 4, 2, 6, 4, 1, 1)
5273	(0, 0, 0, 1, 0, 0, 4, 2, 5, 4, 0, 2)
5274	(0, 0, 0, 1, 0, 0, 4, 3, 4, 3, 1, 2)
5275	(0, 0, 0, 1, 0, 0, 4, 3, 3, 3, 2, 2)
5276	(0, 0, 0, 1, 0, 0, 4, 1, 6, 3, 1, 2)
5277	(0, 0, 0, 1, 0, 0, 2, 5, 5, 5, 0, 1)
5278	(0, 0, 0, 1, 0, 0, 3, 5, 4, 4, 1, 1)
5279	(0, 0, 0, 1, 0, 0, 2, 6, 4, 4, 1, 1)
5280	(0, 0, 0, 1, 0, 0, 2, 5, 4, 4, 0, 2)
5281	(0, 0, 0, 1, 0, 0, 3, 6, 2, 4, 2, 1)
5282	(0, 0, 0, 1, 0, 0, 3, 5, 3, 4, 2, 1)
5283	(0, 0, 0, 1, 0, 0, 3, 5, 2, 4, 1, 2)
5284	(0, 0, 0, 1, 0, 0, 2, 6, 3, 4, 2, 1)
5285	(0, 0, 0, 1, 0, 0, 2, 6, 2, 4, 1, 2)
5286	(0, 0, 0, 1, 0, 0, 2, 5, 3, 4, 1, 2)
5287	(0, 0, 0, 1, 0, 0, 3, 6, 1, 3, 2, 2)
5288	(0, 0, 0, 1, 0, 0, 3, 4, 5, 4, 1, 1)
5289	(0, 0, 0, 1, 0, 0, 2, 4, 6, 4, 1, 1)
5290	(0, 0, 0, 1, 0, 0, 2, 4, 5, 4, 0, 2)
5291	(0, 0, 0, 1, 0, 0, 3, 4, 4, 3, 1, 2)
5292	(0, 0, 0, 1, 0, 0, 3, 4, 3, 3, 2, 2)
5293	(0, 0, 0, 1, 0, 0, 3, 3, 5, 4, 2, 1)
5294	(0, 0, 0, 1, 0, 0, 3, 2, 6, 4, 2, 1)
5295	(0, 0, 0, 1, 0, 0, 3, 2, 5, 4, 1, 2)
5296	(0, 0, 0, 1, 0, 0, 2, 3, 6, 4, 2, 1)
5297	(0, 0, 0, 1, 0, 0, 2, 3, 5, 4, 1, 2)
5298	(0, 0, 0, 1, 0, 0, 2, 2, 6, 4, 1, 2)
5299	(0, 0, 0, 1, 0, 0, 3, 3, 4, 3, 2, 2)
5300	(0, 0, 0, 1, 0, 0, 3, 3, 3, 3, 3, 2)
5301	(0, 0, 0, 1, 0, 0, 3, 1, 6, 3, 2, 2)
5302	(0, 0, 0, 1, 0, 0, 1, 6, 5, 4, 1, 1)
5303	(0, 0, 0, 1, 0, 0, 1, 5, 6, 4, 1, 1)
5304	(0, 0, 0, 1, 0, 0, 1, 5, 5, 4, 0, 2)
5305	(0, 0, 0, 1, 0, 0, 1, 6, 4, 3, 1, 2)
5306	(0, 0, 0, 1, 0, 0, 1, 6, 3, 3, 2, 2)
5307	(0, 0, 0, 1, 0, 0, 1, 4, 6, 3, 1, 2)
5308	(0, 0, 0, 1, 0, 0, 1, 3, 6, 3, 2, 2)
5309	(0, 0, 0, 1, 0, 5, 5, 0, 2, 5, 0, 1)
5310	(0, 0, 0, 1, 0, 6, 5, 0, 1, 4, 1, 1)
5311	(0, 0, 0, 1, 0, 5, 6, 0, 1, 4, 1, 1)
5312	(0, 0, 0, 1, 0, 5, 5, 0, 1, 4, 0, 2)
5313	(0, 0, 0, 1, 0, 5, 4, 0, 4, 4, 0, 1)
5314	(0, 0, 0, 1, 0, 6, 4, 0, 2, 4, 1, 1)
5315	(0, 0, 0, 1, 0, 5, 4, 0, 3, 4, 1, 1)
5316	(0, 0, 0, 1, 0, 5, 4, 0, 2, 4, 0, 2)
5317	(0, 0, 0, 1, 0, 6, 4, 0, 1, 3, 1, 2)
5318	(0, 0, 0, 1, 0, 5, 2, 0, 5, 5, 0, 1)
5319	(0, 0, 0, 1, 0, 6, 2, 0, 4, 4, 1, 1)
5320	(0, 0, 0, 1, 0, 5, 3, 0, 4, 4, 1, 1)
5321	(0, 0, 0, 1, 0, 5, 2, 0, 4, 4, 0, 2)
5322	(0, 0, 0, 1, 0, 6, 3, 0, 2, 4, 2, 1)
5323	(0, 0, 0, 1, 0, 6, 2, 0, 3, 4, 2, 1)
5324	(0, 0, 0, 1, 0, 6, 2, 0, 2, 4, 1, 2)
5325	(0, 0, 0, 1, 0, 5, 3, 0, 3, 4, 2, 1)
5326	(0, 0, 0, 1, 0, 5, 3, 0, 2, 4, 1, 2)
5327	(0, 0, 0, 1, 0, 5, 2, 0, 3, 4, 1, 2)
5328	(0, 0, 0, 1, 0, 6, 3, 0, 1, 3, 2, 2)
5329	(0, 0, 0, 1, 0, 6, 1, 0, 5, 4, 1, 1)
5330	(0, 0, 0, 1, 0, 5, 1, 0, 6, 4, 1, 1)
5331	(0, 0, 0, 1, 0, 5, 1, 0, 5, 4, 0, 2)
5332	(0, 0, 0, 1, 0, 6, 1, 0, 4, 3, 1, 2)
5333	(0, 0, 0, 1, 0, 6, 1, 0, 3, 3, 2, 2)
5334	(0, 0, 0, 1, 0, 4, 5, 0, 4, 4, 0, 1)
5335	(0, 0, 0, 1, 0, 4, 6, 0, 2, 4, 1, 1)
5336	(0, 0, 0, 1, 0, 4, 5, 0, 3, 4, 1, 1)
5337	(0, 0, 0, 1, 0, 4, 5, 0, 2, 4, 0, 2)
5338	(0, 0, 0, 1, 0, 4, 6, 0, 1, 3, 1, 2)
5339	(0, 0, 0, 1, 0, 4, 4, 0, 5, 4, 0, 1)
5340	(0, 0, 0, 1, 0, 4, 4, 0, 4, 3, 0, 2)
5341	(0, 0, 0, 1, 0, 4, 4, 0, 3, 3, 1, 2)
5342	(0, 0, 0, 1, 0, 4, 3, 0, 5, 4, 1, 1)
5343	(0, 0, 0, 1, 0, 4, 2, 0, 6, 4, 1, 1)
5344	(0, 0, 0, 1, 0, 4, 2, 0, 5, 4, 0, 2)
5345	(0, 0, 0, 1, 0, 4, 3, 0, 4, 3, 1, 2)
5346	(0, 0, 0, 1, 0, 4, 3, 0, 3, 3, 2, 2)
5347	(0, 0, 0, 1, 0, 4, 1, 0, 6, 3, 1, 2)
5348	(0, 0, 0, 1, 0, 2, 5, 0, 5, 5, 0, 1)
5349	(0, 0, 0, 1, 0, 3, 5, 0, 4, 4, 1, 1)
5350	(0, 0, 0, 1, 0, 2, 6, 0, 4, 4, 1, 1)
5351	(0, 0, 0, 1, 0, 2, 5, 0, 4, 4, 0, 2)
5352	(0, 0, 0, 1, 0, 3, 6, 0, 2, 4, 2, 1)
5353	(0, 0, 0, 1, 0, 3, 5, 0, 3, 4, 2, 1)
5354	(0, 0, 0, 1, 0, 3, 5, 0, 2, 4, 1, 2)
5355	(0, 0, 0, 1, 0, 2, 6, 0, 3, 4, 2, 1)
5356	(0, 0, 0, 1, 0, 2, 6, 0, 2, 4, 1, 2)
5357	(0, 0, 0, 1, 0, 2, 5, 0, 3, 4, 1, 2)
5358	(0, 0, 0, 1, 0, 3, 6, 0, 1, 3, 2, 2)
5359	(0, 0, 0, 1, 0, 3, 4, 0, 5, 4, 1, 1)
5360	(0, 0, 0, 1, 0, 2, 4, 0, 6, 4, 1, 1)
5361	(0, 0, 0, 1, 0, 2, 4, 0, 5, 4, 0, 2)
5362	(0, 0, 0, 1, 0, 3, 4, 0, 4, 3, 1, 2)
5363	(0, 0, 0, 1, 0, 3, 4, 0, 3, 3, 2, 2)
5364	(0, 0, 0, 1, 0, 3, 3, 0, 5, 4, 2, 1)
5365	(0, 0, 0, 1, 0, 3, 2, 0, 6, 4, 2, 1)
5366	(0, 0, 0, 1, 0, 3, 2, 0, 5, 4, 1, 2)
5367	(0, 0, 0, 1, 0, 2, 3, 0, 6, 4, 2, 1)
5368	(0, 0, 0, 1, 0, 2, 3, 0, 5, 4, 1, 2)
5369	(0, 0, 0, 1, 0, 2, 2, 0, 6, 4, 1, 2)
5370	(0, 0, 0, 1, 0, 3, 3, 0, 4, 3, 2, 2)
5371	(0, 0, 0, 1, 0, 3, 3, 0, 3, 3, 3, 2)
5372	(0, 0, 0, 1, 0, 3, 1, 0, 6, 3, 2, 2)
5373	(0, 0, 0, 1, 0, 1, 6, 0, 5, 4, 1, 1)
5374	(0, 0, 0, 1, 0, 1, 5, 0, 6, 4, 1, 1)
5375	(0, 0, 0, 1, 0, 1, 5, 0, 5, 4, 0, 2)
5376	(0, 0, 0, 1, 0, 1, 6, 0, 4, 3, 1, 2)
5377	(0, 0, 0, 1, 0, 1, 6, 0, 3, 3, 2, 2)
5378	(0, 0, 0, 1, 0, 1, 4, 0, 6, 3, 1, 2)
5379	(0, 0, 0, 1, 0, 1, 3, 0, 6, 3, 2, 2)
5380	(0, 0, 0, 1, 0, 0, 6, 0, 6, 4, 2, 1)
5381	(0, 0, 0, 1, 0, 0, 6, 0, 5, 4, 1, 2)
5382	(0, 0, 0, 1, 0, 0, 5, 0, 6, 4, 1, 2)
5383	(0, 0, 0, 1, 0, 0, 0, 6, 6, 4, 2, 1)
5384	(0, 0, 0, 1, 0, 0, 0, 6, 5, 4, 1, 2)
5385	(0, 0, 0, 1, 0, 0, 0, 5, 6, 4, 1, 2)
5386	(0, 0, 0, 0, 0, 5, 5, 2, 1, 5, 0, 1)
5387	(0, 0, 0, 0, 0, 5, 5, 1, 2, 5, 0, 1)
5388	(0, 0, 0, 0, 0, 6, 5, 1, 1, 4, 1, 1)
5389	(0, 0, 0, 0, 0, 5, 6, 1, 1, 4, 1, 1)
5390	(0, 0, 0, 0, 0, 5, 5, 1, 1, 4, 0, 2)
5391	(0, 0, 0, 0, 0, 5, 4, 4, 1, 4, 0, 1)
5392	(0, 0, 0, 0, 0, 5, 4, 2, 2, 5, 0, 1)
5393	(0, 0, 0, 0, 0, 6, 4, 2, 1, 4, 1, 1)
5394	(0, 0, 0, 0, 0, 5, 4, 3, 1, 4, 1, 1)
5395	(0, 0, 0, 0, 0, 5, 4, 2, 1, 4, 0, 2)
5396	(0, 0, 0, 0, 0, 5, 4, 1, 4, 4, 0, 1)
5397	(0, 0, 0, 0, 0, 6, 4, 1, 2, 4, 1, 1)
5398	(0, 0, 0, 0, 0, 5, 4, 1, 3, 4, 1, 1)
5399	(0, 0, 0, 0, 0, 5, 4, 1, 2, 4, 0, 2)
5400	(0, 0, 0, 0, 0, 6, 4, 1, 1, 3, 1, 2)
5401	(0, 0, 0, 0, 0, 5, 2, 5, 1, 5, 0, 1)
5402	(0, 0, 0, 0, 0, 5, 2, 4, 2, 5, 0, 1)
5403	(0, 0, 0, 0, 0, 6, 2, 4, 1, 4, 1, 1)
5404	(0, 0, 0, 0, 0, 5, 3, 4, 1, 4, 1, 1)
5405	(0, 0, 0, 0, 0, 5, 2, 4, 1, 4, 0, 2)
5406	(0, 0, 0, 0, 0, 5, 2, 2, 4, 5, 0, 1)
5407	(0, 0, 0, 0, 0, 6, 2, 2, 2, 5, 1, 1)
5408	(0, 0, 0, 0, 0, 5, 3, 2, 2, 5, 1, 1)
5409	(0, 0, 0, 0, 0, 5, 2, 3, 2, 5, 1, 1)
5410	(0, 0, 0, 0, 0, 5, 2, 2, 3, 5, 1, 1)
5411	(0, 0, 0, 0, 0, 5, 2, 2, 2, 5, 0, 2)
5412	(0, 0, 0, 0, 0, 6, 3, 2, 1, 4, 2, 1)
5413	(0, 0, 0, 0, 0, 6, 2, 3, 1, 4, 2, 1)
5414	(0, 0, 0, 0, 0, 6, 2, 2, 1, 4, 1, 2)
5415	(0, 0, 0, 0, 0, 5, 3, 3, 1, 4, 2, 1)
5416	(0, 0, 0, 0, 0, 5, 3, 2, 1, 4, 1, 2)
5417	(0, 0, 0, 0, 0, 5, 2, 3, 1, 4, 1, 2)
5418	(0, 0, 0, 0, 0, 5, 2, 1, 5, 5, 0, 1)
5419	(0, 0, 0, 0, 0, 6, 2, 1, 4, 4, 1, 1)
5420	(0, 0, 0, 0, 0, 5, 3, 1, 4, 4, 1, 1)
5421	(0, 0, 0, 0, 0, 5, 2, 1, 4, 4, 0, 2)
5422	(0, 0, 0, 0, 0, 6, 3, 1, 2, 4, 2, 1)
5423	(0, 0, 0, 0, 0, 6, 2, 1, 3, 4, 2, 1)
5424	(0, 0, 0, 0, 0, 6, 2, 1, 2, 4, 1, 2)
5425	(0, 0, 0, 0, 0, 5, 3, 1, 3, 4, 2, 1)
5426	(0, 0, 0, 0, 0, 5, 3, 1, 2, 4, 1, 2)
5427	(0, 0, 0, 0, 0, 5, 2, 1, 3, 4, 1, 2)
5428	(0, 0, 0, 0, 0, 6, 3, 1, 1, 3, 2, 2)
5429	(0, 0, 0, 0, 0, 5, 1, 5, 2, 5, 0, 1)
5430	(0, 0, 0, 0, 0, 6, 1, 5, 1, 4, 1, 1)
5431	(0, 0, 0, 0, 0, 5, 1, 6, 1, 4, 1, 1)
5432	(0, 0, 0, 0, 0, 5, 1, 5, 1, 4, 0, 2)
5433	(0, 0, 0, 0, 0, 5, 1, 4, 4, 4, 0, 1)
5434	(0, 0, 0, 0, 0, 6, 1, 4, 2, 4, 1, 1)
5435	(0, 0, 0, 0, 0, 5, 1, 4, 3, 4, 1, 1)
5436	(0, 0, 0, 0, 0, 5, 1, 4, 2, 4, 0, 2)
5437	(0, 0, 0, 0, 0, 6, 1, 4, 1, 3, 1, 2)
5438	(0, 0, 0, 0, 0, 5, 1, 2, 5, 5, 0, 1)
5439	(0, 0, 0, 0, 0, 6, 1, 2, 4, 4, 1, 1)
5440	(0, 0, 0, 0, 0, 5, 1, 3, 4, 4, 1, 1)
5441	(0, 0, 0, 0, 0, 5, 1, 2, 4, 4, 0, 2)
5442	(0, 0, 0, 0, 0, 6, 1, 3, 2, 4, 2, 1)
5443	(0, 0, 0, 0, 0, 6, 1, 2, 3, 4, 2, 1)
5444	(0, 0, 0, 0, 0, 6, 1, 2, 2, 4, 1, 2)
5445	(0, 0, 0, 0, 0, 5, 1, 3, 3, 4, 2, 1)
5446	(0, 0, 0, 0, 0, 5, 1, 3, 2, 4, 1, 2)
5447	(0, 0, 0, 0, 0, 5, 1, 2, 3, 4, 1, 2)
5448	(0, 0, 0, 0, 0, 6, 1, 3, 1, 3, 2, 2)
5449	(0, 0, 0, 0, 0, 6, 1, 1, 5, 4, 1, 1)
5450	(0, 0, 0, 0, 0, 5, 1, 1, 6, 4, 1, 1)
5451	(0, 0, 0, 0, 0, 5, 1, 1, 5, 4, 0, 2)
5452	(0, 0, 0, 0, 0, 6, 1, 1, 4, 3, 1, 2)
5453	(0, 0, 0, 0, 0, 6, 1, 1, 3, 3, 2, 2)
5454	(0, 0, 0, 0, 0, 4, 5, 4, 1, 4, 0, 1)
5455	(0, 0, 0, 0, 0, 4, 5, 2, 2, 5, 0, 1)
5456	(0, 0, 0, 0, 0, 4, 6, 2, 1, 4, 1, 1)
5457	(0, 0, 0, 0, 0, 4, 5, 3, 1, 4, 1, 1)
5458	(0, 0, 0, 0, 0, 4, 5, 2, 1, 4, 0, 2)
5459	(0, 0, 0, 0, 0, 4, 5, 1, 4, 4, 0, 1)
5460	(0, 0, 0, 0, 0, 4, 6, 1, 2, 4, 1, 1)
5461	(0, 0, 0, 0, 0, 4, 5, 1, 3, 4, 1, 1)
5462	(0, 0, 0, 0, 0, 4, 5, 1, 2, 4, 0, 2)
5463	(0, 0, 0, 0, 0, 4, 6, 1, 1, 3, 1, 2)
5464	(0, 0, 0, 0, 0, 4, 4, 5, 1, 4, 0, 1)
5465	(0, 0, 0, 0, 0, 4, 4, 4, 2, 4, 0, 1)
5466	(0, 0, 0, 0, 0, 4, 4, 4, 1, 3, 0, 2)
5467	(0, 0, 0, 0, 0, 4, 4, 2, 4, 4, 0, 1)
5468	(0, 0, 0, 0, 0, 4, 4, 3, 2, 4, 1, 1)
5469	(0, 0, 0, 0, 0, 4, 4, 2, 3, 4, 1, 1)
5470	(0, 0, 0, 0, 0, 4, 4, 2, 2, 4, 0, 2)
5471	(0, 0, 0, 0, 0, 4, 4, 3, 1, 3, 1, 2)
5472	(0, 0, 0, 0, 0, 4, 4, 1, 5, 4, 0, 1)
5473	(0, 0, 0, 0, 0, 4, 4, 1, 4, 3, 0, 2)
5474	(0, 0, 0, 0, 0, 4, 4, 1, 3, 3, 1, 2)
5475	(0, 0, 0, 0, 0, 4, 2, 5, 2, 5, 0, 1)
5476	(0, 0, 0, 0, 0, 4, 3, 5, 1, 4, 1, 1)
5477	(0, 0, 0, 0, 0, 4, 2, 6, 1, 4, 1, 1)
5478	(0, 0, 0, 0, 0, 4, 2, 5, 1, 4, 0, 2)
5479	(0, 0, 0, 0, 0, 4, 2, 4, 4, 4, 0, 1)
5480	(0, 0, 0, 0, 0, 4, 3, 4, 2, 4, 1, 1)
5481	(0, 0, 0, 0, 0, 4, 2, 4, 3, 4, 1, 1)
5482	(0, 0, 0, 0, 0, 4, 2, 4, 2, 4, 0, 2)
5483	(0, 0, 0, 0, 0, 4, 3, 4, 1, 3, 1, 2)
5484	(0, 0, 0, 0, 0, 4, 2, 2, 5, 5, 0, 1)
5485	(0, 0, 0, 0, 0, 4, 3, 2, 4, 4, 1, 1)
5486	(0, 0, 0, 0, 0, 4, 2, 3, 4, 4, 1, 1)
5487	(0, 0, 0, 0, 0, 4, 2, 2, 4, 4, 0, 2)
5488	(0, 0, 0, 0, 0, 4, 3, 3, 2, 4, 2, 1)
5489	(0, 0, 0, 0, 0, 4, 3, 2, 3, 4, 2, 1)
5490	(0, 0, 0, 0, 0, 4, 3, 2, 2, 4, 1, 2)
5491	(0, 0, 0, 0, 0, 4, 2, 3, 3, 4, 2, 1)
5492	(0, 0, 0, 0, 0, 4, 2, 3, 2, 4, 1, 2)
5493	(0, 0, 0, 0, 0, 4, 2, 2, 3, 4, 1, 2)
5494	(0, 0, 0, 0, 0, 4, 3, 3, 1, 3, 2, 2)
5495	(0, 0, 0, 0, 0, 4, 3, 1, 5, 4, 1, 1)
5496	(0, 0, 0, 0, 0, 4, 2, 1, 6, 4, 1, 1)
5497	(0, 0, 0, 0, 0, 4, 2, 1, 5, 4, 0, 2)
5498	(0, 0, 0, 0, 0, 4, 3, 1, 4, 3, 1, 2)
5499	(0, 0, 0, 0, 0, 4, 3, 1, 3, 3, 2, 2)
5500	(0, 0, 0, 0, 0, 4, 1, 5, 4, 4, 0, 1)
5501	(0, 0, 0, 0, 0, 4, 1, 6, 2, 4, 1, 1)
5502	(0, 0, 0, 0, 0, 4, 1, 5, 3, 4, 1, 1)
5503	(0, 0, 0, 0, 0, 4, 1, 5, 2, 4, 0, 2)
5504	(0, 0, 0, 0, 0, 4, 1, 6, 1, 3, 1, 2)
5505	(0, 0, 0, 0, 0, 4, 1, 4, 5, 4, 0, 1)
5506	(0, 0, 0, 0, 0, 4, 1, 4, 4, 3, 0, 2)
5507	(0, 0, 0, 0, 0, 4, 1, 4, 3, 3, 1, 2)
5508	(0, 0, 0, 0, 0, 4, 1, 3, 5, 4, 1, 1)
5509	(0, 0, 0, 0, 0, 4, 1, 2, 6, 4, 1, 1)
5510	(0, 0, 0, 0, 0, 4, 1, 2, 5, 4, 0, 2)
5511	(0, 0, 0, 0, 0, 4, 1, 3, 4, 3, 1, 2)
5512	(0, 0, 0, 0, 0, 4, 1, 3, 3, 3, 2, 2)
5513	(0, 0, 0, 0, 0, 4, 1, 1, 6, 3, 1, 2)
5514	(0, 0, 0, 0, 0, 2, 5, 5, 1, 5, 0, 1)
5515	(0, 0, 0, 0, 0, 2, 5, 4, 2, 5, 0, 1)
5516	(0, 0, 0, 0, 0, 3, 5, 4, 1, 4, 1, 1)
5517	(0, 0, 0, 0, 0, 2, 6, 4, 1, 4, 1, 1)
5518	(0, 0, 0, 0, 0, 2, 5, 4, 1, 4, 0, 2)
5519	(0, 0, 0, 0, 0, 2, 5, 2, 4, 5, 0, 1)
5520	(0, 0, 0, 0, 0, 3, 5, 2, 2, 5, 1, 1)
5521	(0, 0, 0, 0, 0, 2, 6, 2, 2, 5, 1, 1)
5522	(0, 0, 0, 0, 0, 2, 5, 3, 2, 5, 1, 1)
5523	(0, 0, 0, 0, 0, 2, 5, 2, 3, 5, 1, 1)
5524	(0, 0, 0, 0, 0, 2, 5, 2, 2, 5, 0, 2)
5525	(0, 0, 0, 0, 0, 3, 6, 2, 1, 4, 2, 1)
5526	(0, 0, 0, 0, 0, 3, 5, 3, 1, 4, 2, 1)
5527	(0, 0, 0, 0, 0, 3, 5, 2, 1, 4, 1, 2)
5528	(0, 0, 0, 0, 0, 2, 6, 3, 1, 4, 2, 1)
5529	(0, 0, 0, 0, 0, 2, 6, 2, 1, 4, 1, 2)
5530	(0, 0, 0, 0, 0, 2, 5, 3, 1, 4, 1, 2)
5531	(0, 0, 0, 0, 0, 2, 5, 1, 5, 5, 0, 1)
5532	(0, 0, 0, 0, 0, 3, 5, 1, 4, 4, 1, 1)
5533	(0, 0, 0, 0, 0, 2, 6, 1, 4, 4, 1, 1)
5534	(0, 0, 0, 0, 0, 2, 5, 1, 4, 4, 0, 2)
5535	(0, 0, 0, 0, 0, 3, 6, 1, 2, 4, 2, 1)
5536	(0, 0, 0, 0, 0, 3, 5, 1, 3, 4, 2, 1)
5537	(0, 0, 0, 0, 0, 3, 5, 1, 2, 4, 1, 2)
5538	(0, 0, 0, 0, 0, 2, 6, 1, 3, 4, 2, 1)
5539	(0, 0, 0, 0, 0, 2, 6, 1, 2, 4, 1, 2)
5540	(0, 0, 0, 0, 0, 2, 5, 1, 3, 4, 1, 2)
5541	(0, 0, 0, 0, 0, 3, 6, 1, 1, 3, 2, 2)
5542	(0, 0, 0, 0, 0, 2, 4, 5, 2, 5, 0, 1)
5543	(0, 0, 0, 0, 0, 3, 4, 5, 1, 4, 1, 1)
5544	(0, 0, 0, 0, 0, 2, 4, 6, 1, 4, 1, 1)
5545	(0, 0, 0, 0, 0, 2, 4, 5, 1, 4, 0, 2)
5546	(0, 0, 0, 0, 0, 2, 4, 4, 4, 4, 0, 1)
5547	(0, 0, 0, 0, 0, 3, 4, 4, 2, 4, 1, 1)
5548	(0, 0, 0, 0, 0, 2, 4, 4, 3, 4, 1, 1)
5549	(0, 0, 0, 0, 0, 2, 4, 4, 2, 4, 0, 2)
5550	(0, 0, 0, 0, 0, 3, 4, 4, 1, 3, 1, 2)
5551	(0, 0, 0, 0, 0, 2, 4, 2, 5, 5, 0, 1)
5552	(0, 0, 0, 0, 0, 3, 4, 2, 4, 4, 1, 1)
5553	(0, 0, 0, 0, 0, 2, 4, 3, 4, 4, 1, 1)
5554	(0, 0, 0, 0, 0, 2, 4, 2, 4, 4, 0, 2)
5555	(0, 0, 0, 0, 0, 3, 4, 3, 2, 4, 2, 1)
5556	(0, 0, 0, 0, 0, 3, 4, 2, 3, 4, 2, 1)
5557	(0, 0, 0, 0, 0, 3, 4, 2, 2, 4, 1, 2)
5558	(0, 0, 0, 0, 0, 2, 4, 3, 3, 4, 2, 1)
5559	(0, 0, 0, 0, 0, 2, 4, 3, 2, 4, 1, 2)
5560	(0, 0, 0, 0, 0, 2, 4, 2, 3, 4, 1, 2)
5561	(0, 0, 0, 0, 0, 3, 4, 3, 1, 3, 2, 2)
5562	(0, 0, 0, 0, 0, 3, 4, 1, 5, 4, 1, 1)
5563	(0, 0, 0, 0, 0, 2, 4, 1, 6, 4, 1, 1)
5564	(0, 0, 0, 0, 0, 2, 4, 1, 5, 4, 0, 2)
5565	(0, 0, 0, 0, 0, 3, 4, 1, 4, 3, 1, 2)
5566	(0, 0, 0, 0, 0, 3, 4, 1, 3, 3, 2, 2)
5567	(0, 0, 0, 0, 0, 2, 2, 5, 4, 5, 0, 1)
5568	(0, 0, 0, 0, 0, 3, 2, 5, 2, 5, 1, 1)
5569	(0, 0, 0, 0, 0, 2, 3, 5, 2, 5, 1, 1)
5570	(0, 0, 0, 0, 0, 2, 2, 6, 2, 5, 1, 1)
5571	(0, 0, 0, 0, 0, 2, 2, 5, 3, 5, 1, 1)
5572	(0, 0, 0, 0, 0, 2, 2, 5, 2, 5, 0, 2)
5573	(0, 0, 0, 0, 0, 3, 3, 5, 1, 4, 2, 1)
5574	(0, 0, 0, 0, 0, 3, 2, 6, 1, 4, 2, 1)
5575	(0, 0, 0, 0, 0, 3, 2, 5, 1, 4, 1, 2)
5576	(0, 0, 0, 0, 0, 2, 3, 6, 1, 4, 2, 1)
5577	(0, 0, 0, 0, 0, 2, 3, 5, 1, 4, 1, 2)
5578	(0, 0, 0, 0, 0, 2, 2, 6, 1, 4, 1, 2)
5579	(0, 0, 0, 0, 0, 2, 2, 4, 5, 5, 0, 1)
5580	(0, 0, 0, 0, 0, 3, 2, 4, 4, 4, 1, 1)
5581	(0, 0, 0, 0, 0, 2, 3, 4, 4, 4, 1, 1)
5582	(0, 0, 0, 0, 0, 2, 2, 4, 4, 4, 0, 2)
5583	(0, 0, 0, 0, 0, 3, 3, 4, 2, 4, 2, 1)
5584	(0, 0, 0, 0, 0, 3, 2, 4, 3, 4, 2, 1)
5585	(0, 0, 0, 0, 0, 3, 2, 4, 2, 4, 1, 2)
5586	(0, 0, 0, 0, 0, 2, 3, 4, 3, 4, 2, 1)
5587	(0, 0, 0, 0, 0, 2, 3, 4, 2, 4, 1, 2)
5588	(0, 0, 0, 0, 0, 2, 2, 4, 3, 4, 1, 2)
5589	(0, 0, 0, 0, 0, 3, 3, 4, 1, 3, 2, 2)
5590	(0, 0, 0, 0, 0, 3, 2, 2, 5, 5, 1, 1)
5591	(0, 0, 0, 0, 0, 2, 3, 2, 5, 5, 1, 1)
5592	(0, 0, 0, 0, 0, 2, 2, 3, 5, 5, 1, 1)
5593	(0, 0, 0, 0, 0, 2, 2, 2, 6, 5, 1, 1)
5594	(0, 0, 0, 0, 0, 2, 2, 2, 5, 5, 0, 2)
5595	(0, 0, 0, 0, 0, 3, 3, 2, 4, 4, 2, 1)
5596	(0, 0, 0, 0, 0, 3, 2, 3, 4, 4, 2, 1)
5597	(0, 0, 0, 0, 0, 3, 2, 2, 4, 4, 1, 2)
5598	(0, 0, 0, 0, 0, 2, 3, 3, 4, 4, 2, 1)
5599	(0, 0, 0, 0, 0, 2, 3, 2, 4, 4, 1, 2)
5600	(0, 0, 0, 0, 0, 2, 2, 3, 4, 4, 1, 2)
5601	(0, 0, 0, 0, 0, 3, 3, 3, 2, 4, 3, 1)
5602	(0, 0, 0, 0, 0, 3, 3, 2, 3, 4, 3, 1)
5603	(0, 0, 0, 0, 0, 3, 3, 2, 2, 4, 2, 2)
5604	(0, 0, 0, 0, 0, 3, 2, 3, 3, 4, 3, 1)
5605	(0, 0, 0, 0, 0, 3, 2, 3, 2, 4, 2, 2)
5606	(0, 0, 0, 0, 0, 3, 2, 2, 3, 4, 2, 2)
5607	(0, 0, 0, 0, 0, 2, 3, 3, 3, 4, 3, 1)
5608	(0, 0, 0, 0, 0, 2, 3, 3, 2, 4, 2, 2)
5609	(0, 0, 0, 0, 0, 2, 3, 2, 3, 4, 2, 2)
5610	(0, 0, 0, 0, 0, 2, 2, 3, 3, 4, 2, 2)
5611	(0, 0, 0, 0, 0, 3, 3, 3, 1, 3, 3, 2)
5612	(0, 0, 0, 0, 0, 3, 3, 1, 5, 4, 2, 1)
5613	(0, 0, 0, 0, 0, 3, 2, 1, 6, 4, 2, 1)
5614	(0, 0, 0, 0, 0, 3, 2, 1, 5, 4, 1, 2)
5615	(0, 0, 0, 0, 0, 2, 3, 1, 6, 4, 2, 1)
5616	(0, 0, 0, 0, 0, 2, 3, 1, 5, 4, 1, 2)
5617	(0, 0, 0, 0, 0, 2, 2, 1, 6, 4, 1, 2)
5618	(0, 0, 0, 0, 0, 3, 3, 1, 4, 3, 2, 2)
5619	(0, 0, 0, 0, 0, 3, 3, 1, 3, 3, 3, 2)
5620	(0, 0, 0, 0, 0, 2, 1, 5, 5, 5, 0, 1)
5621	(0, 0, 0, 0, 0, 3, 1, 5, 4, 4, 1, 1)
5622	(0, 0, 0, 0, 0, 2, 1, 6, 4, 4, 1, 1)
5623	(0, 0, 0, 0, 0, 2, 1, 5, 4, 4, 0, 2)
5624	(0, 0, 0, 0, 0, 3, 1, 6, 2, 4, 2, 1)
5625	(0, 0, 0, 0, 0, 3, 1, 5, 3, 4, 2, 1)
5626	(0, 0, 0, 0, 0, 3, 1, 5, 2, 4, 1, 2)
5627	(0, 0, 0, 0, 0, 2, 1, 6, 3, 4, 2, 1)
5628	(0, 0, 0, 0, 0, 2, 1, 6, 2, 4, 1, 2)
5629	(0, 0, 0, 0, 0, 2, 1, 5, 3, 4, 1, 2)
5630	(0, 0, 0, 0, 0, 3, 1, 6, 1, 3, 2, 2)
5631	(0, 0, 0, 0, 0, 3, 1, 4, 5, 4, 1, 1)
5632	(0, 0, 0, 0, 0, 2, 1, 4, 6, 4, 1, 1)
5633	(0, 0, 0, 0, 0, 2, 1, 4, 5, 4, 0, 2)
5634	(0, 0, 0, 0, 0, 3, 1, 4, 4, 3, 1, 2)
5635	(0, 0, 0, 0, 0, 3, 1, 4, 3, 3, 2, 2)
5636	(0, 0, 0, 0, 0, 3, 1, 3, 5, 4, 2, 1)
5637	(0, 0, 0, 0, 0, 3, 1, 2, 6, 4, 2, 1)
5638	(0, 0, 0, 0, 0, 3, 1, 2, 5, 4, 1, 2)
5639	(0, 0, 0, 0, 0, 2, 1, 3, 6, 4, 2, 1)
5640	(0, 0, 0, 0, 0, 2, 1, 3, 5, 4, 1, 2)
5641	(0, 0, 0, 0, 0, 2, 1, 2, 6, 4, 1, 2)
5642	(0, 0, 0, 0, 0, 3, 1, 3, 4, 3, 2, 2)
5643	(0, 0, 0, 0, 0, 3, 1, 3, 3, 3, 3, 2)
5644	(0, 0, 0, 0, 0, 3, 1, 1, 6, 3, 2, 2)
5645	(0, 0, 0, 0, 0, 1, 5, 5, 2, 5, 0, 1)
5646	(0, 0, 0, 0, 0, 1, 6, 5, 1, 4, 1, 1)
5647	(0, 0, 0, 0, 0, 1, 5, 6, 1, 4, 1, 1)
5648	(0, 0, 0, 0, 0, 1, 5, 5, 1, 4, 0, 2)
5649	(0, 0, 0, 0, 0, 1, 5, 4, 4, 4, 0, 1)
5650	(0, 0, 0, 0, 0, 1, 6, 4, 2, 4, 1, 1)
5651	(0, 0, 0, 0, 0, 1, 5, 4, 3, 4, 1, 1)
5652	(0, 0, 0, 0, 0, 1, 5, 4, 2, 4, 0, 2)
5653	(0, 0, 0, 0, 0, 1, 6, 4, 1, 3, 1, 2)
5654	(0, 0, 0, 0, 0, 1, 5, 2, 5, 5, 0, 1)
5655	(0, 0, 0, 0, 0, 1, 6, 2, 4, 4, 1, 1)
5656	(0, 0, 0, 0, 0, 1, 5, 3, 4, 4, 1, 1)
5657	(0, 0, 0, 0, 0, 1, 5, 2, 4, 4, 0, 2)
5658	(0, 0, 0, 0, 0, 1, 6, 3, 2, 4, 2, 1)
5659	(0, 0, 0, 0, 0, 1, 6, 2, 3, 4, 2, 1)
5660	(0, 0, 0, 0, 0, 1, 6, 2, 2, 4, 1, 2)
5661	(0, 0, 0, 0, 0, 1, 5, 3, 3, 4, 2, 1)
5662	(0, 0, 0, 0, 0, 1, 5, 3, 2, 4, 1, 2)
5663	(0, 0, 0, 0, 0, 1, 5, 2, 3, 4, 1, 2)
5664	(0, 0, 0, 0, 0, 1, 6, 3, 1, 3, 2, 2)
5665	(0, 0, 0, 0, 0, 1, 6, 1, 5, 4, 1, 1)
5666	(0, 0, 0, 0, 0, 1, 5, 1, 6, 4, 1, 1)
5667	(0, 0, 0, 0, 0, 1, 5, 1, 5, 4, 0, 2)
5668	(0, 0, 0, 0, 0, 1, 6, 1, 4, 3, 1, 2)
5669	(0, 0, 0, 0, 0, 1, 6, 1, 3, 3, 2, 2)
5670	(0, 0, 0, 0, 0, 1, 4, 5, 4, 4, 0, 1)
5671	(0, 0, 0, 0, 0, 1, 4, 6, 2, 4, 1, 1)
5672	(0, 0, 0, 0, 0, 1, 4, 5, 3, 4, 1, 1)
5673	(0, 0, 0, 0, 0, 1, 4, 5, 2, 4, 0, 2)
5674	(0, 0, 0, 0, 0, 1, 4, 6, 1, 3, 1, 2)
5675	(0, 0, 0, 0, 0, 1, 4, 4, 5, 4, 0, 1)
5676	(0, 0, 0, 0, 0, 1, 4, 4, 4, 3, 0, 2)
5677	(0, 0, 0, 0, 0, 1, 4, 4, 3, 3, 1, 2)
5678	(0, 0, 0, 0, 0, 1, 4, 3, 5, 4, 1, 1)
5679	(0, 0, 0, 0, 0, 1, 4, 2, 6, 4, 1, 1)
5680	(0, 0, 0, 0, 0, 1, 4, 2, 5, 4, 0, 2)
5681	(0, 0, 0, 0, 0, 1, 4, 3, 4, 3, 1, 2)
5682	(0, 0, 0, 0, 0, 1, 4, 3, 3, 3, 2, 2)
5683	(0, 0, 0, 0, 0, 1, 4, 1, 6, 3, 1, 2)
5684	(0, 0, 0, 0, 0, 1, 2, 5, 5, 5, 0, 1)
5685	(0, 0, 0, 0, 0, 1, 3, 5, 4, 4, 1, 1)
5686	(0, 0, 0, 0, 0, 1, 2, 6, 4, 4, 1, 1)
5687	(0, 0, 0, 0, 0, 1, 2, 5, 4, 4, 0, 2)
5688	(0, 0, 0, 0, 0, 1, 3, 6, 2, 4, 2, 1)
5689	(0, 0, 0, 0, 0, 1, 3, 5, 3, 4, 2, 1)
5690	(0, 0, 0, 0, 0, 1, 3, 5, 2, 4, 1, 2)
5691	(0, 0, 0, 0, 0, 1, 2, 6, 3, 4, 2, 1)
5692	(0, 0, 0, 0, 0, 1, 2, 6, 2, 4, 1, 2)
5693	(0, 0, 0, 0, 0, 1, 2, 5, 3, 4, 1, 2)
5694	(0, 0, 0, 0, 0, 1, 3, 6, 1, 3, 2, 2)
5695	(0, 0, 0, 0, 0, 1, 3, 4, 5, 4, 1, 1)
5696	(0, 0, 0, 0, 0, 1, 2, 4, 6, 4, 1, 1)
5697	(0, 0, 0, 0, 0, 1, 2, 4, 5, 4, 0, 2)
5698	(0, 0, 0, 0, 0, 1, 3, 4, 4, 3, 1, 2)
5699	(0, 0, 0, 0, 0, 1, 3, 4, 3, 3, 2, 2)
5700	(0, 0, 0, 0, 0, 1, 3, 3, 5, 4, 2, 1)
5701	(0, 0, 0, 0, 0, 1, 3, 2, 6, 4, 2, 1)
5702	(0, 0, 0, 0, 0, 1, 3, 2, 5, 4, 1, 2)
5703	(0, 0, 0, 0, 0, 1, 2, 3, 6, 4, 2, 1)
5704	(0, 0, 0, 0, 0, 1, 2, 3, 5, 4, 1, 2)
5705	(0, 0, 0, 0, 0, 1, 2, 2, 6, 4, 1, 2)
5706	(0, 0, 0, 0, 0, 1, 3, 3, 4, 3, 2, 2)
5707	(0, 0, 0, 0, 0, 1, 3, 3, 3, 3, 3, 2)
5708	(0, 0, 0, 0, 0, 1, 3, 1, 6, 3, 2, 2)
5709	(0, 0, 0, 0, 0, 1, 1, 6, 5, 4, 1, 1)
5710	(0, 0, 0, 0, 0, 1, 1, 5, 6, 4, 1, 1)
5711	(0, 0, 0, 0, 0, 1, 1, 5, 5, 4, 0, 2)
5712	(0, 0, 0, 0, 0, 1, 1, 6, 4, 3, 1, 2)
5713	(0, 0, 0, 0, 0, 1, 1, 6, 3, 3, 2, 2)
5714	(0, 0, 0, 0, 0, 1, 1, 4, 6, 3, 1, 2)
5715	(0, 0, 0, 0, 0, 1, 1, 3, 6, 3, 2, 2)
5716	(0, 0, 0, 0, 0, 0, 5, 5, 4, 5, 0, 1)
5717	(0, 0, 0, 0, 0, 0, 6, 5, 2, 5, 1, 1)
5718	(0, 0, 0, 0, 0, 0, 5, 6, 2, 5, 1, 1)
5719	(0, 0, 0, 0, 0, 0, 5, 5, 3, 5, 1, 1)
5720	(0, 0, 0, 0, 0, 0, 5, 5, 2, 5, 0, 2)
5721	(0, 0, 0, 0, 0, 0, 6, 6, 1, 4, 2, 1)
5722	(0, 0, 0, 0, 0, 0, 6, 5, 1, 4, 1, 2)
5723	(0, 0, 0, 0, 0, 0, 5, 6, 1, 4, 1, 2)
5724	(0, 0, 0, 0, 0, 0, 5, 4, 5, 5, 0, 1)
5725	(0, 0, 0, 0, 0, 0, 6, 4, 4, 4, 1, 1)
5726	(0, 0, 0, 0, 0, 0, 5, 4, 4, 4, 0, 2)
5727	(0, 0, 0, 0, 0, 0, 6, 4, 3, 4, 2, 1)
5728	(0, 0, 0, 0, 0, 0, 6, 4, 2, 4, 1, 2)
5729	(0, 0, 0, 0, 0, 0, 5, 4, 3, 4, 1, 2)
5730	(0, 0, 0, 0, 0, 0, 6, 2, 5, 5, 1, 1)
5731	(0, 0, 0, 0, 0, 0, 5, 3, 5, 5, 1, 1)
5732	(0, 0, 0, 0, 0, 0, 5, 2, 6, 5, 1, 1)
5733	(0, 0, 0, 0, 0, 0, 5, 2, 5, 5, 0, 2)
5734	(0, 0, 0, 0, 0, 0, 6, 3, 4, 4, 2, 1)
5735	(0, 0, 0, 0, 0, 0, 6, 2, 4, 4, 1, 2)
5736	(0, 0, 0, 0, 0, 0, 5, 3, 4, 4, 1, 2)
5737	(0, 0, 0, 0, 0, 0, 6, 3, 3, 4, 3, 1)
5738	(0, 0, 0, 0, 0, 0, 6, 3, 2, 4, 2, 2)
5739	(0, 0, 0, 0, 0, 0, 6, 2, 3, 4, 2, 2)
5740	(0, 0, 0, 0, 0, 0, 5, 3, 3, 4, 2, 2)
5741	(0, 0, 0, 0, 0, 0, 6, 1, 6, 4, 2, 1)
5742	(0, 0, 0, 0, 0, 0, 6, 1, 5, 4, 1, 2)
5743	(0, 0, 0, 0, 0, 0, 5, 1, 6, 4, 1, 2)
5744	(0, 0, 0, 0, 0, 0, 4, 5, 5, 5, 0, 1)
5745	(0, 0, 0, 0, 0, 0, 4, 6, 4, 4, 1, 1)
5746	(0, 0, 0, 0, 0, 0, 4, 5, 4, 4, 0, 2)
5747	(0, 0, 0, 0, 0, 0, 4, 6, 3, 4, 2, 1)
5748	(0, 0, 0, 0, 0, 0, 4, 6, 2, 4, 1, 2)
5749	(0, 0, 0, 0, 0, 0, 4, 5, 3, 4, 1, 2)
5750	(0, 0, 0, 0, 0, 0, 4, 4, 6, 4, 1, 1)
5751	(0, 0, 0, 0, 0, 0, 4, 4, 5, 4, 0, 2)
5752	(0, 0, 0, 0, 0, 0, 4, 3, 6, 4, 2, 1)
5753	(0, 0, 0, 0, 0, 0, 4, 3, 5, 4, 1, 2)
5754	(0, 0, 0, 0, 0, 0, 4, 2, 6, 4, 1, 2)
5755	(0, 0, 0, 0, 0, 0, 3, 5, 5, 5, 1, 1)
5756	(0, 0, 0, 0, 0, 0, 2, 6, 5, 5, 1, 1)
5757	(0, 0, 0, 0, 0, 0, 2, 5, 6, 5, 1, 1)
5758	(0, 0, 0, 0, 0, 0, 2, 5, 5, 5, 0, 2)
5759	(0, 0, 0, 0, 0, 0, 3, 6, 4, 4, 2, 1)
5760	(0, 0, 0, 0, 0, 0, 3, 5, 4, 4, 1, 2)
5761	(0, 0, 0, 0, 0, 0, 2, 6, 4, 4, 1, 2)
5762	(0, 0, 0, 0, 0, 0, 3, 6, 3, 4, 3, 1)
5763	(0, 0, 0, 0, 0, 0, 3, 6, 2, 4, 2, 2)
5764	(0, 0, 0, 0, 0, 0, 3, 5, 3, 4, 2, 2)
5765	(0, 0, 0, 0, 0, 0, 2, 6, 3, 4, 2, 2)
5766	(0, 0, 0, 0, 0, 0, 3, 4, 6, 4, 2, 1)
5767	(0, 0, 0, 0, 0, 0, 3, 4, 5, 4, 1, 2)
5768	(0, 0, 0, 0, 0, 0, 2, 4, 6, 4, 1, 2)
5769	(0, 0, 0, 0, 0, 0, 3, 3, 6, 4, 3, 1)
5770	(0, 0, 0, 0, 0, 0, 3, 3, 5, 4, 2, 2)
5771	(0, 0, 0, 0, 0, 0, 3, 2, 6, 4, 2, 2)
5772	(0, 0, 0, 0, 0, 0, 2, 3, 6, 4, 2, 2)
5773	(0, 0, 0, 0, 0, 0, 1, 6, 6, 4, 2, 1)
5774	(0, 0, 0, 0, 0, 0, 1, 6, 5, 4, 1, 2)
5775	(0, 0, 0, 0, 0, 0, 1, 5, 6, 4, 1, 2)
5776	(0, 0, 0, 0, 0, 5, 5, 0, 4, 5, 0, 1)
5777	(0, 0, 0, 0, 0, 6, 5, 0, 2, 5, 1, 1)
5778	(0, 0, 0, 0, 0, 5, 6, 0, 2, 5, 1, 1)
5779	(0, 0, 0, 0, 0, 5, 5, 0, 3, 5, 1, 1)
5780	(0, 0, 0, 0, 0, 5, 5, 0, 2, 5, 0, 2)
5781	(0, 0, 0, 0, 0, 6, 6, 0, 1, 4, 2, 1)
5782	(0, 0, 0, 0, 0, 6, 5, 0, 1, 4, 1, 2)
5783	(0, 0, 0, 0, 0, 5, 6, 0, 1, 4, 1, 2)
5784	(0, 0, 0, 0, 0, 5, 4, 0, 5, 5, 0, 1)
5785	(0, 0, 0, 0, 0, 6, 4, 0, 4, 4, 1, 1)
5786	(0, 0, 0, 0, 0, 5, 4, 0, 4, 4, 0, 2)
5787	(0, 0, 0, 0, 0, 6, 4, 0, 3, 4, 2, 1)
5788	(0, 0, 0, 0, 0, 6, 4, 0, 2, 4, 1, 2)
5789	(0, 0, 0, 0, 0, 5, 4, 0, 3, 4, 1, 2)
5790	(0, 0, 0, 0, 0, 6, 2, 0, 5, 5, 1, 1)
5791	(0, 0, 0, 0, 0, 5, 3, 0, 5, 5, 1, 1)
5792	(0, 0, 0, 0, 0, 5, 2, 0, 6, 5, 1, 1)
5793	(0, 0, 0, 0, 0, 5, 2, 0, 5, 5, 0, 2)
5794	(0, 0, 0, 0, 0, 6, 3, 0, 4, 4, 2, 1)
5795	(0, 0, 0, 0, 0, 6, 2, 0, 4, 4, 1, 2)
5796	(0, 0, 0, 0, 0, 5, 3, 0, 4, 4, 1, 2)
5797	(0, 0, 0, 0, 0, 6, 3, 0, 3, 4, 3, 1)
5798	(0, 0, 0, 0, 0, 6, 3, 0, 2, 4, 2, 2)
5799	(0, 0, 0, 0, 0, 6, 2, 0, 3, 4, 2, 2)
5800	(0, 0, 0, 0, 0, 5, 3, 0, 3, 4, 2, 2)
5801	(0, 0, 0, 0, 0, 6, 1, 0, 6, 4, 2, 1)
5802	(0, 0, 0, 0, 0, 6, 1, 0, 5, 4, 1, 2)
5803	(0, 0, 0, 0, 0, 5, 1, 0, 6, 4, 1, 2)
5804	(0, 0, 0, 0, 0, 4, 5, 0, 5, 5, 0, 1)
5805	(0, 0, 0, 0, 0, 4, 6, 0, 4, 4, 1, 1)
5806	(0, 0, 0, 0, 0, 4, 5, 0, 4, 4, 0, 2)
5807	(0, 0, 0, 0, 0, 4, 6, 0, 3, 4, 2, 1)
5808	(0, 0, 0, 0, 0, 4, 6, 0, 2, 4, 1, 2)
5809	(0, 0, 0, 0, 0, 4, 5, 0, 3, 4, 1, 2)
5810	(0, 0, 0, 0, 0, 4, 4, 0, 6, 4, 1, 1)
5811	(0, 0, 0, 0, 0, 4, 4, 0, 5, 4, 0, 2)
5812	(0, 0, 0, 0, 0, 4, 3, 0, 6, 4, 2, 1)
5813	(0, 0, 0, 0, 0, 4, 3, 0, 5, 4, 1, 2)
5814	(0, 0, 0, 0, 0, 4, 2, 0, 6, 4, 1, 2)
5815	(0, 0, 0, 0, 0, 3, 5, 0, 5, 5, 1, 1)
5816	(0, 0, 0, 0, 0, 2, 6, 0, 5, 5, 1, 1)
5817	(0, 0, 0, 0, 0, 2, 5, 0, 6, 5, 1, 1)
5818	(0, 0, 0, 0, 0, 2, 5, 0, 5, 5, 0, 2)
5819	(0, 0, 0, 0, 0, 3, 6, 0, 4, 4, 2, 1)
5820	(0, 0, 0, 0, 0, 3, 5, 0, 4, 4, 1, 2)
5821	(0, 0, 0, 0, 0, 2, 6, 0, 4, 4, 1, 2)
5822	(0, 0, 0, 0, 0, 3, 6, 0, 3, 4, 3, 1)
5823	(0, 0, 0, 0, 0, 3, 6, 0, 2, 4, 2, 2)
5824	(0, 0, 0, 0, 0, 3, 5, 0, 3, 4, 2, 2)
5825	(0, 0, 0, 0, 0, 2, 6, 0, 3, 4, 2, 2)
5826	(0, 0, 0, 0, 0, 3, 4, 0, 6, 4, 2, 1)
5827	(0, 0, 0, 0, 0, 3, 4, 0, 5, 4, 1, 2)
5828	(0, 0, 0, 0, 0, 2, 4, 0, 6, 4, 1, 2)
5829	(0, 0, 0, 0, 0, 3, 3, 0, 6, 4, 3, 1)
5830	(0, 0, 0, 0, 0, 3, 3, 0, 5, 4, 2, 2)
5831	(0, 0, 0, 0, 0, 3, 2, 0, 6, 4, 2, 2)
5832	(0, 0, 0, 0, 0, 2, 3, 0, 6, 4, 2, 2)
5833	(0, 0, 0, 0, 0, 1, 6, 0, 6, 4, 2, 1)
5834	(0, 0, 0, 0, 0, 1, 6, 0, 5, 4, 1, 2)
5835	(0, 0, 0, 0, 0, 1, 5, 0, 6, 4, 1, 2)
5836	(0, 0, 0, 0, 0, 0, 6, 0, 6, 4, 2, 2)
5837	(0, 0, 0, 0, 0, 0, 0, 6, 6, 4, 2, 2)
5838	(1, 0, 0, 1, 0, 0, 0, 6, 6, 4, 2, 2)
5839	(0, 0, 0, 1, 0, 5, 5, 4, 1, 5, 0, 0)
5840	(0, 0, 0, 1, 0, 5, 5, 2, 2, 6, 0, 0)
5841	(0, 0, 0, 1, 0, 6, 5, 2, 1, 5, 1, 0)
5842	(0, 0, 0, 1, 0, 5, 6, 2, 1, 5, 1, 0)
5843	(0, 0, 0, 1, 0, 5, 5, 3, 1, 5, 1, 0)
5844	(0, 0, 0, 1, 0, 5, 5, 1, 4, 5, 0, 0)
5845	(0, 0, 0, 1, 0, 6, 5, 1, 2, 5, 1, 0)
5846	(0, 0, 0, 1, 0, 5, 6, 1, 2, 5, 1, 0)
5847	(0, 0, 0, 1, 0, 5, 5, 1, 3, 5, 1, 0)
5848	(0, 0, 0, 1, 0, 6, 6, 1, 1, 4, 2, 0)
5849	(0, 0, 0, 1, 0, 5, 4, 5, 1, 5, 0, 0)
5850	(0, 0, 0, 1, 0, 5, 4, 4, 2, 5, 0, 0)
5851	(0, 0, 0, 1, 0, 6, 4, 4, 1, 4, 1, 0)
5852	(0, 0, 0, 1, 0, 5, 4, 2, 4, 5, 0, 0)
5853	(0, 0, 0, 1, 0, 6, 4, 2, 2, 5, 1, 0)
5854	(0, 0, 0, 1, 0, 5, 4, 3, 2, 5, 1, 0)
5855	(0, 0, 0, 1, 0, 5, 4, 2, 3, 5, 1, 0)
5856	(0, 0, 0, 1, 0, 6, 4, 3, 1, 4, 2, 0)
5857	(0, 0, 0, 1, 0, 5, 4, 1, 5, 5, 0, 0)
5858	(0, 0, 0, 1, 0, 6, 4, 1, 4, 4, 1, 0)
5859	(0, 0, 0, 1, 0, 6, 4, 1, 3, 4, 2, 0)
5860	(0, 0, 0, 1, 0, 5, 2, 5, 2, 6, 0, 0)
5861	(0, 0, 0, 1, 0, 6, 2, 5, 1, 5, 1, 0)
5862	(0, 0, 0, 1, 0, 5, 3, 5, 1, 5, 1, 0)
5863	(0, 0, 0, 1, 0, 5, 2, 6, 1, 5, 1, 0)
5864	(0, 0, 0, 1, 0, 5, 2, 4, 4, 5, 0, 0)
5865	(0, 0, 0, 1, 0, 6, 2, 4, 2, 5, 1, 0)
5866	(0, 0, 0, 1, 0, 5, 3, 4, 2, 5, 1, 0)
5867	(0, 0, 0, 1, 0, 5, 2, 4, 3, 5, 1, 0)
5868	(0, 0, 0, 1, 0, 6, 3, 4, 1, 4, 2, 0)
5869	(0, 0, 0, 1, 0, 5, 2, 2, 5, 6, 0, 0)
5870	(0, 0, 0, 1, 0, 6, 2, 2, 4, 5, 1, 0)
5871	(0, 0, 0, 1, 0, 5, 3, 2, 4, 5, 1, 0)
5872	(0, 0, 0, 1, 0, 5, 2, 3, 4, 5, 1, 0)
5873	(0, 0, 0, 1, 0, 6, 3, 2, 2, 5, 2, 0)
5874	(0, 0, 0, 1, 0, 6, 2, 3, 2, 5, 2, 0)
5875	(0, 0, 0, 1, 0, 6, 2, 2, 3, 5, 2, 0)
5876	(0, 0, 0, 1, 0, 5, 3, 3, 2, 5, 2, 0)
5877	(0, 0, 0, 1, 0, 5, 3, 2, 3, 5, 2, 0)
5878	(0, 0, 0, 1, 0, 5, 2, 3, 3, 5, 2, 0)
5879	(0, 0, 0, 1, 0, 6, 3, 3, 1, 4, 3, 0)
5880	(0, 0, 0, 1, 0, 6, 2, 1, 5, 5, 1, 0)
5881	(0, 0, 0, 1, 0, 5, 3, 1, 5, 5, 1, 0)
5882	(0, 0, 0, 1, 0, 5, 2, 1, 6, 5, 1, 0)
5883	(0, 0, 0, 1, 0, 6, 3, 1, 4, 4, 2, 0)
5884	(0, 0, 0, 1, 0, 6, 3, 1, 3, 4, 3, 0)
5885	(0, 0, 0, 1, 0, 5, 1, 5, 4, 5, 0, 0)
5886	(0, 0, 0, 1, 0, 6, 1, 5, 2, 5, 1, 0)
5887	(0, 0, 0, 1, 0, 5, 1, 6, 2, 5, 1, 0)
5888	(0, 0, 0, 1, 0, 5, 1, 5, 3, 5, 1, 0)
5889	(0, 0, 0, 1, 0, 6, 1, 6, 1, 4, 2, 0)
5890	(0, 0, 0, 1, 0, 5, 1, 4, 5, 5, 0, 0)
5891	(0, 0, 0, 1, 0, 6, 1, 4, 4, 4, 1, 0)
5892	(0, 0, 0, 1, 0, 6, 1, 4, 3, 4, 2, 0)
5893	(0, 0, 0, 1, 0, 6, 1, 2, 5, 5, 1, 0)
5894	(0, 0, 0, 1, 0, 5, 1, 3, 5, 5, 1, 0)
5895	(0, 0, 0, 1, 0, 5, 1, 2, 6, 5, 1, 0)
5896	(0, 0, 0, 1, 0, 6, 1, 3, 4, 4, 2, 0)
5897	(0, 0, 0, 1, 0, 6, 1, 3, 3, 4, 3, 0)
5898	(0, 0, 0, 1, 0, 6, 1, 1, 6, 4, 2, 0)
5899	(0, 0, 0, 1, 0, 4, 5, 5, 1, 5, 0, 0)
5900	(0, 0, 0, 1, 0, 4, 5, 4, 2, 5, 0, 0)
5901	(0, 0, 0, 1, 0, 4, 6, 4, 1, 4, 1, 0)
5902	(0, 0, 0, 1, 0, 4, 5, 2, 4, 5, 0, 0)
5903	(0, 0, 0, 1, 0, 4, 6, 2, 2, 5, 1, 0)
5904	(0, 0, 0, 1, 0, 4, 5, 3, 2, 5, 1, 0)
5905	(0, 0, 0, 1, 0, 4, 5, 2, 3, 5, 1, 0)
5906	(0, 0, 0, 1, 0, 4, 6, 3, 1, 4, 2, 0)
5907	(0, 0, 0, 1, 0, 4, 5, 1, 5, 5, 0, 0)
5908	(0, 0, 0, 1, 0, 4, 6, 1, 4, 4, 1, 0)
5909	(0, 0, 0, 1, 0, 4, 6, 1, 3, 4, 2, 0)
5910	(0, 0, 0, 1, 0, 4, 4, 5, 2, 5, 0, 0)
5911	(0, 0, 0, 1, 0, 4, 4, 6, 1, 4, 1, 0)
5912	(0, 0, 0, 1, 0, 4, 4, 4, 4, 4, 0, 0)
5913	(0, 0, 0, 1, 0, 4, 4, 4, 3, 4, 1, 0)
5914	(0, 0, 0, 1, 0, 4, 4, 2, 5, 5, 0, 0)
5915	(0, 0, 0, 1, 0, 4, 4, 3, 4, 4, 1, 0)
5916	(0, 0, 0, 1, 0, 4, 4, 3, 3, 4, 2, 0)
5917	(0, 0, 0, 1, 0, 4, 4, 1, 6, 4, 1, 0)
5918	(0, 0, 0, 1, 0, 4, 2, 5, 4, 5, 0, 0)
5919	(0, 0, 0, 1, 0, 4, 3, 5, 2, 5, 1, 0)
5920	(0, 0, 0, 1, 0, 4, 2, 6, 2, 5, 1, 0)
5921	(0, 0, 0, 1, 0, 4, 2, 5, 3, 5, 1, 0)
5922	(0, 0, 0, 1, 0, 4, 3, 6, 1, 4, 2, 0)
5923	(0, 0, 0, 1, 0, 4, 2, 4, 5, 5, 0, 0)
5924	(0, 0, 0, 1, 0, 4, 3, 4, 4, 4, 1, 0)
5925	(0, 0, 0, 1, 0, 4, 3, 4, 3, 4, 2, 0)
5926	(0, 0, 0, 1, 0, 4, 3, 2, 5, 5, 1, 0)
5927	(0, 0, 0, 1, 0, 4, 2, 3, 5, 5, 1, 0)
5928	(0, 0, 0, 1, 0, 4, 2, 2, 6, 5, 1, 0)
5929	(0, 0, 0, 1, 0, 4, 3, 3, 4, 4, 2, 0)
5930	(0, 0, 0, 1, 0, 4, 3, 3, 3, 4, 3, 0)
5931	(0, 0, 0, 1, 0, 4, 3, 1, 6, 4, 2, 0)
5932	(0, 0, 0, 1, 0, 4, 1, 5, 5, 5, 0, 0)
5933	(0, 0, 0, 1, 0, 4, 1, 6, 4, 4, 1, 0)
5934	(0, 0, 0, 1, 0, 4, 1, 6, 3, 4, 2, 0)
5935	(0, 0, 0, 1, 0, 4, 1, 4, 6, 4, 1, 0)
5936	(0, 0, 0, 1, 0, 4, 1, 3, 6, 4, 2, 0)
5937	(0, 0, 0, 1, 0, 2, 5, 5, 2, 6, 0, 0)
5938	(0, 0, 0, 1, 0, 3, 5, 5, 1, 5, 1, 0)
5939	(0, 0, 0, 1, 0, 2, 6, 5, 1, 5, 1, 0)
5940	(0, 0, 0, 1, 0, 2, 5, 6, 1, 5, 1, 0)
5941	(0, 0, 0, 1, 0, 2, 5, 4, 4, 5, 0, 0)
5942	(0, 0, 0, 1, 0, 3, 5, 4, 2, 5, 1, 0)
5943	(0, 0, 0, 1, 0, 2, 6, 4, 2, 5, 1, 0)
5944	(0, 0, 0, 1, 0, 2, 5, 4, 3, 5, 1, 0)
5945	(0, 0, 0, 1, 0, 3, 6, 4, 1, 4, 2, 0)
5946	(0, 0, 0, 1, 0, 2, 5, 2, 5, 6, 0, 0)
5947	(0, 0, 0, 1, 0, 3, 5, 2, 4, 5, 1, 0)
5948	(0, 0, 0, 1, 0, 2, 6, 2, 4, 5, 1, 0)
5949	(0, 0, 0, 1, 0, 2, 5, 3, 4, 5, 1, 0)
5950	(0, 0, 0, 1, 0, 3, 6, 2, 2, 5, 2, 0)
5951	(0, 0, 0, 1, 0, 3, 5, 3, 2, 5, 2, 0)
5952	(0, 0, 0, 1, 0, 3, 5, 2, 3, 5, 2, 0)
5953	(0, 0, 0, 1, 0, 2, 6, 3, 2, 5, 2, 0)
5954	(0, 0, 0, 1, 0, 2, 6, 2, 3, 5, 2, 0)
5955	(0, 0, 0, 1, 0, 2, 5, 3, 3, 5, 2, 0)
5956	(0, 0, 0, 1, 0, 3, 6, 3, 1, 4, 3, 0)
5957	(0, 0, 0, 1, 0, 3, 5, 1, 5, 5, 1, 0)
5958	(0, 0, 0, 1, 0, 2, 6, 1, 5, 5, 1, 0)
5959	(0, 0, 0, 1, 0, 2, 5, 1, 6, 5, 1, 0)
5960	(0, 0, 0, 1, 0, 3, 6, 1, 4, 4, 2, 0)
5961	(0, 0, 0, 1, 0, 3, 6, 1, 3, 4, 3, 0)
5962	(0, 0, 0, 1, 0, 2, 4, 5, 4, 5, 0, 0)
5963	(0, 0, 0, 1, 0, 3, 4, 5, 2, 5, 1, 0)
5964	(0, 0, 0, 1, 0, 2, 4, 6, 2, 5, 1, 0)
5965	(0, 0, 0, 1, 0, 2, 4, 5, 3, 5, 1, 0)
5966	(0, 0, 0, 1, 0, 3, 4, 6, 1, 4, 2, 0)
5967	(0, 0, 0, 1, 0, 2, 4, 4, 5, 5, 0, 0)
5968	(0, 0, 0, 1, 0, 3, 4, 4, 4, 4, 1, 0)
5969	(0, 0, 0, 1, 0, 3, 4, 4, 3, 4, 2, 0)
5970	(0, 0, 0, 1, 0, 3, 4, 2, 5, 5, 1, 0)
5971	(0, 0, 0, 1, 0, 2, 4, 3, 5, 5, 1, 0)
5972	(0, 0, 0, 1, 0, 2, 4, 2, 6, 5, 1, 0)
5973	(0, 0, 0, 1, 0, 3, 4, 3, 4, 4, 2, 0)
5974	(0, 0, 0, 1, 0, 3, 4, 3, 3, 4, 3, 0)
5975	(0, 0, 0, 1, 0, 3, 4, 1, 6, 4, 2, 0)
5976	(0, 0, 0, 1, 0, 2, 2, 5, 5, 6, 0, 0)
5977	(0, 0, 0, 1, 0, 3, 2, 5, 4, 5, 1, 0)
5978	(0, 0, 0, 1, 0, 2, 3, 5, 4, 5, 1, 0)
5979	(0, 0, 0, 1, 0, 2, 2, 6, 4, 5, 1, 0)
5980	(0, 0, 0, 1, 0, 3, 3, 5, 2, 5, 2, 0)
5981	(0, 0, 0, 1, 0, 3, 2, 6, 2, 5, 2, 0)
5982	(0, 0, 0, 1, 0, 3, 2, 5, 3, 5, 2, 0)
5983	(0, 0, 0, 1, 0, 2, 3, 6, 2, 5, 2, 0)
5984	(0, 0, 0, 1, 0, 2, 3, 5, 3, 5, 2, 0)
5985	(0, 0, 0, 1, 0, 2, 2, 6, 3, 5, 2, 0)
5986	(0, 0, 0, 1, 0, 3, 3, 6, 1, 4, 3, 0)
5987	(0, 0, 0, 1, 0, 3, 2, 4, 5, 5, 1, 0)
5988	(0, 0, 0, 1, 0, 2, 3, 4, 5, 5, 1, 0)
5989	(0, 0, 0, 1, 0, 2, 2, 4, 6, 5, 1, 0)
5990	(0, 0, 0, 1, 0, 3, 3, 4, 4, 4, 2, 0)
5991	(0, 0, 0, 1, 0, 3, 3, 4, 3, 4, 3, 0)
5992	(0, 0, 0, 1, 0, 3, 3, 2, 5, 5, 2, 0)
5993	(0, 0, 0, 1, 0, 3, 2, 3, 5, 5, 2, 0)
5994	(0, 0, 0, 1, 0, 3, 2, 2, 6, 5, 2, 0)
5995	(0, 0, 0, 1, 0, 2, 3, 3, 5, 5, 2, 0)
5996	(0, 0, 0, 1, 0, 2, 3, 2, 6, 5, 2, 0)
5997	(0, 0, 0, 1, 0, 2, 2, 3, 6, 5, 2, 0)
5998	(0, 0, 0, 1, 0, 3, 3, 3, 4, 4, 3, 0)
5999	(0, 0, 0, 1, 0, 3, 3, 3, 3, 4, 4, 0)
6000	(0, 0, 0, 1, 0, 3, 3, 1, 6, 4, 3, 0)
6001	(0, 0, 0, 1, 0, 3, 1, 5, 5, 5, 1, 0)
6002	(0, 0, 0, 1, 0, 2, 1, 6, 5, 5, 1, 0)
6003	(0, 0, 0, 1, 0, 2, 1, 5, 6, 5, 1, 0)
6004	(0, 0, 0, 1, 0, 3, 1, 6, 4, 4, 2, 0)
6005	(0, 0, 0, 1, 0, 3, 1, 6, 3, 4, 3, 0)
6006	(0, 0, 0, 1, 0, 3, 1, 4, 6, 4, 2, 0)
6007	(0, 0, 0, 1, 0, 3, 1, 3, 6, 4, 3, 0)
6008	(0, 0, 0, 1, 0, 1, 5, 5, 4, 5, 0, 0)
6009	(0, 0, 0, 1, 0, 1, 6, 5, 2, 5, 1, 0)
6010	(0, 0, 0, 1, 0, 1, 5, 6, 2, 5, 1, 0)
6011	(0, 0, 0, 1, 0, 1, 5, 5, 3, 5, 1, 0)
6012	(0, 0, 0, 1, 0, 1, 6, 6, 1, 4, 2, 0)
6013	(0, 0, 0, 1, 0, 1, 5, 4, 5, 5, 0, 0)
6014	(0, 0, 0, 1, 0, 1, 6, 4, 4, 4, 1, 0)
6015	(0, 0, 0, 1, 0, 1, 6, 4, 3, 4, 2, 0)
6016	(0, 0, 0, 1, 0, 1, 6, 2, 5, 5, 1, 0)
6017	(0, 0, 0, 1, 0, 1, 5, 3, 5, 5, 1, 0)
6018	(0, 0, 0, 1, 0, 1, 5, 2, 6, 5, 1, 0)
6019	(0, 0, 0, 1, 0, 1, 6, 3, 4, 4, 2, 0)
6020	(0, 0, 0, 1, 0, 1, 6, 3, 3, 4, 3, 0)
6021	(0, 0, 0, 1, 0, 1, 6, 1, 6, 4, 2, 0)
6022	(0, 0, 0, 1, 0, 1, 4, 5, 5, 5, 0, 0)
6023	(0, 0, 0, 1, 0, 1, 4, 6, 4, 4, 1, 0)
6024	(0, 0, 0, 1, 0, 1, 4, 6, 3, 4, 2, 0)
6025	(0, 0, 0, 1, 0, 1, 4, 4, 6, 4, 1, 0)
6026	(0, 0, 0, 1, 0, 1, 4, 3, 6, 4, 2, 0)
6027	(0, 0, 0, 1, 0, 1, 3, 5, 5, 5, 1, 0)
6028	(0, 0, 0, 1, 0, 1, 2, 6, 5, 5, 1, 0)
6029	(0, 0, 0, 1, 0, 1, 2, 5, 6, 5, 1, 0)
6030	(0, 0, 0, 1, 0, 1, 3, 6, 4, 4, 2, 0)
6031	(0, 0, 0, 1, 0, 1, 3, 6, 3, 4, 3, 0)
6032	(0, 0, 0, 1, 0, 1, 3, 4, 6, 4, 2, 0)
6033	(0, 0, 0, 1, 0, 1, 3, 3, 6, 4, 3, 0)
6034	(0, 0, 0, 1, 0, 1, 1, 6, 6, 4, 2, 0)
6035	(0, 0, 0, 1, 0, 0, 5, 5, 5, 6, 0, 0)
6036	(0, 0, 0, 1, 0, 0, 6, 5, 4, 5, 1, 0)
6037	(0, 0, 0, 1, 0, 0, 5, 6, 4, 5, 1, 0)
6038	(0, 0, 0, 1, 0, 0, 6, 6, 2, 5, 2, 0)
6039	(0, 0, 0, 1, 0, 0, 6, 5, 3, 5, 2, 0)
6040	(0, 0, 0, 1, 0, 0, 5, 6, 3, 5, 2, 0)
6041	(0, 0, 0, 1, 0, 0, 6, 4, 5, 5, 1, 0)
6042	(0, 0, 0, 1, 0, 0, 5, 4, 6, 5, 1, 0)
6043	(0, 0, 0, 1, 0, 0, 6, 3, 5, 5, 2, 0)
6044	(0, 0, 0, 1, 0, 0, 6, 2, 6, 5, 2, 0)
6045	(0, 0, 0, 1, 0, 0, 5, 3, 6, 5, 2, 0)
6046	(0, 0, 0, 1, 0, 0, 4, 6, 5, 5, 1, 0)
6047	(0, 0, 0, 1, 0, 0, 4, 5, 6, 5, 1, 0)
6048	(0, 0, 0, 1, 0, 0, 3, 6, 5, 5, 2, 0)
6049	(0, 0, 0, 1, 0, 0, 3, 5, 6, 5, 2, 0)
6050	(0, 0, 0, 1, 0, 0, 2, 6, 6, 5, 2, 0)
6051	(0, 0, 0, 1, 0, 5, 5, 0, 5, 6, 0, 0)
6052	(0, 0, 0, 1, 0, 6, 5, 0, 4, 5, 1, 0)
6053	(0, 0, 0, 1, 0, 5, 6, 0, 4, 5, 1, 0)
6054	(0, 0, 0, 1, 0, 6, 6, 0, 2, 5, 2, 0)
6055	(0, 0, 0, 1, 0, 6, 5, 0, 3, 5, 2, 0)
6056	(0, 0, 0, 1, 0, 5, 6, 0, 3, 5, 2, 0)
6057	(0, 0, 0, 1, 0, 6, 4, 0, 5, 5, 1, 0)
6058	(0, 0, 0, 1, 0, 5, 4, 0, 6, 5, 1, 0)
6059	(0, 0, 0, 1, 0, 6, 3, 0, 5, 5, 2, 0)
6060	(0, 0, 0, 1, 0, 6, 2, 0, 6, 5, 2, 0)
6061	(0, 0, 0, 1, 0, 5, 3, 0, 6, 5, 2, 0)
6062	(0, 0, 0, 1, 0, 4, 6, 0, 5, 5, 1, 0)
6063	(0, 0, 0, 1, 0, 4, 5, 0, 6, 5, 1, 0)
6064	(0, 0, 0, 1, 0, 3, 6, 0, 5, 5, 2, 0)
6065	(0, 0, 0, 1, 0, 3, 5, 0, 6, 5, 2, 0)
6066	(0, 0, 0, 1, 0, 2, 6, 0, 6, 5, 2, 0)
6067	(0, 0, 0, 0, 0, 5, 5, 5, 1, 6, 0, 0)
6068	(0, 0, 0, 0, 0, 5, 5, 4, 2, 6, 0, 0)
6069	(0, 0, 0, 0, 0, 6, 5, 4, 1, 5, 1, 0)
6070	(0, 0, 0, 0, 0, 5, 6, 4, 1, 5, 1, 0)
6071	(0, 0, 0, 0, 0, 5, 5, 2, 4, 6, 0, 0)
6072	(0, 0, 0, 0, 0, 6, 5, 2, 2, 6, 1, 0)
6073	(0, 0, 0, 0, 0, 5, 6, 2, 2, 6, 1, 0)
6074	(0, 0, 0, 0, 0, 5, 5, 3, 2, 6, 1, 0)
6075	(0, 0, 0, 0, 0, 5, 5, 2, 3, 6, 1, 0)
6076	(0, 0, 0, 0, 0, 6, 6, 2, 1, 5, 2, 0)
6077	(0, 0, 0, 0, 0, 6, 5, 3, 1, 5, 2, 0)
6078	(0, 0, 0, 0, 0, 5, 6, 3, 1, 5, 2, 0)
6079	(0, 0, 0, 0, 0, 5, 5, 1, 5, 6, 0, 0)
6080	(0, 0, 0, 0, 0, 6, 5, 1, 4, 5, 1, 0)
6081	(0, 0, 0, 0, 0, 5, 6, 1, 4, 5, 1, 0)
6082	(0, 0, 0, 0, 0, 6, 6, 1, 2, 5, 2, 0)
6083	(0, 0, 0, 0, 0, 6, 5, 1, 3, 5, 2, 0)
6084	(0, 0, 0, 0, 0, 5, 6, 1, 3, 5, 2, 0)
6085	(0, 0, 0, 0, 0, 5, 4, 5, 2, 6, 0, 0)
6086	(0, 0, 0, 0, 0, 6, 4, 5, 1, 5, 1, 0)
6087	(0, 0, 0, 0, 0, 5, 4, 6, 1, 5, 1, 0)
6088	(0, 0, 0, 0, 0, 5, 4, 4, 4, 5, 0, 0)
6089	(0, 0, 0, 0, 0, 6, 4, 4, 2, 5, 1, 0)
6090	(0, 0, 0, 0, 0, 5, 4, 4, 3, 5, 1, 0)
6091	(0, 0, 0, 0, 0, 5, 4, 2, 5, 6, 0, 0)
6092	(0, 0, 0, 0, 0, 6, 4, 2, 4, 5, 1, 0)
6093	(0, 0, 0, 0, 0, 5, 4, 3, 4, 5, 1, 0)
6094	(0, 0, 0, 0, 0, 6, 4, 3, 2, 5, 2, 0)
6095	(0, 0, 0, 0, 0, 6, 4, 2, 3, 5, 2, 0)
6096	(0, 0, 0, 0, 0, 5, 4, 3, 3, 5, 2, 0)
6097	(0, 0, 0, 0, 0, 6, 4, 1, 5, 5, 1, 0)
6098	(0, 0, 0, 0, 0, 5, 4, 1, 6, 5, 1, 0)
6099	(0, 0, 0, 0, 0, 5, 2, 5, 4, 6, 0, 0)
6100	(0, 0, 0, 0, 0, 6, 2, 5, 2, 6, 1, 0)
6101	(0, 0, 0, 0, 0, 5, 3, 5, 2, 6, 1, 0)
6102	(0, 0, 0, 0, 0, 5, 2, 6, 2, 6, 1, 0)
6103	(0, 0, 0, 0, 0, 5, 2, 5, 3, 6, 1, 0)
6104	(0, 0, 0, 0, 0, 6, 3, 5, 1, 5, 2, 0)
6105	(0, 0, 0, 0, 0, 6, 2, 6, 1, 5, 2, 0)
6106	(0, 0, 0, 0, 0, 5, 3, 6, 1, 5, 2, 0)
6107	(0, 0, 0, 0, 0, 5, 2, 4, 5, 6, 0, 0)
6108	(0, 0, 0, 0, 0, 6, 2, 4, 4, 5, 1, 0)
6109	(0, 0, 0, 0, 0, 5, 3, 4, 4, 5, 1, 0)
6110	(0, 0, 0, 0, 0, 6, 3, 4, 2, 5, 2, 0)
6111	(0, 0, 0, 0, 0, 6, 2, 4, 3, 5, 2, 0)
6112	(0, 0, 0, 0, 0, 5, 3, 4, 3, 5, 2, 0)
6113	(0, 0, 0, 0, 0, 6, 2, 2, 5, 6, 1, 0)
6114	(0, 0, 0, 0, 0, 5, 3, 2, 5, 6, 1, 0)
6115	(0, 0, 0, 0, 0, 5, 2, 3, 5, 6, 1, 0)
6116	(0, 0, 0, 0, 0, 5, 2, 2, 6, 6, 1, 0)
6117	(0, 0, 0, 0, 0, 6, 3, 2, 4, 5, 2, 0)
6118	(0, 0, 0, 0, 0, 6, 2, 3, 4, 5, 2, 0)
6119	(0, 0, 0, 0, 0, 5, 3, 3, 4, 5, 2, 0)
6120	(0, 0, 0, 0, 0, 6, 3, 3, 2, 5, 3, 0)
6121	(0, 0, 0, 0, 0, 6, 3, 2, 3, 5, 3, 0)
6122	(0, 0, 0, 0, 0, 6, 2, 3, 3, 5, 3, 0)
6123	(0, 0, 0, 0, 0, 5, 3, 3, 3, 5, 3, 0)
6124	(0, 0, 0, 0, 0, 6, 3, 1, 5, 5, 2, 0)
6125	(0, 0, 0, 0, 0, 6, 2, 1, 6, 5, 2, 0)
6126	(0, 0, 0, 0, 0, 5, 3, 1, 6, 5, 2, 0)
6127	(0, 0, 0, 0, 0, 5, 1, 5, 5, 6, 0, 0)
6128	(0, 0, 0, 0, 0, 6, 1, 5, 4, 5, 1, 0)
6129	(0, 0, 0, 0, 0, 5, 1, 6, 4, 5, 1, 0)
6130	(0, 0, 0, 0, 0, 6, 1, 6, 2, 5, 2, 0)
6131	(0, 0, 0, 0, 0, 6, 1, 5, 3, 5, 2, 0)
6132	(0, 0, 0, 0, 0, 5, 1, 6, 3, 5, 2, 0)
6133	(0, 0, 0, 0, 0, 6, 1, 4, 5, 5, 1, 0)
6134	(0, 0, 0, 0, 0, 5, 1, 4, 6, 5, 1, 0)
6135	(0, 0, 0, 0, 0, 6, 1, 3, 5, 5, 2, 0)
6136	(0, 0, 0, 0, 0, 6, 1, 2, 6, 5, 2, 0)
6137	(0, 0, 0, 0, 0, 5, 1, 3, 6, 5, 2, 0)
6138	(0, 0, 0, 0, 0, 4, 5, 5, 2, 6, 0, 0)
6139	(0, 0, 0, 0, 0, 4, 6, 5, 1, 5, 1, 0)
6140	(0, 0, 0, 0, 0, 4, 5, 6, 1, 5, 1, 0)
6141	(0, 0, 0, 0, 0, 4, 5, 4, 4, 5, 0, 0)
6142	(0, 0, 0, 0, 0, 4, 6, 4, 2, 5, 1, 0)
6143	(0, 0, 0, 0, 0, 4, 5, 4, 3, 5, 1, 0)
6144	(0, 0, 0, 0, 0, 4, 5, 2, 5, 6, 0, 0)
6145	(0, 0, 0, 0, 0, 4, 6, 2, 4, 5, 1, 0)
6146	(0, 0, 0, 0, 0, 4, 5, 3, 4, 5, 1, 0)
6147	(0, 0, 0, 0, 0, 4, 6, 3, 2, 5, 2, 0)
6148	(0, 0, 0, 0, 0, 4, 6, 2, 3, 5, 2, 0)
6149	(0, 0, 0, 0, 0, 4, 5, 3, 3, 5, 2, 0)
6150	(0, 0, 0, 0, 0, 4, 6, 1, 5, 5, 1, 0)
6151	(0, 0, 0, 0, 0, 4, 5, 1, 6, 5, 1, 0)
6152	(0, 0, 0, 0, 0, 4, 4, 5, 4, 5, 0, 0)
6153	(0, 0, 0, 0, 0, 4, 4, 6, 2, 5, 1, 0)
6154	(0, 0, 0, 0, 0, 4, 4, 5, 3, 5, 1, 0)
6155	(0, 0, 0, 0, 0, 4, 4, 4, 5, 5, 0, 0)
6156	(0, 0, 0, 0, 0, 4, 4, 3, 5, 5, 1, 0)
6157	(0, 0, 0, 0, 0, 4, 4, 2, 6, 5, 1, 0)
6158	(0, 0, 0, 0, 0, 4, 2, 5, 5, 6, 0, 0)
6159	(0, 0, 0, 0, 0, 4, 3, 5, 4, 5, 1, 0)
6160	(0, 0, 0, 0, 0, 4, 2, 6, 4, 5, 1, 0)
6161	(0, 0, 0, 0, 0, 4, 3, 6, 2, 5, 2, 0)
6162	(0, 0, 0, 0, 0, 4, 3, 5, 3, 5, 2, 0)
6163	(0, 0, 0, 0, 0, 4, 2, 6, 3, 5, 2, 0)
6164	(0, 0, 0, 0, 0, 4, 3, 4, 5, 5, 1, 0)
6165	(0, 0, 0, 0, 0, 4, 2, 4, 6, 5, 1, 0)
6166	(0, 0, 0, 0, 0, 4, 3, 3, 5, 5, 2, 0)
6167	(0, 0, 0, 0, 0, 4, 3, 2, 6, 5, 2, 0)
6168	(0, 0, 0, 0, 0, 4, 2, 3, 6, 5, 2, 0)
6169	(0, 0, 0, 0, 0, 4, 1, 6, 5, 5, 1, 0)
6170	(0, 0, 0, 0, 0, 4, 1, 5, 6, 5, 1, 0)
6171	(0, 0, 0, 0, 0, 2, 5, 5, 4, 6, 0, 0)
6172	(0, 0, 0, 0, 0, 3, 5, 5, 2, 6, 1, 0)
6173	(0, 0, 0, 0, 0, 2, 6, 5, 2, 6, 1, 0)
6174	(0, 0, 0, 0, 0, 2, 5, 6, 2, 6, 1, 0)
6175	(0, 0, 0, 0, 0, 2, 5, 5, 3, 6, 1, 0)
6176	(0, 0, 0, 0, 0, 3, 6, 5, 1, 5, 2, 0)
6177	(0, 0, 0, 0, 0, 3, 5, 6, 1, 5, 2, 0)
6178	(0, 0, 0, 0, 0, 2, 6, 6, 1, 5, 2, 0)
6179	(0, 0, 0, 0, 0, 2, 5, 4, 5, 6, 0, 0)
6180	(0, 0, 0, 0, 0, 3, 5, 4, 4, 5, 1, 0)
6181	(0, 0, 0, 0, 0, 2, 6, 4, 4, 5, 1, 0)
6182	(0, 0, 0, 0, 0, 3, 6, 4, 2, 5, 2, 0)
6183	(0, 0, 0, 0, 0, 3, 5, 4, 3, 5, 2, 0)
6184	(0, 0, 0, 0, 0, 2, 6, 4, 3, 5, 2, 0)
6185	(0, 0, 0, 0, 0, 3, 5, 2, 5, 6, 1, 0)
6186	(0, 0, 0, 0, 0, 2, 6, 2, 5, 6, 1, 0)
6187	(0, 0, 0, 0, 0, 2, 5, 3, 5, 6, 1, 0)
6188	(0, 0, 0, 0, 0, 2, 5, 2, 6, 6, 1, 0)
6189	(0, 0, 0, 0, 0, 3, 6, 2, 4, 5, 2, 0)
6190	(0, 0, 0, 0, 0, 3, 5, 3, 4, 5, 2, 0)
6191	(0, 0, 0, 0, 0, 2, 6, 3, 4, 5, 2, 0)
6192	(0, 0, 0, 0, 0, 3, 6, 3, 2, 5, 3, 0)
6193	(0, 0, 0, 0, 0, 3, 6, 2, 3, 5, 3, 0)
6194	(0, 0, 0, 0, 0, 3, 5, 3, 3, 5, 3, 0)
6195	(0, 0, 0, 0, 0, 2, 6, 3, 3, 5, 3, 0)
6196	(0, 0, 0, 0, 0, 3, 6, 1, 5, 5, 2, 0)
6197	(0, 0, 0, 0, 0, 3, 5, 1, 6, 5, 2, 0)
6198	(0, 0, 0, 0, 0, 2, 6, 1, 6, 5, 2, 0)
6199	(0, 0, 0, 0, 0, 2, 4, 5, 5, 6, 0, 0)
6200	(0, 0, 0, 0, 0, 3, 4, 5, 4, 5, 1, 0)
6201	(0, 0, 0, 0, 0, 2, 4, 6, 4, 5, 1, 0)
6202	(0, 0, 0, 0, 0, 3, 4, 6, 2, 5, 2, 0)
6203	(0, 0, 0, 0, 0, 3, 4, 5, 3, 5, 2, 0)
6204	(0, 0, 0, 0, 0, 2, 4, 6, 3, 5, 2, 0)
6205	(0, 0, 0, 0, 0, 3, 4, 4, 5, 5, 1, 0)
6206	(0, 0, 0, 0, 0, 2, 4, 4, 6, 5, 1, 0)
6207	(0, 0, 0, 0, 0, 3, 4, 3, 5, 5, 2, 0)
6208	(0, 0, 0, 0, 0, 3, 4, 2, 6, 5, 2, 0)
6209	(0, 0, 0, 0, 0, 2, 4, 3, 6, 5, 2, 0)
6210	(0, 0, 0, 0, 0, 3, 2, 5, 5, 6, 1, 0)
6211	(0, 0, 0, 0, 0, 2, 3, 5, 5, 6, 1, 0)
6212	(0, 0, 0, 0, 0, 2, 2, 6, 5, 6, 1, 0)
6213	(0, 0, 0, 0, 0, 2, 2, 5, 6, 6, 1, 0)
6214	(0, 0, 0, 0, 0, 3, 3, 5, 4, 5, 2, 0)
6215	(0, 0, 0, 0, 0, 3, 2, 6, 4, 5, 2, 0)
6216	(0, 0, 0, 0, 0, 2, 3, 6, 4, 5, 2, 0)
6217	(0, 0, 0, 0, 0, 3, 3, 6, 2, 5, 3, 0)
6218	(0, 0, 0, 0, 0, 3, 3, 5, 3, 5, 3, 0)
6219	(0, 0, 0, 0, 0, 3, 2, 6, 3, 5, 3, 0)
6220	(0, 0, 0, 0, 0, 2, 3, 6, 3, 5, 3, 0)
6221	(0, 0, 0, 0, 0, 3, 3, 4, 5, 5, 2, 0)
6222	(0, 0, 0, 0, 0, 3, 2, 4, 6, 5, 2, 0)
6223	(0, 0, 0, 0, 0, 2, 3, 4, 6, 5, 2, 0)
6224	(0, 0, 0, 0, 0, 3, 3, 3, 5, 5, 3, 0)
6225	(0, 0, 0, 0, 0, 3, 3, 2, 6, 5, 3, 0)
6226	(0, 0, 0, 0, 0, 3, 2, 3, 6, 5, 3, 0)
6227	(0, 0, 0, 0, 0, 2, 3, 3, 6, 5, 3, 0)
6228	(0, 0, 0, 0, 0, 3, 1, 6, 5, 5, 2, 0)
6229	(0, 0, 0, 0, 0, 3, 1, 5, 6, 5, 2, 0)
6230	(0, 0, 0, 0, 0, 2, 1, 6, 6, 5, 2, 0)
6231	(0, 0, 0, 0, 0, 1, 5, 5, 5, 6, 0, 0)
6232	(0, 0, 0, 0, 0, 1, 6, 5, 4, 5, 1, 0)
6233	(0, 0, 0, 0, 0, 1, 5, 6, 4, 5, 1, 0)
6234	(0, 0, 0, 0, 0, 1, 6, 6, 2, 5, 2, 0)
6235	(0, 0, 0, 0, 0, 1, 6, 5, 3, 5, 2, 0)
6236	(0, 0, 0, 0, 0, 1, 5, 6, 3, 5, 2, 0)
6237	(0, 0, 0, 0, 0, 1, 6, 4, 5, 5, 1, 0)
6238	(0, 0, 0, 0, 0, 1, 5, 4, 6, 5, 1, 0)
6239	(0, 0, 0, 0, 0, 1, 6, 3, 5, 5, 2, 0)
6240	(0, 0, 0, 0, 0, 1, 6, 2, 6, 5, 2, 0)
6241	(0, 0, 0, 0, 0, 1, 5, 3, 6, 5, 2, 0)
6242	(0, 0, 0, 0, 0, 1, 4, 6, 5, 5, 1, 0)
6243	(0, 0, 0, 0, 0, 1, 4, 5, 6, 5, 1, 0)
6244	(0, 0, 0, 0, 0, 1, 3, 6, 5, 5, 2, 0)
6245	(0, 0, 0, 0, 0, 1, 3, 5, 6, 5, 2, 0)
6246	(0, 0, 0, 0, 0, 1, 2, 6, 6, 5, 2, 0)
6247	(0, 0, 0, 0, 0, 0, 6, 5, 5, 6, 1, 0)
6248	(0, 0, 0, 0, 0, 0, 5, 6, 5, 6, 1, 0)
6249	(0, 0, 0, 0, 0, 0, 5, 5, 6, 6, 1, 0)
6250	(0, 0, 0, 0, 0, 0, 6, 6, 4, 5, 2, 0)
6251	(0, 0, 0, 0, 0, 0, 6, 6, 3, 5, 3, 0)
6252	(0, 0, 0, 0, 0, 0, 6, 4, 6, 5, 2, 0)
6253	(0, 0, 0, 0, 0, 0, 6, 3, 6, 5, 3, 0)
6254	(0, 0, 0, 0, 0, 0, 4, 6, 6, 5, 2, 0)
6255	(0, 0, 0, 0, 0, 0, 3, 6, 6, 5, 3, 0)
6256	(0, 0, 0, 0, 0, 6, 5, 0, 5, 6, 1, 0)
6257	(0, 0, 0, 0, 0, 5, 6, 0, 5, 6, 1, 0)
6258	(0, 0, 0, 0, 0, 5, 5, 0, 6, 6, 1, 0)
6259	(0, 0, 0, 0, 0, 6, 6, 0, 4, 5, 2, 0)
6260	(0, 0, 0, 0, 0, 6, 6, 0, 3, 5, 3, 0)
6261	(0, 0, 0, 0, 0, 6, 4, 0, 6, 5, 2, 0)
6262	(0, 0, 0, 0, 0, 6, 3, 0, 6, 5, 3, 0)
6263	(0, 0, 0, 0, 0, 4, 6, 0, 6, 5, 2, 0)
6264	(0, 0, 0, 0, 0, 3, 6, 0, 6, 5, 3, 0)
6265	(0, 0, 0, 1, 0, 5, 5, 2, 1, 5, 0, 1)
6266	(0, 0, 0, 1, 0, 5, 5, 1, 2, 5, 0, 1)
6267	(0, 0, 0, 1, 0, 6, 5, 1, 1, 4, 1, 1)
6268	(0, 0, 0, 1, 0, 5, 6, 1, 1, 4, 1, 1)
6269	(0, 0, 0, 1, 0, 5, 5, 1, 1, 4, 0, 2)
6270	(0, 0, 0, 1, 0, 5, 4, 4, 1, 4, 0, 1)
6271	(0, 0, 0, 1, 0, 5, 4, 2, 2, 5, 0, 1)
6272	(0, 0, 0, 1, 0, 6, 4, 2, 1, 4, 1, 1)
6273	(0, 0, 0, 1, 0, 5, 4, 3, 1, 4, 1, 1)
6274	(0, 0, 0, 1, 0, 5, 4, 2, 1, 4, 0, 2)
6275	(0, 0, 0, 1, 0, 5, 4, 1, 4, 4, 0, 1)
6276	(0, 0, 0, 1, 0, 6, 4, 1, 2, 4, 1, 1)
6277	(0, 0, 0, 1, 0, 5, 4, 1, 3, 4, 1, 1)
6278	(0, 0, 0, 1, 0, 5, 4, 1, 2, 4, 0, 2)
6279	(0, 0, 0, 1, 0, 6, 4, 1, 1, 3, 1, 2)
6280	(0, 0, 0, 1, 0, 5, 2, 5, 1, 5, 0, 1)
6281	(0, 0, 0, 1, 0, 5, 2, 4, 2, 5, 0, 1)
6282	(0, 0, 0, 1, 0, 6, 2, 4, 1, 4, 1, 1)
6283	(0, 0, 0, 1, 0, 5, 3, 4, 1, 4, 1, 1)
6284	(0, 0, 0, 1, 0, 5, 2, 4, 1, 4, 0, 2)
6285	(0, 0, 0, 1, 0, 5, 2, 2, 4, 5, 0, 1)
6286	(0, 0, 0, 1, 0, 6, 2, 2, 2, 5, 1, 1)
6287	(0, 0, 0, 1, 0, 5, 3, 2, 2, 5, 1, 1)
6288	(0, 0, 0, 1, 0, 5, 2, 3, 2, 5, 1, 1)
6289	(0, 0, 0, 1, 0, 5, 2, 2, 3, 5, 1, 1)
6290	(0, 0, 0, 1, 0, 5, 2, 2, 2, 5, 0, 2)
6291	(0, 0, 0, 1, 0, 6, 3, 2, 1, 4, 2, 1)
6292	(0, 0, 0, 1, 0, 6, 2, 3, 1, 4, 2, 1)
6293	(0, 0, 0, 1, 0, 6, 2, 2, 1, 4, 1, 2)
6294	(0, 0, 0, 1, 0, 5, 3, 3, 1, 4, 2, 1)
6295	(0, 0, 0, 1, 0, 5, 3, 2, 1, 4, 1, 2)
6296	(0, 0, 0, 1, 0, 5, 2, 3, 1, 4, 1, 2)
6297	(0, 0, 0, 1, 0, 5, 2, 1, 5, 5, 0, 1)
6298	(0, 0, 0, 1, 0, 6, 2, 1, 4, 4, 1, 1)
6299	(0, 0, 0, 1, 0, 5, 3, 1, 4, 4, 1, 1)
6300	(0, 0, 0, 1, 0, 5, 2, 1, 4, 4, 0, 2)
6301	(0, 0, 0, 1, 0, 6, 3, 1, 2, 4, 2, 1)
6302	(0, 0, 0, 1, 0, 6, 2, 1, 3, 4, 2, 1)
6303	(0, 0, 0, 1, 0, 6, 2, 1, 2, 4, 1, 2)
6304	(0, 0, 0, 1, 0, 5, 3, 1, 3, 4, 2, 1)
6305	(0, 0, 0, 1, 0, 5, 3, 1, 2, 4, 1, 2)
6306	(0, 0, 0, 1, 0, 5, 2, 1, 3, 4, 1, 2)
6307	(0, 0, 0, 1, 0, 6, 3, 1, 1, 3, 2, 2)
6308	(0, 0, 0, 1, 0, 5, 1, 5, 2, 5, 0, 1)
6309	(0, 0, 0, 1, 0, 6, 1, 5, 1, 4, 1, 1)
6310	(0, 0, 0, 1, 0, 5, 1, 6, 1, 4, 1, 1)
6311	(0, 0, 0, 1, 0, 5, 1, 5, 1, 4, 0, 2)
6312	(0, 0, 0, 1, 0, 5, 1, 4, 4, 4, 0, 1)
6313	(0, 0, 0, 1, 0, 6, 1, 4, 2, 4, 1, 1)
6314	(0, 0, 0, 1, 0, 5, 1, 4, 3, 4, 1, 1)
6315	(0, 0, 0, 1, 0, 5, 1, 4, 2, 4, 0, 2)
6316	(0, 0, 0, 1, 0, 6, 1, 4, 1, 3, 1, 2)
6317	(0, 0, 0, 1, 0, 5, 1, 2, 5, 5, 0, 1)
6318	(0, 0, 0, 1, 0, 6, 1, 2, 4, 4, 1, 1)
6319	(0, 0, 0, 1, 0, 5, 1, 3, 4, 4, 1, 1)
6320	(0, 0, 0, 1, 0, 5, 1, 2, 4, 4, 0, 2)
6321	(0, 0, 0, 1, 0, 6, 1, 3, 2, 4, 2, 1)
6322	(0, 0, 0, 1, 0, 6, 1, 2, 3, 4, 2, 1)
6323	(0, 0, 0, 1, 0, 6, 1, 2, 2, 4, 1, 2)
6324	(0, 0, 0, 1, 0, 5, 1, 3, 3, 4, 2, 1)
6325	(0, 0, 0, 1, 0, 5, 1, 3, 2, 4, 1, 2)
6326	(0, 0, 0, 1, 0, 5, 1, 2, 3, 4, 1, 2)
6327	(0, 0, 0, 1, 0, 6, 1, 3, 1, 3, 2, 2)
6328	(0, 0, 0, 1, 0, 6, 1, 1, 5, 4, 1, 1)
6329	(0, 0, 0, 1, 0, 5, 1, 1, 6, 4, 1, 1)
6330	(0, 0, 0, 1, 0, 5, 1, 1, 5, 4, 0, 2)
6331	(0, 0, 0, 1, 0, 6, 1, 1, 4, 3, 1, 2)
6332	(0, 0, 0, 1, 0, 6, 1, 1, 3, 3, 2, 2)
6333	(0, 0, 0, 1, 0, 4, 5, 4, 1, 4, 0, 1)
6334	(0, 0, 0, 1, 0, 4, 5, 2, 2, 5, 0, 1)
6335	(0, 0, 0, 1, 0, 4, 6, 2, 1, 4, 1, 1)
6336	(0, 0, 0, 1, 0, 4, 5, 3, 1, 4, 1, 1)
6337	(0, 0, 0, 1, 0, 4, 5, 2, 1, 4, 0, 2)
6338	(0, 0, 0, 1, 0, 4, 5, 1, 4, 4, 0, 1)
6339	(0, 0, 0, 1, 0, 4, 6, 1, 2, 4, 1, 1)
6340	(0, 0, 0, 1, 0, 4, 5, 1, 3, 4, 1, 1)
6341	(0, 0, 0, 1, 0, 4, 5, 1, 2, 4, 0, 2)
6342	(0, 0, 0, 1, 0, 4, 6, 1, 1, 3, 1, 2)
6343	(0, 0, 0, 1, 0, 4, 4, 5, 1, 4, 0, 1)
6344	(0, 0, 0, 1, 0, 4, 4, 4, 2, 4, 0, 1)
6345	(0, 0, 0, 1, 0, 4, 4, 4, 1, 3, 0, 2)
6346	(0, 0, 0, 1, 0, 4, 4, 2, 4, 4, 0, 1)
6347	(0, 0, 0, 1, 0, 4, 4, 3, 2, 4, 1, 1)
6348	(0, 0, 0, 1, 0, 4, 4, 2, 3, 4, 1, 1)
6349	(0, 0, 0, 1, 0, 4, 4, 2, 2, 4, 0, 2)
6350	(0, 0, 0, 1, 0, 4, 4, 3, 1, 3, 1, 2)
6351	(0, 0, 0, 1, 0, 4, 4, 1, 5, 4, 0, 1)
6352	(0, 0, 0, 1, 0, 4, 4, 1, 4, 3, 0, 2)
6353	(0, 0, 0, 1, 0, 4, 4, 1, 3, 3, 1, 2)
6354	(0, 0, 0, 1, 0, 4, 2, 5, 2, 5, 0, 1)
6355	(0, 0, 0, 1, 0, 4, 3, 5, 1, 4, 1, 1)
6356	(0, 0, 0, 1, 0, 4, 2, 6, 1, 4, 1, 1)
6357	(0, 0, 0, 1, 0, 4, 2, 5, 1, 4, 0, 2)
6358	(0, 0, 0, 1, 0, 4, 2, 4, 4, 4, 0, 1)
6359	(0, 0, 0, 1, 0, 4, 3, 4, 2, 4, 1, 1)
6360	(0, 0, 0, 1, 0, 4, 2, 4, 3, 4, 1, 1)
6361	(0, 0, 0, 1, 0, 4, 2, 4, 2, 4, 0, 2)
6362	(0, 0, 0, 1, 0, 4, 3, 4, 1, 3, 1, 2)
6363	(0, 0, 0, 1, 0, 4, 2, 2, 5, 5, 0, 1)
6364	(0, 0, 0, 1, 0, 4, 3, 2, 4, 4, 1, 1)
6365	(0, 0, 0, 1, 0, 4, 2, 3, 4, 4, 1, 1)
6366	(0, 0, 0, 1, 0, 4, 2, 2, 4, 4, 0, 2)
6367	(0, 0, 0, 1, 0, 4, 3, 3, 2, 4, 2, 1)
6368	(0, 0, 0, 1, 0, 4, 3, 2, 3, 4, 2, 1)
6369	(0, 0, 0, 1, 0, 4, 3, 2, 2, 4, 1, 2)
6370	(0, 0, 0, 1, 0, 4, 2, 3, 3, 4, 2, 1)
6371	(0, 0, 0, 1, 0, 4, 2, 3, 2, 4, 1, 2)
6372	(0, 0, 0, 1, 0, 4, 2, 2, 3, 4, 1, 2)
6373	(0, 0, 0, 1, 0, 4, 3, 3, 1, 3, 2, 2)
6374	(0, 0, 0, 1, 0, 4, 3, 1, 5, 4, 1, 1)
6375	(0, 0, 0, 1, 0, 4, 2, 1, 6, 4, 1, 1)
6376	(0, 0, 0, 1, 0, 4, 2, 1, 5, 4, 0, 2)
6377	(0, 0, 0, 1, 0, 4, 3, 1, 4, 3, 1, 2)
6378	(0, 0, 0, 1, 0, 4, 3, 1, 3, 3, 2, 2)
6379	(0, 0, 0, 1, 0, 4, 1, 5, 4, 4, 0, 1)
6380	(0, 0, 0, 1, 0, 4, 1, 6, 2, 4, 1, 1)
6381	(0, 0, 0, 1, 0, 4, 1, 5, 3, 4, 1, 1)
6382	(0, 0, 0, 1, 0, 4, 1, 5, 2, 4, 0, 2)
6383	(0, 0, 0, 1, 0, 4, 1, 6, 1, 3, 1, 2)
6384	(0, 0, 0, 1, 0, 4, 1, 4, 5, 4, 0, 1)
6385	(0, 0, 0, 1, 0, 4, 1, 4, 4, 3, 0, 2)
6386	(0, 0, 0, 1, 0, 4, 1, 4, 3, 3, 1, 2)
6387	(0, 0, 0, 1, 0, 4, 1, 3, 5, 4, 1, 1)
6388	(0, 0, 0, 1, 0, 4, 1, 2, 6, 4, 1, 1)
6389	(0, 0, 0, 1, 0, 4, 1, 2, 5, 4, 0, 2)
6390	(0, 0, 0, 1, 0, 4, 1, 3, 4, 3, 1, 2)
6391	(0, 0, 0, 1, 0, 4, 1, 3, 3, 3, 2, 2)
6392	(0, 0, 0, 1, 0, 4, 1, 1, 6, 3, 1, 2)
6393	(0, 0, 0, 1, 0, 2, 5, 5, 1, 5, 0, 1)
6394	(0, 0, 0, 1, 0, 2, 5, 4, 2, 5, 0, 1)
6395	(0, 0, 0, 1, 0, 3, 5, 4, 1, 4, 1, 1)
6396	(0, 0, 0, 1, 0, 2, 6, 4, 1, 4, 1, 1)
6397	(0, 0, 0, 1, 0, 2, 5, 4, 1, 4, 0, 2)
6398	(0, 0, 0, 1, 0, 2, 5, 2, 4, 5, 0, 1)
6399	(0, 0, 0, 1, 0, 3, 5, 2, 2, 5, 1, 1)
6400	(0, 0, 0, 1, 0, 2, 6, 2, 2, 5, 1, 1)
6401	(0, 0, 0, 1, 0, 2, 5, 3, 2, 5, 1, 1)
6402	(0, 0, 0, 1, 0, 2, 5, 2, 3, 5, 1, 1)
6403	(0, 0, 0, 1, 0, 2, 5, 2, 2, 5, 0, 2)
6404	(0, 0, 0, 1, 0, 3, 6, 2, 1, 4, 2, 1)
6405	(0, 0, 0, 1, 0, 3, 5, 3, 1, 4, 2, 1)
6406	(0, 0, 0, 1, 0, 3, 5, 2, 1, 4, 1, 2)
6407	(0, 0, 0, 1, 0, 2, 6, 3, 1, 4, 2, 1)
6408	(0, 0, 0, 1, 0, 2, 6, 2, 1, 4, 1, 2)
6409	(0, 0, 0, 1, 0, 2, 5, 3, 1, 4, 1, 2)
6410	(0, 0, 0, 1, 0, 2, 5, 1, 5, 5, 0, 1)
6411	(0, 0, 0, 1, 0, 3, 5, 1, 4, 4, 1, 1)
6412	(0, 0, 0, 1, 0, 2, 6, 1, 4, 4, 1, 1)
6413	(0, 0, 0, 1, 0, 2, 5, 1, 4, 4, 0, 2)
6414	(0, 0, 0, 1, 0, 3, 6, 1, 2, 4, 2, 1)
6415	(0, 0, 0, 1, 0, 3, 5, 1, 3, 4, 2, 1)
6416	(0, 0, 0, 1, 0, 3, 5, 1, 2, 4, 1, 2)
6417	(0, 0, 0, 1, 0, 2, 6, 1, 3, 4, 2, 1)
6418	(0, 0, 0, 1, 0, 2, 6, 1, 2, 4, 1, 2)
6419	(0, 0, 0, 1, 0, 2, 5, 1, 3, 4, 1, 2)
6420	(0, 0, 0, 1, 0, 3, 6, 1, 1, 3, 2, 2)
6421	(0, 0, 0, 1, 0, 2, 4, 5, 2, 5, 0, 1)
6422	(0, 0, 0, 1, 0, 3, 4, 5, 1, 4, 1, 1)
6423	(0, 0, 0, 1, 0, 2, 4, 6, 1, 4, 1, 1)
6424	(0, 0, 0, 1, 0, 2, 4, 5, 1, 4, 0, 2)
6425	(0, 0, 0, 1, 0, 2, 4, 4, 4, 4, 0, 1)
6426	(0, 0, 0, 1, 0, 3, 4, 4, 2, 4, 1, 1)
6427	(0, 0, 0, 1, 0, 2, 4, 4, 3, 4, 1, 1)
6428	(0, 0, 0, 1, 0, 2, 4, 4, 2, 4, 0, 2)
6429	(0, 0, 0, 1, 0, 3, 4, 4, 1, 3, 1, 2)
6430	(0, 0, 0, 1, 0, 2, 4, 2, 5, 5, 0, 1)
6431	(0, 0, 0, 1, 0, 3, 4, 2, 4, 4, 1, 1)
6432	(0, 0, 0, 1, 0, 2, 4, 3, 4, 4, 1, 1)
6433	(0, 0, 0, 1, 0, 2, 4, 2, 4, 4, 0, 2)
6434	(0, 0, 0, 1, 0, 3, 4, 3, 2, 4, 2, 1)
6435	(0, 0, 0, 1, 0, 3, 4, 2, 3, 4, 2, 1)
6436	(0, 0, 0, 1, 0, 3, 4, 2, 2, 4, 1, 2)
6437	(0, 0, 0, 1, 0, 2, 4, 3, 3, 4, 2, 1)
6438	(0, 0, 0, 1, 0, 2, 4, 3, 2, 4, 1, 2)
6439	(0, 0, 0, 1, 0, 2, 4, 2, 3, 4, 1, 2)
6440	(0, 0, 0, 1, 0, 3, 4, 3, 1, 3, 2, 2)
6441	(0, 0, 0, 1, 0, 3, 4, 1, 5, 4, 1, 1)
6442	(0, 0, 0, 1, 0, 2, 4, 1, 6, 4, 1, 1)
6443	(0, 0, 0, 1, 0, 2, 4, 1, 5, 4, 0, 2)
6444	(0, 0, 0, 1, 0, 3, 4, 1, 4, 3, 1, 2)
6445	(0, 0, 0, 1, 0, 3, 4, 1, 3, 3, 2, 2)
6446	(0, 0, 0, 1, 0, 2, 2, 5, 4, 5, 0, 1)
6447	(0, 0, 0, 1, 0, 3, 2, 5, 2, 5, 1, 1)
6448	(0, 0, 0, 1, 0, 2, 3, 5, 2, 5, 1, 1)
6449	(0, 0, 0, 1, 0, 2, 2, 6, 2, 5, 1, 1)
6450	(0, 0, 0, 1, 0, 2, 2, 5, 3, 5, 1, 1)
6451	(0, 0, 0, 1, 0, 2, 2, 5, 2, 5, 0, 2)
6452	(0, 0, 0, 1, 0, 3, 3, 5, 1, 4, 2, 1)
6453	(0, 0, 0, 1, 0, 3, 2, 6, 1, 4, 2, 1)
6454	(0, 0, 0, 1, 0, 3, 2, 5, 1, 4, 1, 2)
6455	(0, 0, 0, 1, 0, 2, 3, 6, 1, 4, 2, 1)
6456	(0, 0, 0, 1, 0, 2, 3, 5, 1, 4, 1, 2)
6457	(0, 0, 0, 1, 0, 2, 2, 6, 1, 4, 1, 2)
6458	(0, 0, 0, 1, 0, 2, 2, 4, 5, 5, 0, 1)
6459	(0, 0, 0, 1, 0, 3, 2, 4, 4, 4, 1, 1)
6460	(0, 0, 0, 1, 0, 2, 3, 4, 4, 4, 1, 1)
6461	(0, 0, 0, 1, 0, 2, 2, 4, 4, 4, 0, 2)
6462	(0, 0, 0, 1, 0, 3, 3, 4, 2, 4, 2, 1)
6463	(0, 0, 0, 1, 0, 3, 2, 4, 3, 4, 2, 1)
6464	(0, 0, 0, 1, 0, 3, 2, 4, 2, 4, 1, 2)
6465	(0, 0, 0, 1, 0, 2, 3, 4, 3, 4, 2, 1)
6466	(0, 0, 0, 1, 0, 2, 3, 4, 2, 4, 1, 2)
6467	(0, 0, 0, 1, 0, 2, 2, 4, 3, 4, 1, 2)
6468	(0, 0, 0, 1, 0, 3, 3, 4, 1, 3, 2, 2)
6469	(0, 0, 0, 1, 0, 3, 2, 2, 5, 5, 1, 1)
6470	(0, 0, 0, 1, 0, 2, 3, 2, 5, 5, 1, 1)
6471	(0, 0, 0, 1, 0, 2, 2, 3, 5, 5, 1, 1)
6472	(0, 0, 0, 1, 0, 2, 2, 2, 6, 5, 1, 1)
6473	(0, 0, 0, 1, 0, 2, 2, 2, 5, 5, 0, 2)
6474	(0, 0, 0, 1, 0, 3, 3, 2, 4, 4, 2, 1)
6475	(0, 0, 0, 1, 0, 3, 2, 3, 4, 4, 2, 1)
6476	(0, 0, 0, 1, 0, 3, 2, 2, 4, 4, 1, 2)
6477	(0, 0, 0, 1, 0, 2, 3, 3, 4, 4, 2, 1)
6478	(0, 0, 0, 1, 0, 2, 3, 2, 4, 4, 1, 2)
6479	(0, 0, 0, 1, 0, 2, 2, 3, 4, 4, 1, 2)
6480	(0, 0, 0, 1, 0, 3, 3, 3, 2, 4, 3, 1)
6481	(0, 0, 0, 1, 0, 3, 3, 2, 3, 4, 3, 1)
6482	(0, 0, 0, 1, 0, 3, 3, 2, 2, 4, 2, 2)
6483	(0, 0, 0, 1, 0, 3, 2, 3, 3, 4, 3, 1)
6484	(0, 0, 0, 1, 0, 3, 2, 3, 2, 4, 2, 2)
6485	(0, 0, 0, 1, 0, 3, 2, 2, 3, 4, 2, 2)
6486	(0, 0, 0, 1, 0, 2, 3, 3, 3, 4, 3, 1)
6487	(0, 0, 0, 1, 0, 2, 3, 3, 2, 4, 2, 2)
6488	(0, 0, 0, 1, 0, 2, 3, 2, 3, 4, 2, 2)
6489	(0, 0, 0, 1, 0, 2, 2, 3, 3, 4, 2, 2)
6490	(0, 0, 0, 1, 0, 3, 3, 3, 1, 3, 3, 2)
6491	(0, 0, 0, 1, 0, 3, 3, 1, 5, 4, 2, 1)
6492	(0, 0, 0, 1, 0, 3, 2, 1, 6, 4, 2, 1)
6493	(0, 0, 0, 1, 0, 3, 2, 1, 5, 4, 1, 2)
6494	(0, 0, 0, 1, 0, 2, 3, 1, 6, 4, 2, 1)
6495	(0, 0, 0, 1, 0, 2, 3, 1, 5, 4, 1, 2)
6496	(0, 0, 0, 1, 0, 2, 2, 1, 6, 4, 1, 2)
6497	(0, 0, 0, 1, 0, 3, 3, 1, 4, 3, 2, 2)
6498	(0, 0, 0, 1, 0, 3, 3, 1, 3, 3, 3, 2)
6499	(0, 0, 0, 1, 0, 2, 1, 5, 5, 5, 0, 1)
6500	(0, 0, 0, 1, 0, 3, 1, 5, 4, 4, 1, 1)
6501	(0, 0, 0, 1, 0, 2, 1, 6, 4, 4, 1, 1)
6502	(0, 0, 0, 1, 0, 2, 1, 5, 4, 4, 0, 2)
6503	(0, 0, 0, 1, 0, 3, 1, 6, 2, 4, 2, 1)
6504	(0, 0, 0, 1, 0, 3, 1, 5, 3, 4, 2, 1)
6505	(0, 0, 0, 1, 0, 3, 1, 5, 2, 4, 1, 2)
6506	(0, 0, 0, 1, 0, 2, 1, 6, 3, 4, 2, 1)
6507	(0, 0, 0, 1, 0, 2, 1, 6, 2, 4, 1, 2)
6508	(0, 0, 0, 1, 0, 2, 1, 5, 3, 4, 1, 2)
6509	(0, 0, 0, 1, 0, 3, 1, 6, 1, 3, 2, 2)
6510	(0, 0, 0, 1, 0, 3, 1, 4, 5, 4, 1, 1)
6511	(0, 0, 0, 1, 0, 2, 1, 4, 6, 4, 1, 1)
6512	(0, 0, 0, 1, 0, 2, 1, 4, 5, 4, 0, 2)
6513	(0, 0, 0, 1, 0, 3, 1, 4, 4, 3, 1, 2)
6514	(0, 0, 0, 1, 0, 3, 1, 4, 3, 3, 2, 2)
6515	(0, 0, 0, 1, 0, 3, 1, 3, 5, 4, 2, 1)
6516	(0, 0, 0, 1, 0, 3, 1, 2, 6, 4, 2, 1)
6517	(0, 0, 0, 1, 0, 3, 1, 2, 5, 4, 1, 2)
6518	(0, 0, 0, 1, 0, 2, 1, 3, 6, 4, 2, 1)
6519	(0, 0, 0, 1, 0, 2, 1, 3, 5, 4, 1, 2)
6520	(0, 0, 0, 1, 0, 2, 1, 2, 6, 4, 1, 2)
6521	(0, 0, 0, 1, 0, 3, 1, 3, 4, 3, 2, 2)
6522	(0, 0, 0, 1, 0, 3, 1, 3, 3, 3, 3, 2)
6523	(0, 0, 0, 1, 0, 3, 1, 1, 6, 3, 2, 2)
6524	(0, 0, 0, 1, 0, 1, 5, 5, 2, 5, 0, 1)
6525	(0, 0, 0, 1, 0, 1, 6, 5, 1, 4, 1, 1)
6526	(0, 0, 0, 1, 0, 1, 5, 6, 1, 4, 1, 1)
6527	(0, 0, 0, 1, 0, 1, 5, 5, 1, 4, 0, 2)
6528	(0, 0, 0, 1, 0, 1, 5, 4, 4, 4, 0, 1)
6529	(0, 0, 0, 1, 0, 1, 6, 4, 2, 4, 1, 1)
6530	(0, 0, 0, 1, 0, 1, 5, 4, 3, 4, 1, 1)
6531	(0, 0, 0, 1, 0, 1, 5, 4, 2, 4, 0, 2)
6532	(0, 0, 0, 1, 0, 1, 6, 4, 1, 3, 1, 2)
6533	(0, 0, 0, 1, 0, 1, 5, 2, 5, 5, 0, 1)
6534	(0, 0, 0, 1, 0, 1, 6, 2, 4, 4, 1, 1)
6535	(0, 0, 0, 1, 0, 1, 5, 3, 4, 4, 1, 1)
6536	(0, 0, 0, 1, 0, 1, 5, 2, 4, 4, 0, 2)
6537	(0, 0, 0, 1, 0, 1, 6, 3, 2, 4, 2, 1)
6538	(0, 0, 0, 1, 0, 1, 6, 2, 3, 4, 2, 1)
6539	(0, 0, 0, 1, 0, 1, 6, 2, 2, 4, 1, 2)
6540	(0, 0, 0, 1, 0, 1, 5, 3, 3, 4, 2, 1)
6541	(0, 0, 0, 1, 0, 1, 5, 3, 2, 4, 1, 2)
6542	(0, 0, 0, 1, 0, 1, 5, 2, 3, 4, 1, 2)
6543	(0, 0, 0, 1, 0, 1, 6, 3, 1, 3, 2, 2)
6544	(0, 0, 0, 1, 0, 1, 6, 1, 5, 4, 1, 1)
6545	(0, 0, 0, 1, 0, 1, 5, 1, 6, 4, 1, 1)
6546	(0, 0, 0, 1, 0, 1, 5, 1, 5, 4, 0, 2)
6547	(0, 0, 0, 1, 0, 1, 6, 1, 4, 3, 1, 2)
6548	(0, 0, 0, 1, 0, 1, 6, 1, 3, 3, 2, 2)
6549	(0, 0, 0, 1, 0, 1, 4, 5, 4, 4, 0, 1)
6550	(0, 0, 0, 1, 0, 1, 4, 6, 2, 4, 1, 1)
6551	(0, 0, 0, 1, 0, 1, 4, 5, 3, 4, 1, 1)
6552	(0, 0, 0, 1, 0, 1, 4, 5, 2, 4, 0, 2)
6553	(0, 0, 0, 1, 0, 1, 4, 6, 1, 3, 1, 2)
6554	(0, 0, 0, 1, 0, 1, 4, 4, 5, 4, 0, 1)
6555	(0, 0, 0, 1, 0, 1, 4, 4, 4, 3, 0, 2)
6556	(0, 0, 0, 1, 0, 1, 4, 4, 3, 3, 1, 2)
6557	(0, 0, 0, 1, 0, 1, 4, 3, 5, 4, 1, 1)
6558	(0, 0, 0, 1, 0, 1, 4, 2, 6, 4, 1, 1)
6559	(0, 0, 0, 1, 0, 1, 4, 2, 5, 4, 0, 2)
6560	(0, 0, 0, 1, 0, 1, 4, 3, 4, 3, 1, 2)
6561	(0, 0, 0, 1, 0, 1, 4, 3, 3, 3, 2, 2)
6562	(0, 0, 0, 1, 0, 1, 4, 1, 6, 3, 1, 2)
6563	(0, 0, 0, 1, 0, 1, 2, 5, 5, 5, 0, 1)
6564	(0, 0, 0, 1, 0, 1, 3, 5, 4, 4, 1, 1)
6565	(0, 0, 0, 1, 0, 1, 2, 6, 4, 4, 1, 1)
6566	(0, 0, 0, 1, 0, 1, 2, 5, 4, 4, 0, 2)
6567	(0, 0, 0, 1, 0, 1, 3, 6, 2, 4, 2, 1)
6568	(0, 0, 0, 1, 0, 1, 3, 5, 3, 4, 2, 1)
6569	(0, 0, 0, 1, 0, 1, 3, 5, 2, 4, 1, 2)
6570	(0, 0, 0, 1, 0, 1, 2, 6, 3, 4, 2, 1)
6571	(0, 0, 0, 1, 0, 1, 2, 6, 2, 4, 1, 2)
6572	(0, 0, 0, 1, 0, 1, 2, 5, 3, 4, 1, 2)
6573	(0, 0, 0, 1, 0, 1, 3, 6, 1, 3, 2, 2)
6574	(0, 0, 0, 1, 0, 1, 3, 4, 5, 4, 1, 1)
6575	(0, 0, 0, 1, 0, 1, 2, 4, 6, 4, 1, 1)
6576	(0, 0, 0, 1, 0, 1, 2, 4, 5, 4, 0, 2)
6577	(0, 0, 0, 1, 0, 1, 3, 4, 4, 3, 1, 2)
6578	(0, 0, 0, 1, 0, 1, 3, 4, 3, 3, 2, 2)
6579	(0, 0, 0, 1, 0, 1, 3, 3, 5, 4, 2, 1)
6580	(0, 0, 0, 1, 0, 1, 3, 2, 6, 4, 2, 1)
6581	(0, 0, 0, 1, 0, 1, 3, 2, 5, 4, 1, 2)
6582	(0, 0, 0, 1, 0, 1, 2, 3, 6, 4, 2, 1)
6583	(0, 0, 0, 1, 0, 1, 2, 3, 5, 4, 1, 2)
6584	(0, 0, 0, 1, 0, 1, 2, 2, 6, 4, 1, 2)
6585	(0, 0, 0, 1, 0, 1, 3, 3, 4, 3, 2, 2)
6586	(0, 0, 0, 1, 0, 1, 3, 3, 3, 3, 3, 2)
6587	(0, 0, 0, 1, 0, 1, 3, 1, 6, 3, 2, 2)
6588	(0, 0, 0, 1, 0, 1, 1, 6, 5, 4, 1, 1)
6589	(0, 0, 0, 1, 0, 1, 1, 5, 6, 4, 1, 1)
6590	(0, 0, 0, 1, 0, 1, 1, 5, 5, 4, 0, 2)
6591	(0, 0, 0, 1, 0, 1, 1, 6, 4, 3, 1, 2)
6592	(0, 0, 0, 1, 0, 1, 1, 6, 3, 3, 2, 2)
6593	(0, 0, 0, 1, 0, 1, 1, 4, 6, 3, 1, 2)
6594	(0, 0, 0, 1, 0, 1, 1, 3, 6, 3, 2, 2)
6595	(0, 0, 0, 1, 0, 0, 5, 5, 4, 5, 0, 1)
6596	(0, 0, 0, 1, 0, 0, 6, 5, 2, 5, 1, 1)
6597	(0, 0, 0, 1, 0, 0, 5, 6, 2, 5, 1, 1)
6598	(0, 0, 0, 1, 0, 0, 5, 5, 3, 5, 1, 1)
6599	(0, 0, 0, 1, 0, 0, 5, 5, 2, 5, 0, 2)
6600	(0, 0, 0, 1, 0, 0, 6, 6, 1, 4, 2, 1)
6601	(0, 0, 0, 1, 0, 0, 6, 5, 1, 4, 1, 2)
6602	(0, 0, 0, 1, 0, 0, 5, 6, 1, 4, 1, 2)
6603	(0, 0, 0, 1, 0, 0, 5, 4, 5, 5, 0, 1)
6604	(0, 0, 0, 1, 0, 0, 6, 4, 4, 4, 1, 1)
6605	(0, 0, 0, 1, 0, 0, 5, 4, 4, 4, 0, 2)
6606	(0, 0, 0, 1, 0, 0, 6, 4, 3, 4, 2, 1)
6607	(0, 0, 0, 1, 0, 0, 6, 4, 2, 4, 1, 2)
6608	(0, 0, 0, 1, 0, 0, 5, 4, 3, 4, 1, 2)
6609	(0, 0, 0, 1, 0, 0, 6, 2, 5, 5, 1, 1)
6610	(0, 0, 0, 1, 0, 0, 5, 3, 5, 5, 1, 1)
6611	(0, 0, 0, 1, 0, 0, 5, 2, 6, 5, 1, 1)
6612	(0, 0, 0, 1, 0, 0, 5, 2, 5, 5, 0, 2)
6613	(0, 0, 0, 1, 0, 0, 6, 3, 4, 4, 2, 1)
6614	(0, 0, 0, 1, 0, 0, 6, 2, 4, 4, 1, 2)
6615	(0, 0, 0, 1, 0, 0, 5, 3, 4, 4, 1, 2)
6616	(0, 0, 0, 1, 0, 0, 6, 3, 3, 4, 3, 1)
6617	(0, 0, 0, 1, 0, 0, 6, 3, 2, 4, 2, 2)
6618	(0, 0, 0, 1, 0, 0, 6, 2, 3, 4, 2, 2)
6619	(0, 0, 0, 1, 0, 0, 5, 3, 3, 4, 2, 2)
6620	(0, 0, 0, 1, 0, 0, 6, 1, 6, 4, 2, 1)
6621	(0, 0, 0, 1, 0, 0, 6, 1, 5, 4, 1, 2)
6622	(0, 0, 0, 1, 0, 0, 5, 1, 6, 4, 1, 2)
6623	(0, 0, 0, 1, 0, 0, 4, 5, 5, 5, 0, 1)
6624	(0, 0, 0, 1, 0, 0, 4, 6, 4, 4, 1, 1)
6625	(0, 0, 0, 1, 0, 0, 4, 5, 4, 4, 0, 2)
6626	(0, 0, 0, 1, 0, 0, 4, 6, 3, 4, 2, 1)
6627	(0, 0, 0, 1, 0, 0, 4, 6, 2, 4, 1, 2)
6628	(0, 0, 0, 1, 0, 0, 4, 5, 3, 4, 1, 2)
6629	(0, 0, 0, 1, 0, 0, 4, 4, 6, 4, 1, 1)
6630	(0, 0, 0, 1, 0, 0, 4, 4, 5, 4, 0, 2)
6631	(0, 0, 0, 1, 0, 0, 4, 3, 6, 4, 2, 1)
6632	(0, 0, 0, 1, 0, 0, 4, 3, 5, 4, 1, 2)
6633	(0, 0, 0, 1, 0, 0, 4, 2, 6, 4, 1, 2)
6634	(0, 0, 0, 1, 0, 0, 3, 5, 5, 5, 1, 1)
6635	(0, 0, 0, 1, 0, 0, 2, 6, 5, 5, 1, 1)
6636	(0, 0, 0, 1, 0, 0, 2, 5, 6, 5, 1, 1)
6637	(0, 0, 0, 1, 0, 0, 2, 5, 5, 5, 0, 2)
6638	(0, 0, 0, 1, 0, 0, 3, 6, 4, 4, 2, 1)
6639	(0, 0, 0, 1, 0, 0, 3, 5, 4, 4, 1, 2)
6640	(0, 0, 0, 1, 0, 0, 2, 6, 4, 4, 1, 2)
6641	(0, 0, 0, 1, 0, 0, 3, 6, 3, 4, 3, 1)
6642	(0, 0, 0, 1, 0, 0, 3, 6, 2, 4, 2, 2)
6643	(0, 0, 0, 1, 0, 0, 3, 5, 3, 4, 2, 2)
6644	(0, 0, 0, 1, 0, 0, 2, 6, 3, 4, 2, 2)
6645	(0, 0, 0, 1, 0, 0, 3, 4, 6, 4, 2, 1)
6646	(0, 0, 0, 1, 0, 0, 3, 4, 5, 4, 1, 2)
6647	(0, 0, 0, 1, 0, 0, 2, 4, 6, 4, 1, 2)
6648	(0, 0, 0, 1, 0, 0, 3, 3, 6, 4, 3, 1)
6649	(0, 0, 0, 1, 0, 0, 3, 3, 5, 4, 2, 2)
6650	(0, 0, 0, 1, 0, 0, 3, 2, 6, 4, 2, 2)
6651	(0, 0, 0, 1, 0, 0, 2, 3, 6, 4, 2, 2)
6652	(0, 0, 0, 1, 0, 0, 1, 6, 6, 4, 2, 1)
6653	(0, 0, 0, 1, 0, 0, 1, 6, 5, 4, 1, 2)
6654	(0, 0, 0, 1, 0, 0, 1, 5, 6, 4, 1, 2)
6655	(0, 0, 0, 1, 0, 5, 5, 0, 4, 5, 0, 1)
6656	(0, 0, 0, 1, 0, 6, 5, 0, 2, 5, 1, 1)
6657	(0, 0, 0, 1, 0, 5, 6, 0, 2, 5, 1, 1)
6658	(0, 0, 0, 1, 0, 5, 5, 0, 3, 5, 1, 1)
6659	(0, 0, 0, 1, 0, 5, 5, 0, 2, 5, 0, 2)
6660	(0, 0, 0, 1, 0, 6, 6, 0, 1, 4, 2, 1)
6661	(0, 0, 0, 1, 0, 6, 5, 0, 1, 4, 1, 2)
6662	(0, 0, 0, 1, 0, 5, 6, 0, 1, 4, 1, 2)
6663	(0, 0, 0, 1, 0, 5, 4, 0, 5, 5, 0, 1)
6664	(0, 0, 0, 1, 0, 6, 4, 0, 4, 4, 1, 1)
6665	(0, 0, 0, 1, 0, 5, 4, 0, 4, 4, 0, 2)
6666	(0, 0, 0, 1, 0, 6, 4, 0, 3, 4, 2, 1)
6667	(0, 0, 0, 1, 0, 6, 4, 0, 2, 4, 1, 2)
6668	(0, 0, 0, 1, 0, 5, 4, 0, 3, 4, 1, 2)
6669	(0, 0, 0, 1, 0, 6, 2, 0, 5, 5, 1, 1)
6670	(0, 0, 0, 1, 0, 5, 3, 0, 5, 5, 1, 1)
6671	(0, 0, 0, 1, 0, 5, 2, 0, 6, 5, 1, 1)
6672	(0, 0, 0, 1, 0, 5, 2, 0, 5, 5, 0, 2)
6673	(0, 0, 0, 1, 0, 6, 3, 0, 4, 4, 2, 1)
6674	(0, 0, 0, 1, 0, 6, 2, 0, 4, 4, 1, 2)
6675	(0, 0, 0, 1, 0, 5, 3, 0, 4, 4, 1, 2)
6676	(0, 0, 0, 1, 0, 6, 3, 0, 3, 4, 3, 1)
6677	(0, 0, 0, 1, 0, 6, 3, 0, 2, 4, 2, 2)
6678	(0, 0, 0, 1, 0, 6, 2, 0, 3, 4, 2, 2)
6679	(0, 0, 0, 1, 0, 5, 3, 0, 3, 4, 2, 2)
6680	(0, 0, 0, 1, 0, 6, 1, 0, 6, 4, 2, 1)
6681	(0, 0, 0, 1, 0, 6, 1, 0, 5, 4, 1, 2)
6682	(0, 0, 0, 1, 0, 5, 1, 0, 6, 4, 1, 2)
6683	(0, 0, 0, 1, 0, 4, 5, 0, 5, 5, 0, 1)
6684	(0, 0, 0, 1, 0, 4, 6, 0, 4, 4, 1, 1)
6685	(0, 0, 0, 1, 0, 4, 5, 0, 4, 4, 0, 2)
6686	(0, 0, 0, 1, 0, 4, 6, 0, 3, 4, 2, 1)
6687	(0, 0, 0, 1, 0, 4, 6, 0, 2, 4, 1, 2)
6688	(0, 0, 0, 1, 0, 4, 5, 0, 3, 4, 1, 2)
6689	(0, 0, 0, 1, 0, 4, 4, 0, 6, 4, 1, 1)
6690	(0, 0, 0, 1, 0, 4, 4, 0, 5, 4, 0, 2)
6691	(0, 0, 0, 1, 0, 4, 3, 0, 6, 4, 2, 1)
6692	(0, 0, 0, 1, 0, 4, 3, 0, 5, 4, 1, 2)
6693	(0, 0, 0, 1, 0, 4, 2, 0, 6, 4, 1, 2)
6694	(0, 0, 0, 1, 0, 3, 5, 0, 5, 5, 1, 1)
6695	(0, 0, 0, 1, 0, 2, 6, 0, 5, 5, 1, 1)
6696	(0, 0, 0, 1, 0, 2, 5, 0, 6, 5, 1, 1)
6697	(0, 0, 0, 1, 0, 2, 5, 0, 5, 5, 0, 2)
6698	(0, 0, 0, 1, 0, 3, 6, 0, 4, 4, 2, 1)
6699	(0, 0, 0, 1, 0, 3, 5, 0, 4, 4, 1, 2)
6700	(0, 0, 0, 1, 0, 2, 6, 0, 4, 4, 1, 2)
6701	(0, 0, 0, 1, 0, 3, 6, 0, 3, 4, 3, 1)
6702	(0, 0, 0, 1, 0, 3, 6, 0, 2, 4, 2, 2)
6703	(0, 0, 0, 1, 0, 3, 5, 0, 3, 4, 2, 2)
6704	(0, 0, 0, 1, 0, 2, 6, 0, 3, 4, 2, 2)
6705	(0, 0, 0, 1, 0, 3, 4, 0, 6, 4, 2, 1)
6706	(0, 0, 0, 1, 0, 3, 4, 0, 5, 4, 1, 2)
6707	(0, 0, 0, 1, 0, 2, 4, 0, 6, 4, 1, 2)
6708	(0, 0, 0, 1, 0, 3, 3, 0, 6, 4, 3, 1)
6709	(0, 0, 0, 1, 0, 3, 3, 0, 5, 4, 2, 2)
6710	(0, 0, 0, 1, 0, 3, 2, 0, 6, 4, 2, 2)
6711	(0, 0, 0, 1, 0, 2, 3, 0, 6, 4, 2, 2)
6712	(0, 0, 0, 1, 0, 1, 6, 0, 6, 4, 2, 1)
6713	(0, 0, 0, 1, 0, 1, 6, 0, 5, 4, 1, 2)
6714	(0, 0, 0, 1, 0, 1, 5, 0, 6, 4, 1, 2)
6715	(0, 0, 0, 1, 0, 0, 6, 0, 6, 4, 2, 2)
6716	(0, 0, 0, 1, 0, 0, 0, 6, 6, 4, 2, 2)
6717	(0, 0, 0, 0, 0, 5, 5, 4, 1, 5, 0, 1)
6718	(0, 0, 0, 0, 0, 5, 5, 2, 2, 6, 0, 1)
6719	(0, 0, 0, 0, 0, 6, 5, 2, 1, 5, 1, 1)
6720	(0, 0, 0, 0, 0, 5, 6, 2, 1, 5, 1, 1)
6721	(0, 0, 0, 0, 0, 5, 5, 3, 1, 5, 1, 1)
6722	(0, 0, 0, 0, 0, 5, 5, 2, 1, 5, 0, 2)
6723	(0, 0, 0, 0, 0, 5, 5, 1, 4, 5, 0, 1)
6724	(0, 0, 0, 0, 0, 6, 5, 1, 2, 5, 1, 1)
6725	(0, 0, 0, 0, 0, 5, 6, 1, 2, 5, 1, 1)
6726	(0, 0, 0, 0, 0, 5, 5, 1, 3, 5, 1, 1)
6727	(0, 0, 0, 0, 0, 5, 5, 1, 2, 5, 0, 2)
6728	(0, 0, 0, 0, 0, 6, 6, 1, 1, 4, 2, 1)
6729	(0, 0, 0, 0, 0, 6, 5, 1, 1, 4, 1, 2)
6730	(0, 0, 0, 0, 0, 5, 6, 1, 1, 4, 1, 2)
6731	(0, 0, 0, 0, 0, 5, 4, 5, 1, 5, 0, 1)
6732	(0, 0, 0, 0, 0, 5, 4, 4, 2, 5, 0, 1)
6733	(0, 0, 0, 0, 0, 6, 4, 4, 1, 4, 1, 1)
6734	(0, 0, 0, 0, 0, 5, 4, 4, 1, 4, 0, 2)
6735	(0, 0, 0, 0, 0, 5, 4, 2, 4, 5, 0, 1)
6736	(0, 0, 0, 0, 0, 6, 4, 2, 2, 5, 1, 1)
6737	(0, 0, 0, 0, 0, 5, 4, 3, 2, 5, 1, 1)
6738	(0, 0, 0, 0, 0, 5, 4, 2, 3, 5, 1, 1)
6739	(0, 0, 0, 0, 0, 5, 4, 2, 2, 5, 0, 2)
6740	(0, 0, 0, 0, 0, 6, 4, 3, 1, 4, 2, 1)
6741	(0, 0, 0, 0, 0, 6, 4, 2, 1, 4, 1, 2)
6742	(0, 0, 0, 0, 0, 5, 4, 3, 1, 4, 1, 2)
6743	(0, 0, 0, 0, 0, 5, 4, 1, 5, 5, 0, 1)
6744	(0, 0, 0, 0, 0, 6, 4, 1, 4, 4, 1, 1)
6745	(0, 0, 0, 0, 0, 5, 4, 1, 4, 4, 0, 2)
6746	(0, 0, 0, 0, 0, 6, 4, 1, 3, 4, 2, 1)
6747	(0, 0, 0, 0, 0, 6, 4, 1, 2, 4, 1, 2)
6748	(0, 0, 0, 0, 0, 5, 4, 1, 3, 4, 1, 2)
6749	(0, 0, 0, 0, 0, 5, 2, 5, 2, 6, 0, 1)
6750	(0, 0, 0, 0, 0, 6, 2, 5, 1, 5, 1, 1)
6751	(0, 0, 0, 0, 0, 5, 3, 5, 1, 5, 1, 1)
6752	(0, 0, 0, 0, 0, 5, 2, 6, 1, 5, 1, 1)
6753	(0, 0, 0, 0, 0, 5, 2, 5, 1, 5, 0, 2)
6754	(0, 0, 0, 0, 0, 5, 2, 4, 4, 5, 0, 1)
6755	(0, 0, 0, 0, 0, 6, 2, 4, 2, 5, 1, 1)
6756	(0, 0, 0, 0, 0, 5, 3, 4, 2, 5, 1, 1)
6757	(0, 0, 0, 0, 0, 5, 2, 4, 3, 5, 1, 1)
6758	(0, 0, 0, 0, 0, 5, 2, 4, 2, 5, 0, 2)
6759	(0, 0, 0, 0, 0, 6, 3, 4, 1, 4, 2, 1)
6760	(0, 0, 0, 0, 0, 6, 2, 4, 1, 4, 1, 2)
6761	(0, 0, 0, 0, 0, 5, 3, 4, 1, 4, 1, 2)
6762	(0, 0, 0, 0, 0, 5, 2, 2, 5, 6, 0, 1)
6763	(0, 0, 0, 0, 0, 6, 2, 2, 4, 5, 1, 1)
6764	(0, 0, 0, 0, 0, 5, 3, 2, 4, 5, 1, 1)
6765	(0, 0, 0, 0, 0, 5, 2, 3, 4, 5, 1, 1)
6766	(0, 0, 0, 0, 0, 5, 2, 2, 4, 5, 0, 2)
6767	(0, 0, 0, 0, 0, 6, 3, 2, 2, 5, 2, 1)
6768	(0, 0, 0, 0, 0, 6, 2, 3, 2, 5, 2, 1)
6769	(0, 0, 0, 0, 0, 6, 2, 2, 3, 5, 2, 1)
6770	(0, 0, 0, 0, 0, 6, 2, 2, 2, 5, 1, 2)
6771	(0, 0, 0, 0, 0, 5, 3, 3, 2, 5, 2, 1)
6772	(0, 0, 0, 0, 0, 5, 3, 2, 3, 5, 2, 1)
6773	(0, 0, 0, 0, 0, 5, 3, 2, 2, 5, 1, 2)
6774	(0, 0, 0, 0, 0, 5, 2, 3, 3, 5, 2, 1)
6775	(0, 0, 0, 0, 0, 5, 2, 3, 2, 5, 1, 2)
6776	(0, 0, 0, 0, 0, 5, 2, 2, 3, 5, 1, 2)
6777	(0, 0, 0, 0, 0, 6, 3, 3, 1, 4, 3, 1)
6778	(0, 0, 0, 0, 0, 6, 3, 2, 1, 4, 2, 2)
6779	(0, 0, 0, 0, 0, 6, 2, 3, 1, 4, 2, 2)
6780	(0, 0, 0, 0, 0, 5, 3, 3, 1, 4, 2, 2)
6781	(0, 0, 0, 0, 0, 6, 2, 1, 5, 5, 1, 1)
6782	(0, 0, 0, 0, 0, 5, 3, 1, 5, 5, 1, 1)
6783	(0, 0, 0, 0, 0, 5, 2, 1, 6, 5, 1, 1)
6784	(0, 0, 0, 0, 0, 5, 2, 1, 5, 5, 0, 2)
6785	(0, 0, 0, 0, 0, 6, 3, 1, 4, 4, 2, 1)
6786	(0, 0, 0, 0, 0, 6, 2, 1, 4, 4, 1, 2)
6787	(0, 0, 0, 0, 0, 5, 3, 1, 4, 4, 1, 2)
6788	(0, 0, 0, 0, 0, 6, 3, 1, 3, 4, 3, 1)
6789	(0, 0, 0, 0, 0, 6, 3, 1, 2, 4, 2, 2)
6790	(0, 0, 0, 0, 0, 6, 2, 1, 3, 4, 2, 2)
6791	(0, 0, 0, 0, 0, 5, 3, 1, 3, 4, 2, 2)
6792	(0, 0, 0, 0, 0, 5, 1, 5, 4, 5, 0, 1)
6793	(0, 0, 0, 0, 0, 6, 1, 5, 2, 5, 1, 1)
6794	(0, 0, 0, 0, 0, 5, 1, 6, 2, 5, 1, 1)
6795	(0, 0, 0, 0, 0, 5, 1, 5, 3, 5, 1, 1)
6796	(0, 0, 0, 0, 0, 5, 1, 5, 2, 5, 0, 2)
6797	(0, 0, 0, 0, 0, 6, 1, 6, 1, 4, 2, 1)
6798	(0, 0, 0, 0, 0, 6, 1, 5, 1, 4, 1, 2)
6799	(0, 0, 0, 0, 0, 5, 1, 6, 1, 4, 1, 2)
6800	(0, 0, 0, 0, 0, 5, 1, 4, 5, 5, 0, 1)
6801	(0, 0, 0, 0, 0, 6, 1, 4, 4, 4, 1, 1)
6802	(0, 0, 0, 0, 0, 5, 1, 4, 4, 4, 0, 2)
6803	(0, 0, 0, 0, 0, 6, 1, 4, 3, 4, 2, 1)
6804	(0, 0, 0, 0, 0, 6, 1, 4, 2, 4, 1, 2)
6805	(0, 0, 0, 0, 0, 5, 1, 4, 3, 4, 1, 2)
6806	(0, 0, 0, 0, 0, 6, 1, 2, 5, 5, 1, 1)
6807	(0, 0, 0, 0, 0, 5, 1, 3, 5, 5, 1, 1)
6808	(0, 0, 0, 0, 0, 5, 1, 2, 6, 5, 1, 1)
6809	(0, 0, 0, 0, 0, 5, 1, 2, 5, 5, 0, 2)
6810	(0, 0, 0, 0, 0, 6, 1, 3, 4, 4, 2, 1)
6811	(0, 0, 0, 0, 0, 6, 1, 2, 4, 4, 1, 2)
6812	(0, 0, 0, 0, 0, 5, 1, 3, 4, 4, 1, 2)
6813	(0, 0, 0, 0, 0, 6, 1, 3, 3, 4, 3, 1)
6814	(0, 0, 0, 0, 0, 6, 1, 3, 2, 4, 2, 2)
6815	(0, 0, 0, 0, 0, 6, 1, 2, 3, 4, 2, 2)
6816	(0, 0, 0, 0, 0, 5, 1, 3, 3, 4, 2, 2)
6817	(0, 0, 0, 0, 0, 6, 1, 1, 6, 4, 2, 1)
6818	(0, 0, 0, 0, 0, 6, 1, 1, 5, 4, 1, 2)
6819	(0, 0, 0, 0, 0, 5, 1, 1, 6, 4, 1, 2)
6820	(0, 0, 0, 0, 0, 4, 5, 5, 1, 5, 0, 1)
6821	(0, 0, 0, 0, 0, 4, 5, 4, 2, 5, 0, 1)
6822	(0, 0, 0, 0, 0, 4, 6, 4, 1, 4, 1, 1)
6823	(0, 0, 0, 0, 0, 4, 5, 4, 1, 4, 0, 2)
6824	(0, 0, 0, 0, 0, 4, 5, 2, 4, 5, 0, 1)
6825	(0, 0, 0, 0, 0, 4, 6, 2, 2, 5, 1, 1)
6826	(0, 0, 0, 0, 0, 4, 5, 3, 2, 5, 1, 1)
6827	(0, 0, 0, 0, 0, 4, 5, 2, 3, 5, 1, 1)
6828	(0, 0, 0, 0, 0, 4, 5, 2, 2, 5, 0, 2)
6829	(0, 0, 0, 0, 0, 4, 6, 3, 1, 4, 2, 1)
6830	(0, 0, 0, 0, 0, 4, 6, 2, 1, 4, 1, 2)
6831	(0, 0, 0, 0, 0, 4, 5, 3, 1, 4, 1, 2)
6832	(0, 0, 0, 0, 0, 4, 5, 1, 5, 5, 0, 1)
6833	(0, 0, 0, 0, 0, 4, 6, 1, 4, 4, 1, 1)
6834	(0, 0, 0, 0, 0, 4, 5, 1, 4, 4, 0, 2)
6835	(0, 0, 0, 0, 0, 4, 6, 1, 3, 4, 2, 1)
6836	(0, 0, 0, 0, 0, 4, 6, 1, 2, 4, 1, 2)
6837	(0, 0, 0, 0, 0, 4, 5, 1, 3, 4, 1, 2)
6838	(0, 0, 0, 0, 0, 4, 4, 5, 2, 5, 0, 1)
6839	(0, 0, 0, 0, 0, 4, 4, 6, 1, 4, 1, 1)
6840	(0, 0, 0, 0, 0, 4, 4, 5, 1, 4, 0, 2)
6841	(0, 0, 0, 0, 0, 4, 4, 4, 4, 4, 0, 1)
6842	(0, 0, 0, 0, 0, 4, 4, 4, 3, 4, 1, 1)
6843	(0, 0, 0, 0, 0, 4, 4, 4, 2, 4, 0, 2)
6844	(0, 0, 0, 0, 0, 4, 4, 2, 5, 5, 0, 1)
6845	(0, 0, 0, 0, 0, 4, 4, 3, 4, 4, 1, 1)
6846	(0, 0, 0, 0, 0, 4, 4, 2, 4, 4, 0, 2)
6847	(0, 0, 0, 0, 0, 4, 4, 3, 3, 4, 2, 1)
6848	(0, 0, 0, 0, 0, 4, 4, 3, 2, 4, 1, 2)
6849	(0, 0, 0, 0, 0, 4, 4, 2, 3, 4, 1, 2)
6850	(0, 0, 0, 0, 0, 4, 4, 1, 6, 4, 1, 1)
6851	(0, 0, 0, 0, 0, 4, 4, 1, 5, 4, 0, 2)
6852	(0, 0, 0, 0, 0, 4, 2, 5, 4, 5, 0, 1)
6853	(0, 0, 0, 0, 0, 4, 3, 5, 2, 5, 1, 1)
6854	(0, 0, 0, 0, 0, 4, 2, 6, 2, 5, 1, 1)
6855	(0, 0, 0, 0, 0, 4, 2, 5, 3, 5, 1, 1)
6856	(0, 0, 0, 0, 0, 4, 2, 5, 2, 5, 0, 2)
6857	(0, 0, 0, 0, 0, 4, 3, 6, 1, 4, 2, 1)
6858	(0, 0, 0, 0, 0, 4, 3, 5, 1, 4, 1, 2)
6859	(0, 0, 0, 0, 0, 4, 2, 6, 1, 4, 1, 2)
6860	(0, 0, 0, 0, 0, 4, 2, 4, 5, 5, 0, 1)
6861	(0, 0, 0, 0, 0, 4, 3, 4, 4, 4, 1, 1)
6862	(0, 0, 0, 0, 0, 4, 2, 4, 4, 4, 0, 2)
6863	(0, 0, 0, 0, 0, 4, 3, 4, 3, 4, 2, 1)
6864	(0, 0, 0, 0, 0, 4, 3, 4, 2, 4, 1, 2)
6865	(0, 0, 0, 0, 0, 4, 2, 4, 3, 4, 1, 2)
6866	(0, 0, 0, 0, 0, 4, 3, 2, 5, 5, 1, 1)
6867	(0, 0, 0, 0, 0, 4, 2, 3, 5, 5, 1, 1)
6868	(0, 0, 0, 0, 0, 4, 2, 2, 6, 5, 1, 1)
6869	(0, 0, 0, 0, 0, 4, 2, 2, 5, 5, 0, 2)
6870	(0, 0, 0, 0, 0, 4, 3, 3, 4, 4, 2, 1)
6871	(0, 0, 0, 0, 0, 4, 3, 2, 4, 4, 1, 2)
6872	(0, 0, 0, 0, 0, 4, 2, 3, 4, 4, 1, 2)
6873	(0, 0, 0, 0, 0, 4, 3, 3, 3, 4, 3, 1)
6874	(0, 0, 0, 0, 0, 4, 3, 3, 2, 4, 2, 2)
6875	(0, 0, 0, 0, 0, 4, 3, 2, 3, 4, 2, 2)
6876	(0, 0, 0, 0, 0, 4, 2, 3, 3, 4, 2, 2)
6877	(0, 0, 0, 0, 0, 4, 3, 1, 6, 4, 2, 1)
6878	(0, 0, 0, 0, 0, 4, 3, 1, 5, 4, 1, 2)
6879	(0, 0, 0, 0, 0, 4, 2, 1, 6, 4, 1, 2)
6880	(0, 0, 0, 0, 0, 4, 1, 5, 5, 5, 0, 1)
6881	(0, 0, 0, 0, 0, 4, 1, 6, 4, 4, 1, 1)
6882	(0, 0, 0, 0, 0, 4, 1, 5, 4, 4, 0, 2)
6883	(0, 0, 0, 0, 0, 4, 1, 6, 3, 4, 2, 1)
6884	(0, 0, 0, 0, 0, 4, 1, 6, 2, 4, 1, 2)
6885	(0, 0, 0, 0, 0, 4, 1, 5, 3, 4, 1, 2)
6886	(0, 0, 0, 0, 0, 4, 1, 4, 6, 4, 1, 1)
6887	(0, 0, 0, 0, 0, 4, 1, 4, 5, 4, 0, 2)
6888	(0, 0, 0, 0, 0, 4, 1, 3, 6, 4, 2, 1)
6889	(0, 0, 0, 0, 0, 4, 1, 3, 5, 4, 1, 2)
6890	(0, 0, 0, 0, 0, 4, 1, 2, 6, 4, 1, 2)
6891	(0, 0, 0, 0, 0, 2, 5, 5, 2, 6, 0, 1)
6892	(0, 0, 0, 0, 0, 3, 5, 5, 1, 5, 1, 1)
6893	(0, 0, 0, 0, 0, 2, 6, 5, 1, 5, 1, 1)
6894	(0, 0, 0, 0, 0, 2, 5, 6, 1, 5, 1, 1)
6895	(0, 0, 0, 0, 0, 2, 5, 5, 1, 5, 0, 2)
6896	(0, 0, 0, 0, 0, 2, 5, 4, 4, 5, 0, 1)
6897	(0, 0, 0, 0, 0, 3, 5, 4, 2, 5, 1, 1)
6898	(0, 0, 0, 0, 0, 2, 6, 4, 2, 5, 1, 1)
6899	(0, 0, 0, 0, 0, 2, 5, 4, 3, 5, 1, 1)
6900	(0, 0, 0, 0, 0, 2, 5, 4, 2, 5, 0, 2)
6901	(0, 0, 0, 0, 0, 3, 6, 4, 1, 4, 2, 1)
6902	(0, 0, 0, 0, 0, 3, 5, 4, 1, 4, 1, 2)
6903	(0, 0, 0, 0, 0, 2, 6, 4, 1, 4, 1, 2)
6904	(0, 0, 0, 0, 0, 2, 5, 2, 5, 6, 0, 1)
6905	(0, 0, 0, 0, 0, 3, 5, 2, 4, 5, 1, 1)
6906	(0, 0, 0, 0, 0, 2, 6, 2, 4, 5, 1, 1)
6907	(0, 0, 0, 0, 0, 2, 5, 3, 4, 5, 1, 1)
6908	(0, 0, 0, 0, 0, 2, 5, 2, 4, 5, 0, 2)
6909	(0, 0, 0, 0, 0, 3, 6, 2, 2, 5, 2, 1)
6910	(0, 0, 0, 0, 0, 3, 5, 3, 2, 5, 2, 1)
6911	(0, 0, 0, 0, 0, 3, 5, 2, 3, 5, 2, 1)
6912	(0, 0, 0, 0, 0, 3, 5, 2, 2, 5, 1, 2)
6913	(0, 0, 0, 0, 0, 2, 6, 3, 2, 5, 2, 1)
6914	(0, 0, 0, 0, 0, 2, 6, 2, 3, 5, 2, 1)
6915	(0, 0, 0, 0, 0, 2, 6, 2, 2, 5, 1, 2)
6916	(0, 0, 0, 0, 0, 2, 5, 3, 3, 5, 2, 1)
6917	(0, 0, 0, 0, 0, 2, 5, 3, 2, 5, 1, 2)
6918	(0, 0, 0, 0, 0, 2, 5, 2, 3, 5, 1, 2)
6919	(0, 0, 0, 0, 0, 3, 6, 3, 1, 4, 3, 1)
6920	(0, 0, 0, 0, 0, 3, 6, 2, 1, 4, 2, 2)
6921	(0, 0, 0, 0, 0, 3, 5, 3, 1, 4, 2, 2)
6922	(0, 0, 0, 0, 0, 2, 6, 3, 1, 4, 2, 2)
6923	(0, 0, 0, 0, 0, 3, 5, 1, 5, 5, 1, 1)
6924	(0, 0, 0, 0, 0, 2, 6, 1, 5, 5, 1, 1)
6925	(0, 0, 0, 0, 0, 2, 5, 1, 6, 5, 1, 1)
6926	(0, 0, 0, 0, 0, 2, 5, 1, 5, 5, 0, 2)
6927	(0, 0, 0, 0, 0, 3, 6, 1, 4, 4, 2, 1)
6928	(0, 0, 0, 0, 0, 3, 5, 1, 4, 4, 1, 2)
6929	(0, 0, 0, 0, 0, 2, 6, 1, 4, 4, 1, 2)
6930	(0, 0, 0, 0, 0, 3, 6, 1, 3, 4, 3, 1)
6931	(0, 0, 0, 0, 0, 3, 6, 1, 2, 4, 2, 2)
6932	(0, 0, 0, 0, 0, 3, 5, 1, 3, 4, 2, 2)
6933	(0, 0, 0, 0, 0, 2, 6, 1, 3, 4, 2, 2)
6934	(0, 0, 0, 0, 0, 2, 4, 5, 4, 5, 0, 1)
6935	(0, 0, 0, 0, 0, 3, 4, 5, 2, 5, 1, 1)
6936	(0, 0, 0, 0, 0, 2, 4, 6, 2, 5, 1, 1)
6937	(0, 0, 0, 0, 0, 2, 4, 5, 3, 5, 1, 1)
6938	(0, 0, 0, 0, 0, 2, 4, 5, 2, 5, 0, 2)
6939	(0, 0, 0, 0, 0, 3, 4, 6, 1, 4, 2, 1)
6940	(0, 0, 0, 0, 0, 3, 4, 5, 1, 4, 1, 2)
6941	(0, 0, 0, 0, 0, 2, 4, 6, 1, 4, 1, 2)
6942	(0, 0, 0, 0, 0, 2, 4, 4, 5, 5, 0, 1)
6943	(0, 0, 0, 0, 0, 3, 4, 4, 4, 4, 1, 1)
6944	(0, 0, 0, 0, 0, 2, 4, 4, 4, 4, 0, 2)
6945	(0, 0, 0, 0, 0, 3, 4, 4, 3, 4, 2, 1)
6946	(0, 0, 0, 0, 0, 3, 4, 4, 2, 4, 1, 2)
6947	(0, 0, 0, 0, 0, 2, 4, 4, 3, 4, 1, 2)
6948	(0, 0, 0, 0, 0, 3, 4, 2, 5, 5, 1, 1)
6949	(0, 0, 0, 0, 0, 2, 4, 3, 5, 5, 1, 1)
6950	(0, 0, 0, 0, 0, 2, 4, 2, 6, 5, 1, 1)
6951	(0, 0, 0, 0, 0, 2, 4, 2, 5, 5, 0, 2)
6952	(0, 0, 0, 0, 0, 3, 4, 3, 4, 4, 2, 1)
6953	(0, 0, 0, 0, 0, 3, 4, 2, 4, 4, 1, 2)
6954	(0, 0, 0, 0, 0, 2, 4, 3, 4, 4, 1, 2)
6955	(0, 0, 0, 0, 0, 3, 4, 3, 3, 4, 3, 1)
6956	(0, 0, 0, 0, 0, 3, 4, 3, 2, 4, 2, 2)
6957	(0, 0, 0, 0, 0, 3, 4, 2, 3, 4, 2, 2)
6958	(0, 0, 0, 0, 0, 2, 4, 3, 3, 4, 2, 2)
6959	(0, 0, 0, 0, 0, 3, 4, 1, 6, 4, 2, 1)
6960	(0, 0, 0, 0, 0, 3, 4, 1, 5, 4, 1, 2)
6961	(0, 0, 0, 0, 0, 2, 4, 1, 6, 4, 1, 2)
6962	(0, 0, 0, 0, 0, 2, 2, 5, 5, 6, 0, 1)
6963	(0, 0, 0, 0, 0, 3, 2, 5, 4, 5, 1, 1)
6964	(0, 0, 0, 0, 0, 2, 3, 5, 4, 5, 1, 1)
6965	(0, 0, 0, 0, 0, 2, 2, 6, 4, 5, 1, 1)
6966	(0, 0, 0, 0, 0, 2, 2, 5, 4, 5, 0, 2)
6967	(0, 0, 0, 0, 0, 3, 3, 5, 2, 5, 2, 1)
6968	(0, 0, 0, 0, 0, 3, 2, 6, 2, 5, 2, 1)
6969	(0, 0, 0, 0, 0, 3, 2, 5, 3, 5, 2, 1)
6970	(0, 0, 0, 0, 0, 3, 2, 5, 2, 5, 1, 2)
6971	(0, 0, 0, 0, 0, 2, 3, 6, 2, 5, 2, 1)
6972	(0, 0, 0, 0, 0, 2, 3, 5, 3, 5, 2, 1)
6973	(0, 0, 0, 0, 0, 2, 3, 5, 2, 5, 1, 2)
6974	(0, 0, 0, 0, 0, 2, 2, 6, 3, 5, 2, 1)
6975	(0, 0, 0, 0, 0, 2, 2, 6, 2, 5, 1, 2)
6976	(0, 0, 0, 0, 0, 2, 2, 5, 3, 5, 1, 2)
6977	(0, 0, 0, 0, 0, 3, 3, 6, 1, 4, 3, 1)
6978	(0, 0, 0, 0, 0, 3, 3, 5, 1, 4, 2, 2)
6979	(0, 0, 0, 0, 0, 3, 2, 6, 1, 4, 2, 2)
6980	(0, 0, 0, 0, 0, 2, 3, 6, 1, 4, 2, 2)
6981	(0, 0, 0, 0, 0, 3, 2, 4, 5, 5, 1, 1)
6982	(0, 0, 0, 0, 0, 2, 3, 4, 5, 5, 1, 1)
6983	(0, 0, 0, 0, 0, 2, 2, 4, 6, 5, 1, 1)
6984	(0, 0, 0, 0, 0, 2, 2, 4, 5, 5, 0, 2)
6985	(0, 0, 0, 0, 0, 3, 3, 4, 4, 4, 2, 1)
6986	(0, 0, 0, 0, 0, 3, 2, 4, 4, 4, 1, 2)
6987	(0, 0, 0, 0, 0, 2, 3, 4, 4, 4, 1, 2)
6988	(0, 0, 0, 0, 0, 3, 3, 4, 3, 4, 3, 1)
6989	(0, 0, 0, 0, 0, 3, 3, 4, 2, 4, 2, 2)
6990	(0, 0, 0, 0, 0, 3, 2, 4, 3, 4, 2, 2)
6991	(0, 0, 0, 0, 0, 2, 3, 4, 3, 4, 2, 2)
6992	(0, 0, 0, 0, 0, 3, 3, 2, 5, 5, 2, 1)
6993	(0, 0, 0, 0, 0, 3, 2, 3, 5, 5, 2, 1)
6994	(0, 0, 0, 0, 0, 3, 2, 2, 6, 5, 2, 1)
6995	(0, 0, 0, 0, 0, 3, 2, 2, 5, 5, 1, 2)
6996	(0, 0, 0, 0, 0, 2, 3, 3, 5, 5, 2, 1)
6997	(0, 0, 0, 0, 0, 2, 3, 2, 6, 5, 2, 1)
6998	(0, 0, 0, 0, 0, 2, 3, 2, 5, 5, 1, 2)
6999	(0, 0, 0, 0, 0, 2, 2, 3, 6, 5, 2, 1)
7000	(0, 0, 0, 0, 0, 2, 2, 3, 5, 5, 1, 2)
7001	(0, 0, 0, 0, 0, 2, 2, 2, 6, 5, 1, 2)
7002	(0, 0, 0, 0, 0, 3, 3, 3, 4, 4, 3, 1)
7003	(0, 0, 0, 0, 0, 3, 3, 2, 4, 4, 2, 2)
7004	(0, 0, 0, 0, 0, 3, 2, 3, 4, 4, 2, 2)
7005	(0, 0, 0, 0, 0, 2, 3, 3, 4, 4, 2, 2)
7006	(0, 0, 0, 0, 0, 3, 3, 3, 3, 4, 4, 1)
7007	(0, 0, 0, 0, 0, 3, 3, 3, 2, 4, 3, 2)
7008	(0, 0, 0, 0, 0, 3, 3, 2, 3, 4, 3, 2)
7009	(0, 0, 0, 0, 0, 3, 2, 3, 3, 4, 3, 2)
7010	(0, 0, 0, 0, 0, 2, 3, 3, 3, 4, 3, 2)
7011	(0, 0, 0, 0, 0, 3, 3, 1, 6, 4, 3, 1)
7012	(0, 0, 0, 0, 0, 3, 3, 1, 5, 4, 2, 2)
7013	(0, 0, 0, 0, 0, 3, 2, 1, 6, 4, 2, 2)
7014	(0, 0, 0, 0, 0, 2, 3, 1, 6, 4, 2, 2)
7015	(0, 0, 0, 0, 0, 3, 1, 5, 5, 5, 1, 1)
7016	(0, 0, 0, 0, 0, 2, 1, 6, 5, 5, 1, 1)
7017	(0, 0, 0, 0, 0, 2, 1, 5, 6, 5, 1, 1)
7018	(0, 0, 0, 0, 0, 2, 1, 5, 5, 5, 0, 2)
7019	(0, 0, 0, 0, 0, 3, 1, 6, 4, 4, 2, 1)
7020	(0, 0, 0, 0, 0, 3, 1, 5, 4, 4, 1, 2)
7021	(0, 0, 0, 0, 0, 2, 1, 6, 4, 4, 1, 2)
7022	(0, 0, 0, 0, 0, 3, 1, 6, 3, 4, 3, 1)
7023	(0, 0, 0, 0, 0, 3, 1, 6, 2, 4, 2, 2)
7024	(0, 0, 0, 0, 0, 3, 1, 5, 3, 4, 2, 2)
7025	(0, 0, 0, 0, 0, 2, 1, 6, 3, 4, 2, 2)
7026	(0, 0, 0, 0, 0, 3, 1, 4, 6, 4, 2, 1)
7027	(0, 0, 0, 0, 0, 3, 1, 4, 5, 4, 1, 2)
7028	(0, 0, 0, 0, 0, 2, 1, 4, 6, 4, 1, 2)
7029	(0, 0, 0, 0, 0, 3, 1, 3, 6, 4, 3, 1)
7030	(0, 0, 0, 0, 0, 3, 1, 3, 5, 4, 2, 2)
7031	(0, 0, 0, 0, 0, 3, 1, 2, 6, 4, 2, 2)
7032	(0, 0, 0, 0, 0, 2, 1, 3, 6, 4, 2, 2)
7033	(0, 0, 0, 0, 0, 1, 5, 5, 4, 5, 0, 1)
7034	(0, 0, 0, 0, 0, 1, 6, 5, 2, 5, 1, 1)
7035	(0, 0, 0, 0, 0, 1, 5, 6, 2, 5, 1, 1)
7036	(0, 0, 0, 0, 0, 1, 5, 5, 3, 5, 1, 1)
7037	(0, 0, 0, 0, 0, 1, 5, 5, 2, 5, 0, 2)
7038	(0, 0, 0, 0, 0, 1, 6, 6, 1, 4, 2, 1)
7039	(0, 0, 0, 0, 0, 1, 6, 5, 1, 4, 1, 2)
7040	(0, 0, 0, 0, 0, 1, 5, 6, 1, 4, 1, 2)
7041	(0, 0, 0, 0, 0, 1, 5, 4, 5, 5, 0, 1)
7042	(0, 0, 0, 0, 0, 1, 6, 4, 4, 4, 1, 1)
7043	(0, 0, 0, 0, 0, 1, 5, 4, 4, 4, 0, 2)
7044	(0, 0, 0, 0, 0, 1, 6, 4, 3, 4, 2, 1)
7045	(0, 0, 0, 0, 0, 1, 6, 4, 2, 4, 1, 2)
7046	(0, 0, 0, 0, 0, 1, 5, 4, 3, 4, 1, 2)
7047	(0, 0, 0, 0, 0, 1, 6, 2, 5, 5, 1, 1)
7048	(0, 0, 0, 0, 0, 1, 5, 3, 5, 5, 1, 1)
7049	(0, 0, 0, 0, 0, 1, 5, 2, 6, 5, 1, 1)
7050	(0, 0, 0, 0, 0, 1, 5, 2, 5, 5, 0, 2)
7051	(0, 0, 0, 0, 0, 1, 6, 3, 4, 4, 2, 1)
7052	(0, 0, 0, 0, 0, 1, 6, 2, 4, 4, 1, 2)
7053	(0, 0, 0, 0, 0, 1, 5, 3, 4, 4, 1, 2)
7054	(0, 0, 0, 0, 0, 1, 6, 3, 3, 4, 3, 1)
7055	(0, 0, 0, 0, 0, 1, 6, 3, 2, 4, 2, 2)
7056	(0, 0, 0, 0, 0, 1, 6, 2, 3, 4, 2, 2)
7057	(0, 0, 0, 0, 0, 1, 5, 3, 3, 4, 2, 2)
7058	(0, 0, 0, 0, 0, 1, 6, 1, 6, 4, 2, 1)
7059	(0, 0, 0, 0, 0, 1, 6, 1, 5, 4, 1, 2)
7060	(0, 0, 0, 0, 0, 1, 5, 1, 6, 4, 1, 2)
7061	(0, 0, 0, 0, 0, 1, 4, 5, 5, 5, 0, 1)
7062	(0, 0, 0, 0, 0, 1, 4, 6, 4, 4, 1, 1)
7063	(0, 0, 0, 0, 0, 1, 4, 5, 4, 4, 0, 2)
7064	(0, 0, 0, 0, 0, 1, 4, 6, 3, 4, 2, 1)
7065	(0, 0, 0, 0, 0, 1, 4, 6, 2, 4, 1, 2)
7066	(0, 0, 0, 0, 0, 1, 4, 5, 3, 4, 1, 2)
7067	(0, 0, 0, 0, 0, 1, 4, 4, 6, 4, 1, 1)
7068	(0, 0, 0, 0, 0, 1, 4, 4, 5, 4, 0, 2)
7069	(0, 0, 0, 0, 0, 1, 4, 3, 6, 4, 2, 1)
7070	(0, 0, 0, 0, 0, 1, 4, 3, 5, 4, 1, 2)
7071	(0, 0, 0, 0, 0, 1, 4, 2, 6, 4, 1, 2)
7072	(0, 0, 0, 0, 0, 1, 3, 5, 5, 5, 1, 1)
7073	(0, 0, 0, 0, 0, 1, 2, 6, 5, 5, 1, 1)
7074	(0, 0, 0, 0, 0, 1, 2, 5, 6, 5, 1, 1)
7075	(0, 0, 0, 0, 0, 1, 2, 5, 5, 5, 0, 2)
7076	(0, 0, 0, 0, 0, 1, 3, 6, 4, 4, 2, 1)
7077	(0, 0, 0, 0, 0, 1, 3, 5, 4, 4, 1, 2)
7078	(0, 0, 0, 0, 0, 1, 2, 6, 4, 4, 1, 2)
7079	(0, 0, 0, 0, 0, 1, 3, 6, 3, 4, 3, 1)
7080	(0, 0, 0, 0, 0, 1, 3, 6, 2, 4, 2, 2)
7081	(0, 0, 0, 0, 0, 1, 3, 5, 3, 4, 2, 2)
7082	(0, 0, 0, 0, 0, 1, 2, 6, 3, 4, 2, 2)
7083	(0, 0, 0, 0, 0, 1, 3, 4, 6, 4, 2, 1)
7084	(0, 0, 0, 0, 0, 1, 3, 4, 5, 4, 1, 2)
7085	(0, 0, 0, 0, 0, 1, 2, 4, 6, 4, 1, 2)
7086	(0, 0, 0, 0, 0, 1, 3, 3, 6, 4, 3, 1)
7087	(0, 0, 0, 0, 0, 1, 3, 3, 5, 4, 2, 2)
7088	(0, 0, 0, 0, 0, 1, 3, 2, 6, 4, 2, 2)
7089	(0, 0, 0, 0, 0, 1, 2, 3, 6, 4, 2, 2)
7090	(0, 0, 0, 0, 0, 1, 1, 6, 6, 4, 2, 1)
7091	(0, 0, 0, 0, 0, 1, 1, 6, 5, 4, 1, 2)
7092	(0, 0, 0, 0, 0, 1, 1, 5, 6, 4, 1, 2)
7093	(0, 0, 0, 0, 0, 0, 5, 5, 5, 6, 0, 1)
7094	(0, 0, 0, 0, 0, 0, 6, 5, 4, 5, 1, 1)
7095	(0, 0, 0, 0, 0, 0, 5, 6, 4, 5, 1, 1)
7096	(0, 0, 0, 0, 0, 0, 5, 5, 4, 5, 0, 2)
7097	(0, 0, 0, 0, 0, 0, 6, 6, 2, 5, 2, 1)
7098	(0, 0, 0, 0, 0, 0, 6, 5, 3, 5, 2, 1)
7099	(0, 0, 0, 0, 0, 0, 6, 5, 2, 5, 1, 2)
7100	(0, 0, 0, 0, 0, 0, 5, 6, 3, 5, 2, 1)
7101	(0, 0, 0, 0, 0, 0, 5, 6, 2, 5, 1, 2)
7102	(0, 0, 0, 0, 0, 0, 5, 5, 3, 5, 1, 2)
7103	(0, 0, 0, 0, 0, 0, 6, 6, 1, 4, 2, 2)
7104	(0, 0, 0, 0, 0, 0, 6, 4, 5, 5, 1, 1)
7105	(0, 0, 0, 0, 0, 0, 5, 4, 6, 5, 1, 1)
7106	(0, 0, 0, 0, 0, 0, 5, 4, 5, 5, 0, 2)
7107	(0, 0, 0, 0, 0, 0, 6, 4, 4, 4, 1, 2)
7108	(0, 0, 0, 0, 0, 0, 6, 4, 3, 4, 2, 2)
7109	(0, 0, 0, 0, 0, 0, 6, 3, 5, 5, 2, 1)
7110	(0, 0, 0, 0, 0, 0, 6, 2, 6, 5, 2, 1)
7111	(0, 0, 0, 0, 0, 0, 6, 2, 5, 5, 1, 2)
7112	(0, 0, 0, 0, 0, 0, 5, 3, 6, 5, 2, 1)
7113	(0, 0, 0, 0, 0, 0, 5, 3, 5, 5, 1, 2)
7114	(0, 0, 0, 0, 0, 0, 5, 2, 6, 5, 1, 2)
7115	(0, 0, 0, 0, 0, 0, 6, 3, 4, 4, 2, 2)
7116	(0, 0, 0, 0, 0, 0, 6, 3, 3, 4, 3, 2)
7117	(0, 0, 0, 0, 0, 0, 6, 1, 6, 4, 2, 2)
7118	(0, 0, 0, 0, 0, 0, 4, 6, 5, 5, 1, 1)
7119	(0, 0, 0, 0, 0, 0, 4, 5, 6, 5, 1, 1)
7120	(0, 0, 0, 0, 0, 0, 4, 5, 5, 5, 0, 2)
7121	(0, 0, 0, 0, 0, 0, 4, 6, 4, 4, 1, 2)
7122	(0, 0, 0, 0, 0, 0, 4, 6, 3, 4, 2, 2)
7123	(0, 0, 0, 0, 0, 0, 4, 4, 6, 4, 1, 2)
7124	(0, 0, 0, 0, 0, 0, 4, 3, 6, 4, 2, 2)
7125	(0, 0, 0, 0, 0, 0, 3, 6, 5, 5, 2, 1)
7126	(0, 0, 0, 0, 0, 0, 3, 5, 6, 5, 2, 1)
7127	(0, 0, 0, 0, 0, 0, 3, 5, 5, 5, 1, 2)
7128	(0, 0, 0, 0, 0, 0, 2, 6, 6, 5, 2, 1)
7129	(0, 0, 0, 0, 0, 0, 2, 6, 5, 5, 1, 2)
7130	(0, 0, 0, 0, 0, 0, 2, 5, 6, 5, 1, 2)
7131	(0, 0, 0, 0, 0, 0, 3, 6, 4, 4, 2, 2)
7132	(0, 0, 0, 0, 0, 0, 3, 6, 3, 4, 3, 2)
7133	(0, 0, 0, 0, 0, 0, 3, 4, 6, 4, 2, 2)
7134	(0, 0, 0, 0, 0, 0, 3, 3, 6, 4, 3, 2)
7135	(0, 0, 0, 0, 0, 0, 1, 6, 6, 4, 2, 2)
7136	(0, 0, 0, 0, 0, 5, 5, 0, 5, 6, 0, 1)
7137	(0, 0, 0, 0, 0, 6, 5, 0, 4, 5, 1, 1)
7138	(0, 0, 0, 0, 0, 5, 6, 0, 4, 5, 1, 1)
7139	(0, 0, 0, 0, 0, 5, 5, 0, 4, 5, 0, 2)
7140	(0, 0, 0, 0, 0, 6, 6, 0, 2, 5, 2, 1)
7141	(0, 0, 0, 0, 0, 6, 5, 0, 3, 5, 2, 1)
7142	(0, 0, 0, 0, 0, 6, 5, 0, 2, 5, 1, 2)
7143	(0, 0, 0, 0, 0, 5, 6, 0, 3, 5, 2, 1)
7144	(0, 0, 0, 0, 0, 5, 6, 0, 2, 5, 1, 2)
7145	(0, 0, 0, 0, 0, 5, 5, 0, 3, 5, 1, 2)
7146	(0, 0, 0, 0, 0, 6, 6, 0, 1, 4, 2, 2)
7147	(0, 0, 0, 0, 0, 6, 4, 0, 5, 5, 1, 1)
7148	(0, 0, 0, 0, 0, 5, 4, 0, 6, 5, 1, 1)
7149	(0, 0, 0, 0, 0, 5, 4, 0, 5, 5, 0, 2)
7150	(0, 0, 0, 0, 0, 6, 4, 0, 4, 4, 1, 2)
7151	(0, 0, 0, 0, 0, 6, 4, 0, 3, 4, 2, 2)
7152	(0, 0, 0, 0, 0, 6, 3, 0, 5, 5, 2, 1)
7153	(0, 0, 0, 0, 0, 6, 2, 0, 6, 5, 2, 1)
7154	(0, 0, 0, 0, 0, 6, 2, 0, 5, 5, 1, 2)
7155	(0, 0, 0, 0, 0, 5, 3, 0, 6, 5, 2, 1)
7156	(0, 0, 0, 0, 0, 5, 3, 0, 5, 5, 1, 2)
7157	(0, 0, 0, 0, 0, 5, 2, 0, 6, 5, 1, 2)
7158	(0, 0, 0, 0, 0, 6, 3, 0, 4, 4, 2, 2)
7159	(0, 0, 0, 0, 0, 6, 3, 0, 3, 4, 3, 2)
7160	(0, 0, 0, 0, 0, 6, 1, 0, 6, 4, 2, 2)
7161	(0, 0, 0, 0, 0, 4, 6, 0, 5, 5, 1, 1)
7162	(0, 0, 0, 0, 0, 4, 5, 0, 6, 5, 1, 1)
7163	(0, 0, 0, 0, 0, 4, 5, 0, 5, 5, 0, 2)
7164	(0, 0, 0, 0, 0, 4, 6, 0, 4, 4, 1, 2)
7165	(0, 0, 0, 0, 0, 4, 6, 0, 3, 4, 2, 2)
7166	(0, 0, 0, 0, 0, 4, 4, 0, 6, 4, 1, 2)
7167	(0, 0, 0, 0, 0, 4, 3, 0, 6, 4, 2, 2)
7168	(0, 0, 0, 0, 0, 3, 6, 0, 5, 5, 2, 1)
7169	(0, 0, 0, 0, 0, 3, 5, 0, 6, 5, 2, 1)
7170	(0, 0, 0, 0, 0, 3, 5, 0, 5, 5, 1, 2)
7171	(0, 0, 0, 0, 0, 2, 6, 0, 6, 5, 2, 1)
7172	(0, 0, 0, 0, 0, 2, 6, 0, 5, 5, 1, 2)
7173	(0, 0, 0, 0, 0, 2, 5, 0, 6, 5, 1, 2)
7174	(0, 0, 0, 0, 0, 3, 6, 0, 4, 4, 2, 2)
7175	(0, 0, 0, 0, 0, 3, 6, 0, 3, 4, 3, 2)
7176	(0, 0, 0, 0, 0, 3, 4, 0, 6, 4, 2, 2)
7177	(0, 0, 0, 0, 0, 3, 3, 0, 6, 4, 3, 2)
7178	(0, 0, 0, 0, 0, 1, 6, 0, 6, 4, 2, 2)
7179	(0, 0, 0, 1, 0, 5, 5, 5, 1, 6, 0, 0)
7180	(0, 0, 0, 1, 0, 5, 5, 4, 2, 6, 0, 0)
7181	(0, 0, 0, 1, 0, 6, 5, 4, 1, 5, 1, 0)
7182	(0, 0, 0, 1, 0, 5, 6, 4, 1, 5, 1, 0)
7183	(0, 0, 0, 1, 0, 5, 5, 2, 4, 6, 0, 0)
7184	(0, 0, 0, 1, 0, 6, 5, 2, 2, 6, 1, 0)
7185	(0, 0, 0, 1, 0, 5, 6, 2, 2, 6, 1, 0)
7186	(0, 0, 0, 1, 0, 5, 5, 3, 2, 6, 1, 0)
7187	(0, 0, 0, 1, 0, 5, 5, 2, 3, 6, 1, 0)
7188	(0, 0, 0, 1, 0, 6, 6, 2, 1, 5, 2, 0)
7189	(0, 0, 0, 1, 0, 6, 5, 3, 1, 5, 2, 0)
7190	(0, 0, 0, 1, 0, 5, 6, 3, 1, 5, 2, 0)
7191	(0, 0, 0, 1, 0, 5, 5, 1, 5, 6, 0, 0)
7192	(0, 0, 0, 1, 0, 6, 5, 1, 4, 5, 1, 0)
7193	(0, 0, 0, 1, 0, 5, 6, 1, 4, 5, 1, 0)
7194	(0, 0, 0, 1, 0, 6, 6, 1, 2, 5, 2, 0)
7195	(0, 0, 0, 1, 0, 6, 5, 1, 3, 5, 2, 0)
7196	(0, 0, 0, 1, 0, 5, 6, 1, 3, 5, 2, 0)
7197	(0, 0, 0, 1, 0, 5, 4, 5, 2, 6, 0, 0)
7198	(0, 0, 0, 1, 0, 6, 4, 5, 1, 5, 1, 0)
7199	(0, 0, 0, 1, 0, 5, 4, 6, 1, 5, 1, 0)
7200	(0, 0, 0, 1, 0, 5, 4, 4, 4, 5, 0, 0)
7201	(0, 0, 0, 1, 0, 6, 4, 4, 2, 5, 1, 0)
7202	(0, 0, 0, 1, 0, 5, 4, 4, 3, 5, 1, 0)
7203	(0, 0, 0, 1, 0, 5, 4, 2, 5, 6, 0, 0)
7204	(0, 0, 0, 1, 0, 6, 4, 2, 4, 5, 1, 0)
7205	(0, 0, 0, 1, 0, 5, 4, 3, 4, 5, 1, 0)
7206	(0, 0, 0, 1, 0, 6, 4, 3, 2, 5, 2, 0)
7207	(0, 0, 0, 1, 0, 6, 4, 2, 3, 5, 2, 0)
7208	(0, 0, 0, 1, 0, 5, 4, 3, 3, 5, 2, 0)
7209	(0, 0, 0, 1, 0, 6, 4, 1, 5, 5, 1, 0)
7210	(0, 0, 0, 1, 0, 5, 4, 1, 6, 5, 1, 0)
7211	(0, 0, 0, 1, 0, 5, 2, 5, 4, 6, 0, 0)
7212	(0, 0, 0, 1, 0, 6, 2, 5, 2, 6, 1, 0)
7213	(0, 0, 0, 1, 0, 5, 3, 5, 2, 6, 1, 0)
7214	(0, 0, 0, 1, 0, 5, 2, 6, 2, 6, 1, 0)
7215	(0, 0, 0, 1, 0, 5, 2, 5, 3, 6, 1, 0)
7216	(0, 0, 0, 1, 0, 6, 3, 5, 1, 5, 2, 0)
7217	(0, 0, 0, 1, 0, 6, 2, 6, 1, 5, 2, 0)
7218	(0, 0, 0, 1, 0, 5, 3, 6, 1, 5, 2, 0)
7219	(0, 0, 0, 1, 0, 5, 2, 4, 5, 6, 0, 0)
7220	(0, 0, 0, 1, 0, 6, 2, 4, 4, 5, 1, 0)
7221	(0, 0, 0, 1, 0, 5, 3, 4, 4, 5, 1, 0)
7222	(0, 0, 0, 1, 0, 6, 3, 4, 2, 5, 2, 0)
7223	(0, 0, 0, 1, 0, 6, 2, 4, 3, 5, 2, 0)
7224	(0, 0, 0, 1, 0, 5, 3, 4, 3, 5, 2, 0)
7225	(0, 0, 0, 1, 0, 6, 2, 2, 5, 6, 1, 0)
7226	(0, 0, 0, 1, 0, 5, 3, 2, 5, 6, 1, 0)
7227	(0, 0, 0, 1, 0, 5, 2, 3, 5, 6, 1, 0)
7228	(0, 0, 0, 1, 0, 5, 2, 2, 6, 6, 1, 0)
7229	(0, 0, 0, 1, 0, 6, 3, 2, 4, 5, 2, 0)
7230	(0, 0, 0, 1, 0, 6, 2, 3, 4, 5, 2, 0)
7231	(0, 0, 0, 1, 0, 5, 3, 3, 4, 5, 2, 0)
7232	(0, 0, 0, 1, 0, 6, 3, 3, 2, 5, 3, 0)
7233	(0, 0, 0, 1, 0, 6, 3, 2, 3, 5, 3, 0)
7234	(0, 0, 0, 1, 0, 6, 2, 3, 3, 5, 3, 0)
7235	(0, 0, 0, 1, 0, 5, 3, 3, 3, 5, 3, 0)
7236	(0, 0, 0, 1, 0, 6, 3, 1, 5, 5, 2, 0)
7237	(0, 0, 0, 1, 0, 6, 2, 1, 6, 5, 2, 0)
7238	(0, 0, 0, 1, 0, 5, 3, 1, 6, 5, 2, 0)
7239	(0, 0, 0, 1, 0, 5, 1, 5, 5, 6, 0, 0)
7240	(0, 0, 0, 1, 0, 6, 1, 5, 4, 5, 1, 0)
7241	(0, 0, 0, 1, 0, 5, 1, 6, 4, 5, 1, 0)
7242	(0, 0, 0, 1, 0, 6, 1, 6, 2, 5, 2, 0)
7243	(0, 0, 0, 1, 0, 6, 1, 5, 3, 5, 2, 0)
7244	(0, 0, 0, 1, 0, 5, 1, 6, 3, 5, 2, 0)
7245	(0, 0, 0, 1, 0, 6, 1, 4, 5, 5, 1, 0)
7246	(0, 0, 0, 1, 0, 5, 1, 4, 6, 5, 1, 0)
7247	(0, 0, 0, 1, 0, 6, 1, 3, 5, 5, 2, 0)
7248	(0, 0, 0, 1, 0, 6, 1, 2, 6, 5, 2, 0)
7249	(0, 0, 0, 1, 0, 5, 1, 3, 6, 5, 2, 0)
7250	(0, 0, 0, 1, 0, 4, 5, 5, 2, 6, 0, 0)
7251	(0, 0, 0, 1, 0, 4, 6, 5, 1, 5, 1, 0)
7252	(0, 0, 0, 1, 0, 4, 5, 6, 1, 5, 1, 0)
7253	(0, 0, 0, 1, 0, 4, 5, 4, 4, 5, 0, 0)
7254	(0, 0, 0, 1, 0, 4, 6, 4, 2, 5, 1, 0)
7255	(0, 0, 0, 1, 0, 4, 5, 4, 3, 5, 1, 0)
7256	(0, 0, 0, 1, 0, 4, 5, 2, 5, 6, 0, 0)
7257	(0, 0, 0, 1, 0, 4, 6, 2, 4, 5, 1, 0)
7258	(0, 0, 0, 1, 0, 4, 5, 3, 4, 5, 1, 0)
7259	(0, 0, 0, 1, 0, 4, 6, 3, 2, 5, 2, 0)
7260	(0, 0, 0, 1, 0, 4, 6, 2, 3, 5, 2, 0)
7261	(0, 0, 0, 1, 0, 4, 5, 3, 3, 5, 2, 0)
7262	(0, 0, 0, 1, 0, 4, 6, 1, 5, 5, 1, 0)
7263	(0, 0, 0, 1, 0, 4, 5, 1, 6, 5, 1, 0)
7264	(0, 0, 0, 1, 0, 4, 4, 5, 4, 5, 0, 0)
7265	(0, 0, 0, 1, 0, 4, 4, 6, 2, 5, 1, 0)
7266	(0, 0, 0, 1, 0, 4, 4, 5, 3, 5, 1, 0)
7267	(0, 0, 0, 1, 0, 4, 4, 4, 5, 5, 0, 0)
7268	(0, 0, 0, 1, 0, 4, 4, 3, 5, 5, 1, 0)
7269	(0, 0, 0, 1, 0, 4, 4, 2, 6, 5, 1, 0)
7270	(0, 0, 0, 1, 0, 4, 2, 5, 5, 6, 0, 0)
7271	(0, 0, 0, 1, 0, 4, 3, 5, 4, 5, 1, 0)
7272	(0, 0, 0, 1, 0, 4, 2, 6, 4, 5, 1, 0)
7273	(0, 0, 0, 1, 0, 4, 3, 6, 2, 5, 2, 0)
7274	(0, 0, 0, 1, 0, 4, 3, 5, 3, 5, 2, 0)
7275	(0, 0, 0, 1, 0, 4, 2, 6, 3, 5, 2, 0)
7276	(0, 0, 0, 1, 0, 4, 3, 4, 5, 5, 1, 0)
7277	(0, 0, 0, 1, 0, 4, 2, 4, 6, 5, 1, 0)
7278	(0, 0, 0, 1, 0, 4, 3, 3, 5, 5, 2, 0)
7279	(0, 0, 0, 1, 0, 4, 3, 2, 6, 5, 2, 0)
7280	(0, 0, 0, 1, 0, 4, 2, 3, 6, 5, 2, 0)
7281	(0, 0, 0, 1, 0, 4, 1, 6, 5, 5, 1, 0)
7282	(0, 0, 0, 1, 0, 4, 1, 5, 6, 5, 1, 0)
7283	(0, 0, 0, 1, 0, 2, 5, 5, 4, 6, 0, 0)
7284	(0, 0, 0, 1, 0, 3, 5, 5, 2, 6, 1, 0)
7285	(0, 0, 0, 1, 0, 2, 6, 5, 2, 6, 1, 0)
7286	(0, 0, 0, 1, 0, 2, 5, 6, 2, 6, 1, 0)
7287	(0, 0, 0, 1, 0, 2, 5, 5, 3, 6, 1, 0)
7288	(0, 0, 0, 1, 0, 3, 6, 5, 1, 5, 2, 0)
7289	(0, 0, 0, 1, 0, 3, 5, 6, 1, 5, 2, 0)
7290	(0, 0, 0, 1, 0, 2, 6, 6, 1, 5, 2, 0)
7291	(0, 0, 0, 1, 0, 2, 5, 4, 5, 6, 0, 0)
7292	(0, 0, 0, 1, 0, 3, 5, 4, 4, 5, 1, 0)
7293	(0, 0, 0, 1, 0, 2, 6, 4, 4, 5, 1, 0)
7294	(0, 0, 0, 1, 0, 3, 6, 4, 2, 5, 2, 0)
7295	(0, 0, 0, 1, 0, 3, 5, 4, 3, 5, 2, 0)
7296	(0, 0, 0, 1, 0, 2, 6, 4, 3, 5, 2, 0)
7297	(0, 0, 0, 1, 0, 3, 5, 2, 5, 6, 1, 0)
7298	(0, 0, 0, 1, 0, 2, 6, 2, 5, 6, 1, 0)
7299	(0, 0, 0, 1, 0, 2, 5, 3, 5, 6, 1, 0)
7300	(0, 0, 0, 1, 0, 2, 5, 2, 6, 6, 1, 0)
7301	(0, 0, 0, 1, 0, 3, 6, 2, 4, 5, 2, 0)
7302	(0, 0, 0, 1, 0, 3, 5, 3, 4, 5, 2, 0)
7303	(0, 0, 0, 1, 0, 2, 6, 3, 4, 5, 2, 0)
7304	(0, 0, 0, 1, 0, 3, 6, 3, 2, 5, 3, 0)
7305	(0, 0, 0, 1, 0, 3, 6, 2, 3, 5, 3, 0)
7306	(0, 0, 0, 1, 0, 3, 5, 3, 3, 5, 3, 0)
7307	(0, 0, 0, 1, 0, 2, 6, 3, 3, 5, 3, 0)
7308	(0, 0, 0, 1, 0, 3, 6, 1, 5, 5, 2, 0)
7309	(0, 0, 0, 1, 0, 3, 5, 1, 6, 5, 2, 0)
7310	(0, 0, 0, 1, 0, 2, 6, 1, 6, 5, 2, 0)
7311	(0, 0, 0, 1, 0, 2, 4, 5, 5, 6, 0, 0)
7312	(0, 0, 0, 1, 0, 3, 4, 5, 4, 5, 1, 0)
7313	(0, 0, 0, 1, 0, 2, 4, 6, 4, 5, 1, 0)
7314	(0, 0, 0, 1, 0, 3, 4, 6, 2, 5, 2, 0)
7315	(0, 0, 0, 1, 0, 3, 4, 5, 3, 5, 2, 0)
7316	(0, 0, 0, 1, 0, 2, 4, 6, 3, 5, 2, 0)
7317	(0, 0, 0, 1, 0, 3, 4, 4, 5, 5, 1, 0)
7318	(0, 0, 0, 1, 0, 2, 4, 4, 6, 5, 1, 0)
7319	(0, 0, 0, 1, 0, 3, 4, 3, 5, 5, 2, 0)
7320	(0, 0, 0, 1, 0, 3, 4, 2, 6, 5, 2, 0)
7321	(0, 0, 0, 1, 0, 2, 4, 3, 6, 5, 2, 0)
7322	(0, 0, 0, 1, 0, 3, 2, 5, 5, 6, 1, 0)
7323	(0, 0, 0, 1, 0, 2, 3, 5, 5, 6, 1, 0)
7324	(0, 0, 0, 1, 0, 2, 2, 6, 5, 6, 1, 0)
7325	(0, 0, 0, 1, 0, 2, 2, 5, 6, 6, 1, 0)
7326	(0, 0, 0, 1, 0, 3, 3, 5, 4, 5, 2, 0)
7327	(0, 0, 0, 1, 0, 3, 2, 6, 4, 5, 2, 0)
7328	(0, 0, 0, 1, 0, 2, 3, 6, 4, 5, 2, 0)
7329	(0, 0, 0, 1, 0, 3, 3, 6, 2, 5, 3, 0)
7330	(0, 0, 0, 1, 0, 3, 3, 5, 3, 5, 3, 0)
7331	(0, 0, 0, 1, 0, 3, 2, 6, 3, 5, 3, 0)
7332	(0, 0, 0, 1, 0, 2, 3, 6, 3, 5, 3, 0)
7333	(0, 0, 0, 1, 0, 3, 3, 4, 5, 5, 2, 0)
7334	(0, 0, 0, 1, 0, 3, 2, 4, 6, 5, 2, 0)
7335	(0, 0, 0, 1, 0, 2, 3, 4, 6, 5, 2, 0)
7336	(0, 0, 0, 1, 0, 3, 3, 3, 5, 5, 3, 0)
7337	(0, 0, 0, 1, 0, 3, 3, 2, 6, 5, 3, 0)
7338	(0, 0, 0, 1, 0, 3, 2, 3, 6, 5, 3, 0)
7339	(0, 0, 0, 1, 0, 2, 3, 3, 6, 5, 3, 0)
7340	(0, 0, 0, 1, 0, 3, 1, 6, 5, 5, 2, 0)
7341	(0, 0, 0, 1, 0, 3, 1, 5, 6, 5, 2, 0)
7342	(0, 0, 0, 1, 0, 2, 1, 6, 6, 5, 2, 0)
7343	(0, 0, 0, 1, 0, 1, 5, 5, 5, 6, 0, 0)
7344	(0, 0, 0, 1, 0, 1, 6, 5, 4, 5, 1, 0)
7345	(0, 0, 0, 1, 0, 1, 5, 6, 4, 5, 1, 0)
7346	(0, 0, 0, 1, 0, 1, 6, 6, 2, 5, 2, 0)
7347	(0, 0, 0, 1, 0, 1, 6, 5, 3, 5, 2, 0)
7348	(0, 0, 0, 1, 0, 1, 5, 6, 3, 5, 2, 0)
7349	(0, 0, 0, 1, 0, 1, 6, 4, 5, 5, 1, 0)
7350	(0, 0, 0, 1, 0, 1, 5, 4, 6, 5, 1, 0)
7351	(0, 0, 0, 1, 0, 1, 6, 3, 5, 5, 2, 0)
7352	(0, 0, 0, 1, 0, 1, 6, 2, 6, 5, 2, 0)
7353	(0, 0, 0, 1, 0, 1, 5, 3, 6, 5, 2, 0)
7354	(0, 0, 0, 1, 0, 1, 4, 6, 5, 5, 1, 0)
7355	(0, 0, 0, 1, 0, 1, 4, 5, 6, 5, 1, 0)
7356	(0, 0, 0, 1, 0, 1, 3, 6, 5, 5, 2, 0)
7357	(0, 0, 0, 1, 0, 1, 3, 5, 6, 5, 2, 0)
7358	(0, 0, 0, 1, 0, 1, 2, 6, 6, 5, 2, 0)
7359	(0, 0, 0, 1, 0, 0, 6, 5, 5, 6, 1, 0)
7360	(0, 0, 0, 1, 0, 0, 5, 6, 5, 6, 1, 0)
7361	(0, 0, 0, 1, 0, 0, 5, 5, 6, 6, 1, 0)
7362	(0, 0, 0, 1, 0, 0, 6, 6, 4, 5, 2, 0)
7363	(0, 0, 0, 1, 0, 0, 6, 6, 3, 5, 3, 0)
7364	(0, 0, 0, 1, 0, 0, 6, 4, 6, 5, 2, 0)
7365	(0, 0, 0, 1, 0, 0, 6, 3, 6, 5, 3, 0)
7366	(0, 0, 0, 1, 0, 0, 4, 6, 6, 5, 2, 0)
7367	(0, 0, 0, 1, 0, 0, 3, 6, 6, 5, 3, 0)
7368	(0, 0, 0, 1, 0, 6, 5, 0, 5, 6, 1, 0)
7369	(0, 0, 0, 1, 0, 5, 6, 0, 5, 6, 1, 0)
7370	(0, 0, 0, 1, 0, 5, 5, 0, 6, 6, 1, 0)
7371	(0, 0, 0, 1, 0, 6, 6, 0, 4, 5, 2, 0)
7372	(0, 0, 0, 1, 0, 6, 6, 0, 3, 5, 3, 0)
7373	(0, 0, 0, 1, 0, 6, 4, 0, 6, 5, 2, 0)
7374	(0, 0, 0, 1, 0, 6, 3, 0, 6, 5, 3, 0)
7375	(0, 0, 0, 1, 0, 4, 6, 0, 6, 5, 2, 0)
7376	(0, 0, 0, 1, 0, 3, 6, 0, 6, 5, 3, 0)
7377	(0, 0, 0, 0, 0, 5, 5, 5, 2, 7, 0, 0)
7378	(0, 0, 0, 0, 0, 6, 5, 5, 1, 6, 1, 0)
7379	(0, 0, 0, 0, 0, 5, 6, 5, 1, 6, 1, 0)
7380	(0, 0, 0, 0, 0, 5, 5, 6, 1, 6, 1, 0)
7381	(0, 0, 0, 0, 0, 5, 5, 4, 4, 6, 0, 0)
7382	(0, 0, 0, 0, 0, 6, 5, 4, 2, 6, 1, 0)
7383	(0, 0, 0, 0, 0, 5, 6, 4, 2, 6, 1, 0)
7384	(0, 0, 0, 0, 0, 5, 5, 4, 3, 6, 1, 0)
7385	(0, 0, 0, 0, 0, 6, 6, 4, 1, 5, 2, 0)
7386	(0, 0, 0, 0, 0, 5, 5, 2, 5, 7, 0, 0)
7387	(0, 0, 0, 0, 0, 6, 5, 2, 4, 6, 1, 0)
7388	(0, 0, 0, 0, 0, 5, 6, 2, 4, 6, 1, 0)
7389	(0, 0, 0, 0, 0, 5, 5, 3, 4, 6, 1, 0)
7390	(0, 0, 0, 0, 0, 6, 6, 2, 2, 6, 2, 0)
7391	(0, 0, 0, 0, 0, 6, 5, 3, 2, 6, 2, 0)
7392	(0, 0, 0, 0, 0, 6, 5, 2, 3, 6, 2, 0)
7393	(0, 0, 0, 0, 0, 5, 6, 3, 2, 6, 2, 0)
7394	(0, 0, 0, 0, 0, 5, 6, 2, 3, 6, 2, 0)
7395	(0, 0, 0, 0, 0, 5, 5, 3, 3, 6, 2, 0)
7396	(0, 0, 0, 0, 0, 6, 6, 3, 1, 5, 3, 0)
7397	(0, 0, 0, 0, 0, 6, 5, 1, 5, 6, 1, 0)
7398	(0, 0, 0, 0, 0, 5, 6, 1, 5, 6, 1, 0)
7399	(0, 0, 0, 0, 0, 5, 5, 1, 6, 6, 1, 0)
7400	(0, 0, 0, 0, 0, 6, 6, 1, 4, 5, 2, 0)
7401	(0, 0, 0, 0, 0, 6, 6, 1, 3, 5, 3, 0)
7402	(0, 0, 0, 0, 0, 5, 4, 5, 4, 6, 0, 0)
7403	(0, 0, 0, 0, 0, 6, 4, 5, 2, 6, 1, 0)
7404	(0, 0, 0, 0, 0, 5, 4, 6, 2, 6, 1, 0)
7405	(0, 0, 0, 0, 0, 5, 4, 5, 3, 6, 1, 0)
7406	(0, 0, 0, 0, 0, 6, 4, 6, 1, 5, 2, 0)
7407	(0, 0, 0, 0, 0, 5, 4, 4, 5, 6, 0, 0)
7408	(0, 0, 0, 0, 0, 6, 4, 4, 4, 5, 1, 0)
7409	(0, 0, 0, 0, 0, 6, 4, 4, 3, 5, 2, 0)
7410	(0, 0, 0, 0, 0, 6, 4, 2, 5, 6, 1, 0)
7411	(0, 0, 0, 0, 0, 5, 4, 3, 5, 6, 1, 0)
7412	(0, 0, 0, 0, 0, 5, 4, 2, 6, 6, 1, 0)
7413	(0, 0, 0, 0, 0, 6, 4, 3, 4, 5, 2, 0)
7414	(0, 0, 0, 0, 0, 6, 4, 3, 3, 5, 3, 0)
7415	(0, 0, 0, 0, 0, 6, 4, 1, 6, 5, 2, 0)
7416	(0, 0, 0, 0, 0, 5, 2, 5, 5, 7, 0, 0)
7417	(0, 0, 0, 0, 0, 6, 2, 5, 4, 6, 1, 0)
7418	(0, 0, 0, 0, 0, 5, 3, 5, 4, 6, 1, 0)
7419	(0, 0, 0, 0, 0, 5, 2, 6, 4, 6, 1, 0)
7420	(0, 0, 0, 0, 0, 6, 3, 5, 2, 6, 2, 0)
7421	(0, 0, 0, 0, 0, 6, 2, 6, 2, 6, 2, 0)
7422	(0, 0, 0, 0, 0, 6, 2, 5, 3, 6, 2, 0)
7423	(0, 0, 0, 0, 0, 5, 3, 6, 2, 6, 2, 0)
7424	(0, 0, 0, 0, 0, 5, 3, 5, 3, 6, 2, 0)
7425	(0, 0, 0, 0, 0, 5, 2, 6, 3, 6, 2, 0)
7426	(0, 0, 0, 0, 0, 6, 3, 6, 1, 5, 3, 0)
7427	(0, 0, 0, 0, 0, 6, 2, 4, 5, 6, 1, 0)
7428	(0, 0, 0, 0, 0, 5, 3, 4, 5, 6, 1, 0)
7429	(0, 0, 0, 0, 0, 5, 2, 4, 6, 6, 1, 0)
7430	(0, 0, 0, 0, 0, 6, 3, 4, 4, 5, 2, 0)
7431	(0, 0, 0, 0, 0, 6, 3, 4, 3, 5, 3, 0)
7432	(0, 0, 0, 0, 0, 6, 3, 2, 5, 6, 2, 0)
7433	(0, 0, 0, 0, 0, 6, 2, 3, 5, 6, 2, 0)
7434	(0, 0, 0, 0, 0, 6, 2, 2, 6, 6, 2, 0)
7435	(0, 0, 0, 0, 0, 5, 3, 3, 5, 6, 2, 0)
7436	(0, 0, 0, 0, 0, 5, 3, 2, 6, 6, 2, 0)
7437	(0, 0, 0, 0, 0, 5, 2, 3, 6, 6, 2, 0)
7438	(0, 0, 0, 0, 0, 6, 3, 3, 4, 5, 3, 0)
7439	(0, 0, 0, 0, 0, 6, 3, 3, 3, 5, 4, 0)
7440	(0, 0, 0, 0, 0, 6, 3, 1, 6, 5, 3, 0)
7441	(0, 0, 0, 0, 0, 6, 1, 5, 5, 6, 1, 0)
7442	(0, 0, 0, 0, 0, 5, 1, 6, 5, 6, 1, 0)
7443	(0, 0, 0, 0, 0, 5, 1, 5, 6, 6, 1, 0)
7444	(0, 0, 0, 0, 0, 6, 1, 6, 4, 5, 2, 0)
7445	(0, 0, 0, 0, 0, 6, 1, 6, 3, 5, 3, 0)
7446	(0, 0, 0, 0, 0, 6, 1, 4, 6, 5, 2, 0)
7447	(0, 0, 0, 0, 0, 6, 1, 3, 6, 5, 3, 0)
7448	(0, 0, 0, 0, 0, 4, 5, 5, 4, 6, 0, 0)
7449	(0, 0, 0, 0, 0, 4, 6, 5, 2, 6, 1, 0)
7450	(0, 0, 0, 0, 0, 4, 5, 6, 2, 6, 1, 0)
7451	(0, 0, 0, 0, 0, 4, 5, 5, 3, 6, 1, 0)
7452	(0, 0, 0, 0, 0, 4, 6, 6, 1, 5, 2, 0)
7453	(0, 0, 0, 0, 0, 4, 5, 4, 5, 6, 0, 0)
7454	(0, 0, 0, 0, 0, 4, 6, 4, 4, 5, 1, 0)
7455	(0, 0, 0, 0, 0, 4, 6, 4, 3, 5, 2, 0)
7456	(0, 0, 0, 0, 0, 4, 6, 2, 5, 6, 1, 0)
7457	(0, 0, 0, 0, 0, 4, 5, 3, 5, 6, 1, 0)
7458	(0, 0, 0, 0, 0, 4, 5, 2, 6, 6, 1, 0)
7459	(0, 0, 0, 0, 0, 4, 6, 3, 4, 5, 2, 0)
7460	(0, 0, 0, 0, 0, 4, 6, 3, 3, 5, 3, 0)
7461	(0, 0, 0, 0, 0, 4, 6, 1, 6, 5, 2, 0)
7462	(0, 0, 0, 0, 0, 4, 4, 5, 5, 6, 0, 0)
7463	(0, 0, 0, 0, 0, 4, 4, 6, 4, 5, 1, 0)
7464	(0, 0, 0, 0, 0, 4, 4, 6, 3, 5, 2, 0)
7465	(0, 0, 0, 0, 0, 4, 4, 4, 6, 5, 1, 0)
7466	(0, 0, 0, 0, 0, 4, 4, 3, 6, 5, 2, 0)
7467	(0, 0, 0, 0, 0, 4, 3, 5, 5, 6, 1, 0)
7468	(0, 0, 0, 0, 0, 4, 2, 6, 5, 6, 1, 0)
7469	(0, 0, 0, 0, 0, 4, 2, 5, 6, 6, 1, 0)
7470	(0, 0, 0, 0, 0, 4, 3, 6, 4, 5, 2, 0)
7471	(0, 0, 0, 0, 0, 4, 3, 6, 3, 5, 3, 0)
7472	(0, 0, 0, 0, 0, 4, 3, 4, 6, 5, 2, 0)
7473	(0, 0, 0, 0, 0, 4, 3, 3, 6, 5, 3, 0)
7474	(0, 0, 0, 0, 0, 4, 1, 6, 6, 5, 2, 0)
7475	(0, 0, 0, 0, 0, 2, 5, 5, 5, 7, 0, 0)
7476	(0, 0, 0, 0, 0, 3, 5, 5, 4, 6, 1, 0)
7477	(0, 0, 0, 0, 0, 2, 6, 5, 4, 6, 1, 0)
7478	(0, 0, 0, 0, 0, 2, 5, 6, 4, 6, 1, 0)
7479	(0, 0, 0, 0, 0, 3, 6, 5, 2, 6, 2, 0)
7480	(0, 0, 0, 0, 0, 3, 5, 6, 2, 6, 2, 0)
7481	(0, 0, 0, 0, 0, 3, 5, 5, 3, 6, 2, 0)
7482	(0, 0, 0, 0, 0, 2, 6, 6, 2, 6, 2, 0)
7483	(0, 0, 0, 0, 0, 2, 6, 5, 3, 6, 2, 0)
7484	(0, 0, 0, 0, 0, 2, 5, 6, 3, 6, 2, 0)
7485	(0, 0, 0, 0, 0, 3, 6, 6, 1, 5, 3, 0)
7486	(0, 0, 0, 0, 0, 3, 5, 4, 5, 6, 1, 0)
7487	(0, 0, 0, 0, 0, 2, 6, 4, 5, 6, 1, 0)
7488	(0, 0, 0, 0, 0, 2, 5, 4, 6, 6, 1, 0)
7489	(0, 0, 0, 0, 0, 3, 6, 4, 4, 5, 2, 0)
7490	(0, 0, 0, 0, 0, 3, 6, 4, 3, 5, 3, 0)
7491	(0, 0, 0, 0, 0, 3, 6, 2, 5, 6, 2, 0)
7492	(0, 0, 0, 0, 0, 3, 5, 3, 5, 6, 2, 0)
7493	(0, 0, 0, 0, 0, 3, 5, 2, 6, 6, 2, 0)
7494	(0, 0, 0, 0, 0, 2, 6, 3, 5, 6, 2, 0)
7495	(0, 0, 0, 0, 0, 2, 6, 2, 6, 6, 2, 0)
7496	(0, 0, 0, 0, 0, 2, 5, 3, 6, 6, 2, 0)
7497	(0, 0, 0, 0, 0, 3, 6, 3, 4, 5, 3, 0)
7498	(0, 0, 0, 0, 0, 3, 6, 3, 3, 5, 4, 0)
7499	(0, 0, 0, 0, 0, 3, 6, 1, 6, 5, 3, 0)
7500	(0, 0, 0, 0, 0, 3, 4, 5, 5, 6, 1, 0)
7501	(0, 0, 0, 0, 0, 2, 4, 6, 5, 6, 1, 0)
7502	(0, 0, 0, 0, 0, 2, 4, 5, 6, 6, 1, 0)
7503	(0, 0, 0, 0, 0, 3, 4, 6, 4, 5, 2, 0)
7504	(0, 0, 0, 0, 0, 3, 4, 6, 3, 5, 3, 0)
7505	(0, 0, 0, 0, 0, 3, 4, 4, 6, 5, 2, 0)
7506	(0, 0, 0, 0, 0, 3, 4, 3, 6, 5, 3, 0)
7507	(0, 0, 0, 0, 0, 3, 3, 5, 5, 6, 2, 0)
7508	(0, 0, 0, 0, 0, 3, 2, 6, 5, 6, 2, 0)
7509	(0, 0, 0, 0, 0, 3, 2, 5, 6, 6, 2, 0)
7510	(0, 0, 0, 0, 0, 2, 3, 6, 5, 6, 2, 0)
7511	(0, 0, 0, 0, 0, 2, 3, 5, 6, 6, 2, 0)
7512	(0, 0, 0, 0, 0, 2, 2, 6, 6, 6, 2, 0)
7513	(0, 0, 0, 0, 0, 3, 3, 6, 4, 5, 3, 0)
7514	(0, 0, 0, 0, 0, 3, 3, 6, 3, 5, 4, 0)
7515	(0, 0, 0, 0, 0, 3, 3, 4, 6, 5, 3, 0)
7516	(0, 0, 0, 0, 0, 3, 3, 3, 6, 5, 4, 0)
7517	(0, 0, 0, 0, 0, 3, 1, 6, 6, 5, 3, 0)
7518	(0, 0, 0, 0, 0, 1, 6, 5, 5, 6, 1, 0)
7519	(0, 0, 0, 0, 0, 1, 5, 6, 5, 6, 1, 0)
7520	(0, 0, 0, 0, 0, 1, 5, 5, 6, 6, 1, 0)
7521	(0, 0, 0, 0, 0, 1, 6, 6, 4, 5, 2, 0)
7522	(0, 0, 0, 0, 0, 1, 6, 6, 3, 5, 3, 0)
7523	(0, 0, 0, 0, 0, 1, 6, 4, 6, 5, 2, 0)
7524	(0, 0, 0, 0, 0, 1, 6, 3, 6, 5, 3, 0)
7525	(0, 0, 0, 0, 0, 1, 4, 6, 6, 5, 2, 0)
7526	(0, 0, 0, 0, 0, 1, 3, 6, 6, 5, 3, 0)
7527	(0, 0, 0, 0, 0, 0, 6, 6, 5, 6, 2, 0)
7528	(0, 0, 0, 0, 0, 0, 6, 5, 6, 6, 2, 0)
7529	(0, 0, 0, 0, 0, 0, 5, 6, 6, 6, 2, 0)
7530	(0, 0, 0, 0, 0, 6, 6, 0, 5, 6, 2, 0)
7531	(0, 0, 0, 0, 0, 6, 5, 0, 6, 6, 2, 0)
7532	(0, 0, 0, 0, 0, 5, 6, 0, 6, 6, 2, 0)
7533	(0, 0, 0, 1, 0, 5, 5, 4, 1, 5, 0, 1)
7534	(0, 0, 0, 1, 0, 5, 5, 2, 2, 6, 0, 1)
7535	(0, 0, 0, 1, 0, 6, 5, 2, 1, 5, 1, 1)
7536	(0, 0, 0, 1, 0, 5, 6, 2, 1, 5, 1, 1)
7537	(0, 0, 0, 1, 0, 5, 5, 3, 1, 5, 1, 1)
7538	(0, 0, 0, 1, 0, 5, 5, 2, 1, 5, 0, 2)
7539	(0, 0, 0, 1, 0, 5, 5, 1, 4, 5, 0, 1)
7540	(0, 0, 0, 1, 0, 6, 5, 1, 2, 5, 1, 1)
7541	(0, 0, 0, 1, 0, 5, 6, 1, 2, 5, 1, 1)
7542	(0, 0, 0, 1, 0, 5, 5, 1, 3, 5, 1, 1)
7543	(0, 0, 0, 1, 0, 5, 5, 1, 2, 5, 0, 2)
7544	(0, 0, 0, 1, 0, 6, 6, 1, 1, 4, 2, 1)
7545	(0, 0, 0, 1, 0, 6, 5, 1, 1, 4, 1, 2)
7546	(0, 0, 0, 1, 0, 5, 6, 1, 1, 4, 1, 2)
7547	(0, 0, 0, 1, 0, 5, 4, 5, 1, 5, 0, 1)
7548	(0, 0, 0, 1, 0, 5, 4, 4, 2, 5, 0, 1)
7549	(0, 0, 0, 1, 0, 6, 4, 4, 1, 4, 1, 1)
7550	(0, 0, 0, 1, 0, 5, 4, 4, 1, 4, 0, 2)
7551	(0, 0, 0, 1, 0, 5, 4, 2, 4, 5, 0, 1)
7552	(0, 0, 0, 1, 0, 6, 4, 2, 2, 5, 1, 1)
7553	(0, 0, 0, 1, 0, 5, 4, 3, 2, 5, 1, 1)
7554	(0, 0, 0, 1, 0, 5, 4, 2, 3, 5, 1, 1)
7555	(0, 0, 0, 1, 0, 5, 4, 2, 2, 5, 0, 2)
7556	(0, 0, 0, 1, 0, 6, 4, 3, 1, 4, 2, 1)
7557	(0, 0, 0, 1, 0, 6, 4, 2, 1, 4, 1, 2)
7558	(0, 0, 0, 1, 0, 5, 4, 3, 1, 4, 1, 2)
7559	(0, 0, 0, 1, 0, 5, 4, 1, 5, 5, 0, 1)
7560	(0, 0, 0, 1, 0, 6, 4, 1, 4, 4, 1, 1)
7561	(0, 0, 0, 1, 0, 5, 4, 1, 4, 4, 0, 2)
7562	(0, 0, 0, 1, 0, 6, 4, 1, 3, 4, 2, 1)
7563	(0, 0, 0, 1, 0, 6, 4, 1, 2, 4, 1, 2)
7564	(0, 0, 0, 1, 0, 5, 4, 1, 3, 4, 1, 2)
7565	(0, 0, 0, 1, 0, 5, 2, 5, 2, 6, 0, 1)
7566	(0, 0, 0, 1, 0, 6, 2, 5, 1, 5, 1, 1)
7567	(0, 0, 0, 1, 0, 5, 3, 5, 1, 5, 1, 1)
7568	(0, 0, 0, 1, 0, 5, 2, 6, 1, 5, 1, 1)
7569	(0, 0, 0, 1, 0, 5, 2, 5, 1, 5, 0, 2)
7570	(0, 0, 0, 1, 0, 5, 2, 4, 4, 5, 0, 1)
7571	(0, 0, 0, 1, 0, 6, 2, 4, 2, 5, 1, 1)
7572	(0, 0, 0, 1, 0, 5, 3, 4, 2, 5, 1, 1)
7573	(0, 0, 0, 1, 0, 5, 2, 4, 3, 5, 1, 1)
7574	(0, 0, 0, 1, 0, 5, 2, 4, 2, 5, 0, 2)
7575	(0, 0, 0, 1, 0, 6, 3, 4, 1, 4, 2, 1)
7576	(0, 0, 0, 1, 0, 6, 2, 4, 1, 4, 1, 2)
7577	(0, 0, 0, 1, 0, 5, 3, 4, 1, 4, 1, 2)
7578	(0, 0, 0, 1, 0, 5, 2, 2, 5, 6, 0, 1)
7579	(0, 0, 0, 1, 0, 6, 2, 2, 4, 5, 1, 1)
7580	(0, 0, 0, 1, 0, 5, 3, 2, 4, 5, 1, 1)
7581	(0, 0, 0, 1, 0, 5, 2, 3, 4, 5, 1, 1)
7582	(0, 0, 0, 1, 0, 5, 2, 2, 4, 5, 0, 2)
7583	(0, 0, 0, 1, 0, 6, 3, 2, 2, 5, 2, 1)
7584	(0, 0, 0, 1, 0, 6, 2, 3, 2, 5, 2, 1)
7585	(0, 0, 0, 1, 0, 6, 2, 2, 3, 5, 2, 1)
7586	(0, 0, 0, 1, 0, 6, 2, 2, 2, 5, 1, 2)
7587	(0, 0, 0, 1, 0, 5, 3, 3, 2, 5, 2, 1)
7588	(0, 0, 0, 1, 0, 5, 3, 2, 3, 5, 2, 1)
7589	(0, 0, 0, 1, 0, 5, 3, 2, 2, 5, 1, 2)
7590	(0, 0, 0, 1, 0, 5, 2, 3, 3, 5, 2, 1)
7591	(0, 0, 0, 1, 0, 5, 2, 3, 2, 5, 1, 2)
7592	(0, 0, 0, 1, 0, 5, 2, 2, 3, 5, 1, 2)
7593	(0, 0, 0, 1, 0, 6, 3, 3, 1, 4, 3, 1)
7594	(0, 0, 0, 1, 0, 6, 3, 2, 1, 4, 2, 2)
7595	(0, 0, 0, 1, 0, 6, 2, 3, 1, 4, 2, 2)
7596	(0, 0, 0, 1, 0, 5, 3, 3, 1, 4, 2, 2)
7597	(0, 0, 0, 1, 0, 6, 2, 1, 5, 5, 1, 1)
7598	(0, 0, 0, 1, 0, 5, 3, 1, 5, 5, 1, 1)
7599	(0, 0, 0, 1, 0, 5, 2, 1, 6, 5, 1, 1)
7600	(0, 0, 0, 1, 0, 5, 2, 1, 5, 5, 0, 2)
7601	(0, 0, 0, 1, 0, 6, 3, 1, 4, 4, 2, 1)
7602	(0, 0, 0, 1, 0, 6, 2, 1, 4, 4, 1, 2)
7603	(0, 0, 0, 1, 0, 5, 3, 1, 4, 4, 1, 2)
7604	(0, 0, 0, 1, 0, 6, 3, 1, 3, 4, 3, 1)
7605	(0, 0, 0, 1, 0, 6, 3, 1, 2, 4, 2, 2)
7606	(0, 0, 0, 1, 0, 6, 2, 1, 3, 4, 2, 2)
7607	(0, 0, 0, 1, 0, 5, 3, 1, 3, 4, 2, 2)
7608	(0, 0, 0, 1, 0, 5, 1, 5, 4, 5, 0, 1)
7609	(0, 0, 0, 1, 0, 6, 1, 5, 2, 5, 1, 1)
7610	(0, 0, 0, 1, 0, 5, 1, 6, 2, 5, 1, 1)
7611	(0, 0, 0, 1, 0, 5, 1, 5, 3, 5, 1, 1)
7612	(0, 0, 0, 1, 0, 5, 1, 5, 2, 5, 0, 2)
7613	(0, 0, 0, 1, 0, 6, 1, 6, 1, 4, 2, 1)
7614	(0, 0, 0, 1, 0, 6, 1, 5, 1, 4, 1, 2)
7615	(0, 0, 0, 1, 0, 5, 1, 6, 1, 4, 1, 2)
7616	(0, 0, 0, 1, 0, 5, 1, 4, 5, 5, 0, 1)
7617	(0, 0, 0, 1, 0, 6, 1, 4, 4, 4, 1, 1)
7618	(0, 0, 0, 1, 0, 5, 1, 4, 4, 4, 0, 2)
7619	(0, 0, 0, 1, 0, 6, 1, 4, 3, 4, 2, 1)
7620	(0, 0, 0, 1, 0, 6, 1, 4, 2, 4, 1, 2)
7621	(0, 0, 0, 1, 0, 5, 1, 4, 3, 4, 1, 2)
7622	(0, 0, 0, 1, 0, 6, 1, 2, 5, 5, 1, 1)
7623	(0, 0, 0, 1, 0, 5, 1, 3, 5, 5, 1, 1)
7624	(0, 0, 0, 1, 0, 5, 1, 2, 6, 5, 1, 1)
7625	(0, 0, 0, 1, 0, 5, 1, 2, 5, 5, 0, 2)
7626	(0, 0, 0, 1, 0, 6, 1, 3, 4, 4, 2, 1)
7627	(0, 0, 0, 1, 0, 6, 1, 2, 4, 4, 1, 2)
7628	(0, 0, 0, 1, 0, 5, 1, 3, 4, 4, 1, 2)
7629	(0, 0, 0, 1, 0, 6, 1, 3, 3, 4, 3, 1)
7630	(0, 0, 0, 1, 0, 6, 1, 3, 2, 4, 2, 2)
7631	(0, 0, 0, 1, 0, 6, 1, 2, 3, 4, 2, 2)
7632	(0, 0, 0, 1, 0, 5, 1, 3, 3, 4, 2, 2)
7633	(0, 0, 0, 1, 0, 6, 1, 1, 6, 4, 2, 1)
7634	(0, 0, 0, 1, 0, 6, 1, 1, 5, 4, 1, 2)
7635	(0, 0, 0, 1, 0, 5, 1, 1, 6, 4, 1, 2)
7636	(0, 0, 0, 1, 0, 4, 5, 5, 1, 5, 0, 1)
7637	(0, 0, 0, 1, 0, 4, 5, 4, 2, 5, 0, 1)
7638	(0, 0, 0, 1, 0, 4, 6, 4, 1, 4, 1, 1)
7639	(0, 0, 0, 1, 0, 4, 5, 4, 1, 4, 0, 2)
7640	(0, 0, 0, 1, 0, 4, 5, 2, 4, 5, 0, 1)
7641	(0, 0, 0, 1, 0, 4, 6, 2, 2, 5, 1, 1)
7642	(0, 0, 0, 1, 0, 4, 5, 3, 2, 5, 1, 1)
7643	(0, 0, 0, 1, 0, 4, 5, 2, 3, 5, 1, 1)
7644	(0, 0, 0, 1, 0, 4, 5, 2, 2, 5, 0, 2)
7645	(0, 0, 0, 1, 0, 4, 6, 3, 1, 4, 2, 1)
7646	(0, 0, 0, 1, 0, 4, 6, 2, 1, 4, 1, 2)
7647	(0, 0, 0, 1, 0, 4, 5, 3, 1, 4, 1, 2)
7648	(0, 0, 0, 1, 0, 4, 5, 1, 5, 5, 0, 1)
7649	(0, 0, 0, 1, 0, 4, 6, 1, 4, 4, 1, 1)
7650	(0, 0, 0, 1, 0, 4, 5, 1, 4, 4, 0, 2)
7651	(0, 0, 0, 1, 0, 4, 6, 1, 3, 4, 2, 1)
7652	(0, 0, 0, 1, 0, 4, 6, 1, 2, 4, 1, 2)
7653	(0, 0, 0, 1, 0, 4, 5, 1, 3, 4, 1, 2)
7654	(0, 0, 0, 1, 0, 4, 4, 5, 2, 5, 0, 1)
7655	(0, 0, 0, 1, 0, 4, 4, 6, 1, 4, 1, 1)
7656	(0, 0, 0, 1, 0, 4, 4, 5, 1, 4, 0, 2)
7657	(0, 0, 0, 1, 0, 4, 4, 4, 4, 4, 0, 1)
7658	(0, 0, 0, 1, 0, 4, 4, 4, 3, 4, 1, 1)
7659	(0, 0, 0, 1, 0, 4, 4, 4, 2, 4, 0, 2)
7660	(0, 0, 0, 1, 0, 4, 4, 2, 5, 5, 0, 1)
7661	(0, 0, 0, 1, 0, 4, 4, 3, 4, 4, 1, 1)
7662	(0, 0, 0, 1, 0, 4, 4, 2, 4, 4, 0, 2)
7663	(0, 0, 0, 1, 0, 4, 4, 3, 3, 4, 2, 1)
7664	(0, 0, 0, 1, 0, 4, 4, 3, 2, 4, 1, 2)
7665	(0, 0, 0, 1, 0, 4, 4, 2, 3, 4, 1, 2)
7666	(0, 0, 0, 1, 0, 4, 4, 1, 6, 4, 1, 1)
7667	(0, 0, 0, 1, 0, 4, 4, 1, 5, 4, 0, 2)
7668	(0, 0, 0, 1, 0, 4, 2, 5, 4, 5, 0, 1)
7669	(0, 0, 0, 1, 0, 4, 3, 5, 2, 5, 1, 1)
7670	(0, 0, 0, 1, 0, 4, 2, 6, 2, 5, 1, 1)
7671	(0, 0, 0, 1, 0, 4, 2, 5, 3, 5, 1, 1)
7672	(0, 0, 0, 1, 0, 4, 2, 5, 2, 5, 0, 2)
7673	(0, 0, 0, 1, 0, 4, 3, 6, 1, 4, 2, 1)
7674	(0, 0, 0, 1, 0, 4, 3, 5, 1, 4, 1, 2)
7675	(0, 0, 0, 1, 0, 4, 2, 6, 1, 4, 1, 2)
7676	(0, 0, 0, 1, 0, 4, 2, 4, 5, 5, 0, 1)
7677	(0, 0, 0, 1, 0, 4, 3, 4, 4, 4, 1, 1)
7678	(0, 0, 0, 1, 0, 4, 2, 4, 4, 4, 0, 2)
7679	(0, 0, 0, 1, 0, 4, 3, 4, 3, 4, 2, 1)
7680	(0, 0, 0, 1, 0, 4, 3, 4, 2, 4, 1, 2)
7681	(0, 0, 0, 1, 0, 4, 2, 4, 3, 4, 1, 2)
7682	(0, 0, 0, 1, 0, 4, 3, 2, 5, 5, 1, 1)
7683	(0, 0, 0, 1, 0, 4, 2, 3, 5, 5, 1, 1)
7684	(0, 0, 0, 1, 0, 4, 2, 2, 6, 5, 1, 1)
7685	(0, 0, 0, 1, 0, 4, 2, 2, 5, 5, 0, 2)
7686	(0, 0, 0, 1, 0, 4, 3, 3, 4, 4, 2, 1)
7687	(0, 0, 0, 1, 0, 4, 3, 2, 4, 4, 1, 2)
7688	(0, 0, 0, 1, 0, 4, 2, 3, 4, 4, 1, 2)
7689	(0, 0, 0, 1, 0, 4, 3, 3, 3, 4, 3, 1)
7690	(0, 0, 0, 1, 0, 4, 3, 3, 2, 4, 2, 2)
7691	(0, 0, 0, 1, 0, 4, 3, 2, 3, 4, 2, 2)
7692	(0, 0, 0, 1, 0, 4, 2, 3, 3, 4, 2, 2)
7693	(0, 0, 0, 1, 0, 4, 3, 1, 6, 4, 2, 1)
7694	(0, 0, 0, 1, 0, 4, 3, 1, 5, 4, 1, 2)
7695	(0, 0, 0, 1, 0, 4, 2, 1, 6, 4, 1, 2)
7696	(0, 0, 0, 1, 0, 4, 1, 5, 5, 5, 0, 1)
7697	(0, 0, 0, 1, 0, 4, 1, 6, 4, 4, 1, 1)
7698	(0, 0, 0, 1, 0, 4, 1, 5, 4, 4, 0, 2)
7699	(0, 0, 0, 1, 0, 4, 1, 6, 3, 4, 2, 1)
7700	(0, 0, 0, 1, 0, 4, 1, 6, 2, 4, 1, 2)
7701	(0, 0, 0, 1, 0, 4, 1, 5, 3, 4, 1, 2)
7702	(0, 0, 0, 1, 0, 4, 1, 4, 6, 4, 1, 1)
7703	(0, 0, 0, 1, 0, 4, 1, 4, 5, 4, 0, 2)
7704	(0, 0, 0, 1, 0, 4, 1, 3, 6, 4, 2, 1)
7705	(0, 0, 0, 1, 0, 4, 1, 3, 5, 4, 1, 2)
7706	(0, 0, 0, 1, 0, 4, 1, 2, 6, 4, 1, 2)
7707	(0, 0, 0, 1, 0, 2, 5, 5, 2, 6, 0, 1)
7708	(0, 0, 0, 1, 0, 3, 5, 5, 1, 5, 1, 1)
7709	(0, 0, 0, 1, 0, 2, 6, 5, 1, 5, 1, 1)
7710	(0, 0, 0, 1, 0, 2, 5, 6, 1, 5, 1, 1)
7711	(0, 0, 0, 1, 0, 2, 5, 5, 1, 5, 0, 2)
7712	(0, 0, 0, 1, 0, 2, 5, 4, 4, 5, 0, 1)
7713	(0, 0, 0, 1, 0, 3, 5, 4, 2, 5, 1, 1)
7714	(0, 0, 0, 1, 0, 2, 6, 4, 2, 5, 1, 1)
7715	(0, 0, 0, 1, 0, 2, 5, 4, 3, 5, 1, 1)
7716	(0, 0, 0, 1, 0, 2, 5, 4, 2, 5, 0, 2)
7717	(0, 0, 0, 1, 0, 3, 6, 4, 1, 4, 2, 1)
7718	(0, 0, 0, 1, 0, 3, 5, 4, 1, 4, 1, 2)
7719	(0, 0, 0, 1, 0, 2, 6, 4, 1, 4, 1, 2)
7720	(0, 0, 0, 1, 0, 2, 5, 2, 5, 6, 0, 1)
7721	(0, 0, 0, 1, 0, 3, 5, 2, 4, 5, 1, 1)
7722	(0, 0, 0, 1, 0, 2, 6, 2, 4, 5, 1, 1)
7723	(0, 0, 0, 1, 0, 2, 5, 3, 4, 5, 1, 1)
7724	(0, 0, 0, 1, 0, 2, 5, 2, 4, 5, 0, 2)
7725	(0, 0, 0, 1, 0, 3, 6, 2, 2, 5, 2, 1)
7726	(0, 0, 0, 1, 0, 3, 5, 3, 2, 5, 2, 1)
7727	(0, 0, 0, 1, 0, 3, 5, 2, 3, 5, 2, 1)
7728	(0, 0, 0, 1, 0, 3, 5, 2, 2, 5, 1, 2)
7729	(0, 0, 0, 1, 0, 2, 6, 3, 2, 5, 2, 1)
7730	(0, 0, 0, 1, 0, 2, 6, 2, 3, 5, 2, 1)
7731	(0, 0, 0, 1, 0, 2, 6, 2, 2, 5, 1, 2)
7732	(0, 0, 0, 1, 0, 2, 5, 3, 3, 5, 2, 1)
7733	(0, 0, 0, 1, 0, 2, 5, 3, 2, 5, 1, 2)
7734	(0, 0, 0, 1, 0, 2, 5, 2, 3, 5, 1, 2)
7735	(0, 0, 0, 1, 0, 3, 6, 3, 1, 4, 3, 1)
7736	(0, 0, 0, 1, 0, 3, 6, 2, 1, 4, 2, 2)
7737	(0, 0, 0, 1, 0, 3, 5, 3, 1, 4, 2, 2)
7738	(0, 0, 0, 1, 0, 2, 6, 3, 1, 4, 2, 2)
7739	(0, 0, 0, 1, 0, 3, 5, 1, 5, 5, 1, 1)
7740	(0, 0, 0, 1, 0, 2, 6, 1, 5, 5, 1, 1)
7741	(0, 0, 0, 1, 0, 2, 5, 1, 6, 5, 1, 1)
7742	(0, 0, 0, 1, 0, 2, 5, 1, 5, 5, 0, 2)
7743	(0, 0, 0, 1, 0, 3, 6, 1, 4, 4, 2, 1)
7744	(0, 0, 0, 1, 0, 3, 5, 1, 4, 4, 1, 2)
7745	(0, 0, 0, 1, 0, 2, 6, 1, 4, 4, 1, 2)
7746	(0, 0, 0, 1, 0, 3, 6, 1, 3, 4, 3, 1)
7747	(0, 0, 0, 1, 0, 3, 6, 1, 2, 4, 2, 2)
7748	(0, 0, 0, 1, 0, 3, 5, 1, 3, 4, 2, 2)
7749	(0, 0, 0, 1, 0, 2, 6, 1, 3, 4, 2, 2)
7750	(0, 0, 0, 1, 0, 2, 4, 5, 4, 5, 0, 1)
7751	(0, 0, 0, 1, 0, 3, 4, 5, 2, 5, 1, 1)
7752	(0, 0, 0, 1, 0, 2, 4, 6, 2, 5, 1, 1)
7753	(0, 0, 0, 1, 0, 2, 4, 5, 3, 5, 1, 1)
7754	(0, 0, 0, 1, 0, 2, 4, 5, 2, 5, 0, 2)
7755	(0, 0, 0, 1, 0, 3, 4, 6, 1, 4, 2, 1)
7756	(0, 0, 0, 1, 0, 3, 4, 5, 1, 4, 1, 2)
7757	(0, 0, 0, 1, 0, 2, 4, 6, 1, 4, 1, 2)
7758	(0, 0, 0, 1, 0, 2, 4, 4, 5, 5, 0, 1)
7759	(0, 0, 0, 1, 0, 3, 4, 4, 4, 4, 1, 1)
7760	(0, 0, 0, 1, 0, 2, 4, 4, 4, 4, 0, 2)
7761	(0, 0, 0, 1, 0, 3, 4, 4, 3, 4, 2, 1)
7762	(0, 0, 0, 1, 0, 3, 4, 4, 2, 4, 1, 2)
7763	(0, 0, 0, 1, 0, 2, 4, 4, 3, 4, 1, 2)
7764	(0, 0, 0, 1, 0, 3, 4, 2, 5, 5, 1, 1)
7765	(0, 0, 0, 1, 0, 2, 4, 3, 5, 5, 1, 1)
7766	(0, 0, 0, 1, 0, 2, 4, 2, 6, 5, 1, 1)
7767	(0, 0, 0, 1, 0, 2, 4, 2, 5, 5, 0, 2)
7768	(0, 0, 0, 1, 0, 3, 4, 3, 4, 4, 2, 1)
7769	(0, 0, 0, 1, 0, 3, 4, 2, 4, 4, 1, 2)
7770	(0, 0, 0, 1, 0, 2, 4, 3, 4, 4, 1, 2)
7771	(0, 0, 0, 1, 0, 3, 4, 3, 3, 4, 3, 1)
7772	(0, 0, 0, 1, 0, 3, 4, 3, 2, 4, 2, 2)
7773	(0, 0, 0, 1, 0, 3, 4, 2, 3, 4, 2, 2)
7774	(0, 0, 0, 1, 0, 2, 4, 3, 3, 4, 2, 2)
7775	(0, 0, 0, 1, 0, 3, 4, 1, 6, 4, 2, 1)
7776	(0, 0, 0, 1, 0, 3, 4, 1, 5, 4, 1, 2)
7777	(0, 0, 0, 1, 0, 2, 4, 1, 6, 4, 1, 2)
7778	(0, 0, 0, 1, 0, 2, 2, 5, 5, 6, 0, 1)
7779	(0, 0, 0, 1, 0, 3, 2, 5, 4, 5, 1, 1)
7780	(0, 0, 0, 1, 0, 2, 3, 5, 4, 5, 1, 1)
7781	(0, 0, 0, 1, 0, 2, 2, 6, 4, 5, 1, 1)
7782	(0, 0, 0, 1, 0, 2, 2, 5, 4, 5, 0, 2)
7783	(0, 0, 0, 1, 0, 3, 3, 5, 2, 5, 2, 1)
7784	(0, 0, 0, 1, 0, 3, 2, 6, 2, 5, 2, 1)
7785	(0, 0, 0, 1, 0, 3, 2, 5, 3, 5, 2, 1)
7786	(0, 0, 0, 1, 0, 3, 2, 5, 2, 5, 1, 2)
7787	(0, 0, 0, 1, 0, 2, 3, 6, 2, 5, 2, 1)
7788	(0, 0, 0, 1, 0, 2, 3, 5, 3, 5, 2, 1)
7789	(0, 0, 0, 1, 0, 2, 3, 5, 2, 5, 1, 2)
7790	(0, 0, 0, 1, 0, 2, 2, 6, 3, 5, 2, 1)
7791	(0, 0, 0, 1, 0, 2, 2, 6, 2, 5, 1, 2)
7792	(0, 0, 0, 1, 0, 2, 2, 5, 3, 5, 1, 2)
7793	(0, 0, 0, 1, 0, 3, 3, 6, 1, 4, 3, 1)
7794	(0, 0, 0, 1, 0, 3, 3, 5, 1, 4, 2, 2)
7795	(0, 0, 0, 1, 0, 3, 2, 6, 1, 4, 2, 2)
7796	(0, 0, 0, 1, 0, 2, 3, 6, 1, 4, 2, 2)
7797	(0, 0, 0, 1, 0, 3, 2, 4, 5, 5, 1, 1)
7798	(0, 0, 0, 1, 0, 2, 3, 4, 5, 5, 1, 1)
7799	(0, 0, 0, 1, 0, 2, 2, 4, 6, 5, 1, 1)
7800	(0, 0, 0, 1, 0, 2, 2, 4, 5, 5, 0, 2)
7801	(0, 0, 0, 1, 0, 3, 3, 4, 4, 4, 2, 1)
7802	(0, 0, 0, 1, 0, 3, 2, 4, 4, 4, 1, 2)
7803	(0, 0, 0, 1, 0, 2, 3, 4, 4, 4, 1, 2)
7804	(0, 0, 0, 1, 0, 3, 3, 4, 3, 4, 3, 1)
7805	(0, 0, 0, 1, 0, 3, 3, 4, 2, 4, 2, 2)
7806	(0, 0, 0, 1, 0, 3, 2, 4, 3, 4, 2, 2)
7807	(0, 0, 0, 1, 0, 2, 3, 4, 3, 4, 2, 2)
7808	(0, 0, 0, 1, 0, 3, 3, 2, 5, 5, 2, 1)
7809	(0, 0, 0, 1, 0, 3, 2, 3, 5, 5, 2, 1)
7810	(0, 0, 0, 1, 0, 3, 2, 2, 6, 5, 2, 1)
7811	(0, 0, 0, 1, 0, 3, 2, 2, 5, 5, 1, 2)
7812	(0, 0, 0, 1, 0, 2, 3, 3, 5, 5, 2, 1)
7813	(0, 0, 0, 1, 0, 2, 3, 2, 6, 5, 2, 1)
7814	(0, 0, 0, 1, 0, 2, 3, 2, 5, 5, 1, 2)
7815	(0, 0, 0, 1, 0, 2, 2, 3, 6, 5, 2, 1)
7816	(0, 0, 0, 1, 0, 2, 2, 3, 5, 5, 1, 2)
7817	(0, 0, 0, 1, 0, 2, 2, 2, 6, 5, 1, 2)
7818	(0, 0, 0, 1, 0, 3, 3, 3, 4, 4, 3, 1)
7819	(0, 0, 0, 1, 0, 3, 3, 2, 4, 4, 2, 2)
7820	(0, 0, 0, 1, 0, 3, 2, 3, 4, 4, 2, 2)
7821	(0, 0, 0, 1, 0, 2, 3, 3, 4, 4, 2, 2)
7822	(0, 0, 0, 1, 0, 3, 3, 3, 3, 4, 4, 1)
7823	(0, 0, 0, 1, 0, 3, 3, 3, 2, 4, 3, 2)
7824	(0, 0, 0, 1, 0, 3, 3, 2, 3, 4, 3, 2)
7825	(0, 0, 0, 1, 0, 3, 2, 3, 3, 4, 3, 2)
7826	(0, 0, 0, 1, 0, 2, 3, 3, 3, 4, 3, 2)
7827	(0, 0, 0, 1, 0, 3, 3, 1, 6, 4, 3, 1)
7828	(0, 0, 0, 1, 0, 3, 3, 1, 5, 4, 2, 2)
7829	(0, 0, 0, 1, 0, 3, 2, 1, 6, 4, 2, 2)
7830	(0, 0, 0, 1, 0, 2, 3, 1, 6, 4, 2, 2)
7831	(0, 0, 0, 1, 0, 3, 1, 5, 5, 5, 1, 1)
7832	(0, 0, 0, 1, 0, 2, 1, 6, 5, 5, 1, 1)
7833	(0, 0, 0, 1, 0, 2, 1, 5, 6, 5, 1, 1)
7834	(0, 0, 0, 1, 0, 2, 1, 5, 5, 5, 0, 2)
7835	(0, 0, 0, 1, 0, 3, 1, 6, 4, 4, 2, 1)
7836	(0, 0, 0, 1, 0, 3, 1, 5, 4, 4, 1, 2)
7837	(0, 0, 0, 1, 0, 2, 1, 6, 4, 4, 1, 2)
7838	(0, 0, 0, 1, 0, 3, 1, 6, 3, 4, 3, 1)
7839	(0, 0, 0, 1, 0, 3, 1, 6, 2, 4, 2, 2)
7840	(0, 0, 0, 1, 0, 3, 1, 5, 3, 4, 2, 2)
7841	(0, 0, 0, 1, 0, 2, 1, 6, 3, 4, 2, 2)
7842	(0, 0, 0, 1, 0, 3, 1, 4, 6, 4, 2, 1)
7843	(0, 0, 0, 1, 0, 3, 1, 4, 5, 4, 1, 2)
7844	(0, 0, 0, 1, 0, 2, 1, 4, 6, 4, 1, 2)
7845	(0, 0, 0, 1, 0, 3, 1, 3, 6, 4, 3, 1)
7846	(0, 0, 0, 1, 0, 3, 1, 3, 5, 4, 2, 2)
7847	(0, 0, 0, 1, 0, 3, 1, 2, 6, 4, 2, 2)
7848	(0, 0, 0, 1, 0, 2, 1, 3, 6, 4, 2, 2)
7849	(0, 0, 0, 1, 0, 1, 5, 5, 4, 5, 0, 1)
7850	(0, 0, 0, 1, 0, 1, 6, 5, 2, 5, 1, 1)
7851	(0, 0, 0, 1, 0, 1, 5, 6, 2, 5, 1, 1)
7852	(0, 0, 0, 1, 0, 1, 5, 5, 3, 5, 1, 1)
7853	(0, 0, 0, 1, 0, 1, 5, 5, 2, 5, 0, 2)
7854	(0, 0, 0, 1, 0, 1, 6, 6, 1, 4, 2, 1)
7855	(0, 0, 0, 1, 0, 1, 6, 5, 1, 4, 1, 2)
7856	(0, 0, 0, 1, 0, 1, 5, 6, 1, 4, 1, 2)
7857	(0, 0, 0, 1, 0, 1, 5, 4, 5, 5, 0, 1)
7858	(0, 0, 0, 1, 0, 1, 6, 4, 4, 4, 1, 1)
7859	(0, 0, 0, 1, 0, 1, 5, 4, 4, 4, 0, 2)
7860	(0, 0, 0, 1, 0, 1, 6, 4, 3, 4, 2, 1)
7861	(0, 0, 0, 1, 0, 1, 6, 4, 2, 4, 1, 2)
7862	(0, 0, 0, 1, 0, 1, 5, 4, 3, 4, 1, 2)
7863	(0, 0, 0, 1, 0, 1, 6, 2, 5, 5, 1, 1)
7864	(0, 0, 0, 1, 0, 1, 5, 3, 5, 5, 1, 1)
7865	(0, 0, 0, 1, 0, 1, 5, 2, 6, 5, 1, 1)
7866	(0, 0, 0, 1, 0, 1, 5, 2, 5, 5, 0, 2)
7867	(0, 0, 0, 1, 0, 1, 6, 3, 4, 4, 2, 1)
7868	(0, 0, 0, 1, 0, 1, 6, 2, 4, 4, 1, 2)
7869	(0, 0, 0, 1, 0, 1, 5, 3, 4, 4, 1, 2)
7870	(0, 0, 0, 1, 0, 1, 6, 3, 3, 4, 3, 1)
7871	(0, 0, 0, 1, 0, 1, 6, 3, 2, 4, 2, 2)
7872	(0, 0, 0, 1, 0, 1, 6, 2, 3, 4, 2, 2)
7873	(0, 0, 0, 1, 0, 1, 5, 3, 3, 4, 2, 2)
7874	(0, 0, 0, 1, 0, 1, 6, 1, 6, 4, 2, 1)
7875	(0, 0, 0, 1, 0, 1, 6, 1, 5, 4, 1, 2)
7876	(0, 0, 0, 1, 0, 1, 5, 1, 6, 4, 1, 2)
7877	(0, 0, 0, 1, 0, 1, 4, 5, 5, 5, 0, 1)
7878	(0, 0, 0, 1, 0, 1, 4, 6, 4, 4, 1, 1)
7879	(0, 0, 0, 1, 0, 1, 4, 5, 4, 4, 0, 2)
7880	(0, 0, 0, 1, 0, 1, 4, 6, 3, 4, 2, 1)
7881	(0, 0, 0, 1, 0, 1, 4, 6, 2, 4, 1, 2)
7882	(0, 0, 0, 1, 0, 1, 4, 5, 3, 4, 1, 2)
7883	(0, 0, 0, 1, 0, 1, 4, 4, 6, 4, 1, 1)
7884	(0, 0, 0, 1, 0, 1, 4, 4, 5, 4, 0, 2)
7885	(0, 0, 0, 1, 0, 1, 4, 3, 6, 4, 2, 1)
7886	(0, 0, 0, 1, 0, 1, 4, 3, 5, 4, 1, 2)
7887	(0, 0, 0, 1, 0, 1, 4, 2, 6, 4, 1, 2)
7888	(0, 0, 0, 1, 0, 1, 3, 5, 5, 5, 1, 1)
7889	(0, 0, 0, 1, 0, 1, 2, 6, 5, 5, 1, 1)
7890	(0, 0, 0, 1, 0, 1, 2, 5, 6, 5, 1, 1)
7891	(0, 0, 0, 1, 0, 1, 2, 5, 5, 5, 0, 2)
7892	(0, 0, 0, 1, 0, 1, 3, 6, 4, 4, 2, 1)
7893	(0, 0, 0, 1, 0, 1, 3, 5, 4, 4, 1, 2)
7894	(0, 0, 0, 1, 0, 1, 2, 6, 4, 4, 1, 2)
7895	(0, 0, 0, 1, 0, 1, 3, 6, 3, 4, 3, 1)
7896	(0, 0, 0, 1, 0, 1, 3, 6, 2, 4, 2, 2)
7897	(0, 0, 0, 1, 0, 1, 3, 5, 3, 4, 2, 2)
7898	(0, 0, 0, 1, 0, 1, 2, 6, 3, 4, 2, 2)
7899	(0, 0, 0, 1, 0, 1, 3, 4, 6, 4, 2, 1)
7900	(0, 0, 0, 1, 0, 1, 3, 4, 5, 4, 1, 2)
7901	(0, 0, 0, 1, 0, 1, 2, 4, 6, 4, 1, 2)
7902	(0, 0, 0, 1, 0, 1, 3, 3, 6, 4, 3, 1)
7903	(0, 0, 0, 1, 0, 1, 3, 3, 5, 4, 2, 2)
7904	(0, 0, 0, 1, 0, 1, 3, 2, 6, 4, 2, 2)
7905	(0, 0, 0, 1, 0, 1, 2, 3, 6, 4, 2, 2)
7906	(0, 0, 0, 1, 0, 1, 1, 6, 6, 4, 2, 1)
7907	(0, 0, 0, 1, 0, 1, 1, 6, 5, 4, 1, 2)
7908	(0, 0, 0, 1, 0, 1, 1, 5, 6, 4, 1, 2)
7909	(0, 0, 0, 1, 0, 0, 5, 5, 5, 6, 0, 1)
7910	(0, 0, 0, 1, 0, 0, 6, 5, 4, 5, 1, 1)
7911	(0, 0, 0, 1, 0, 0, 5, 6, 4, 5, 1, 1)
7912	(0, 0, 0, 1, 0, 0, 5, 5, 4, 5, 0, 2)
7913	(0, 0, 0, 1, 0, 0, 6, 6, 2, 5, 2, 1)
7914	(0, 0, 0, 1, 0, 0, 6, 5, 3, 5, 2, 1)
7915	(0, 0, 0, 1, 0, 0, 6, 5, 2, 5, 1, 2)
7916	(0, 0, 0, 1, 0, 0, 5, 6, 3, 5, 2, 1)
7917	(0, 0, 0, 1, 0, 0, 5, 6, 2, 5, 1, 2)
7918	(0, 0, 0, 1, 0, 0, 5, 5, 3, 5, 1, 2)
7919	(0, 0, 0, 1, 0, 0, 6, 6, 1, 4, 2, 2)
7920	(0, 0, 0, 1, 0, 0, 6, 4, 5, 5, 1, 1)
7921	(0, 0, 0, 1, 0, 0, 5, 4, 6, 5, 1, 1)
7922	(0, 0, 0, 1, 0, 0, 5, 4, 5, 5, 0, 2)
7923	(0, 0, 0, 1, 0, 0, 6, 4, 4, 4, 1, 2)
7924	(0, 0, 0, 1, 0, 0, 6, 4, 3, 4, 2, 2)
7925	(0, 0, 0, 1, 0, 0, 6, 3, 5, 5, 2, 1)
7926	(0, 0, 0, 1, 0, 0, 6, 2, 6, 5, 2, 1)
7927	(0, 0, 0, 1, 0, 0, 6, 2, 5, 5, 1, 2)
7928	(0, 0, 0, 1, 0, 0, 5, 3, 6, 5, 2, 1)
7929	(0, 0, 0, 1, 0, 0, 5, 3, 5, 5, 1, 2)
7930	(0, 0, 0, 1, 0, 0, 5, 2, 6, 5, 1, 2)
7931	(0, 0, 0, 1, 0, 0, 6, 3, 4, 4, 2, 2)
7932	(0, 0, 0, 1, 0, 0, 6, 3, 3, 4, 3, 2)
7933	(0, 0, 0, 1, 0, 0, 6, 1, 6, 4, 2, 2)
7934	(0, 0, 0, 1, 0, 0, 4, 6, 5, 5, 1, 1)
7935	(0, 0, 0, 1, 0, 0, 4, 5, 6, 5, 1, 1)
7936	(0, 0, 0, 1, 0, 0, 4, 5, 5, 5, 0, 2)
7937	(0, 0, 0, 1, 0, 0, 4, 6, 4, 4, 1, 2)
7938	(0, 0, 0, 1, 0, 0, 4, 6, 3, 4, 2, 2)
7939	(0, 0, 0, 1, 0, 0, 4, 4, 6, 4, 1, 2)
7940	(0, 0, 0, 1, 0, 0, 4, 3, 6, 4, 2, 2)
7941	(0, 0, 0, 1, 0, 0, 3, 6, 5, 5, 2, 1)
7942	(0, 0, 0, 1, 0, 0, 3, 5, 6, 5, 2, 1)
7943	(0, 0, 0, 1, 0, 0, 3, 5, 5, 5, 1, 2)
7944	(0, 0, 0, 1, 0, 0, 2, 6, 6, 5, 2, 1)
7945	(0, 0, 0, 1, 0, 0, 2, 6, 5, 5, 1, 2)
7946	(0, 0, 0, 1, 0, 0, 2, 5, 6, 5, 1, 2)
7947	(0, 0, 0, 1, 0, 0, 3, 6, 4, 4, 2, 2)
7948	(0, 0, 0, 1, 0, 0, 3, 6, 3, 4, 3, 2)
7949	(0, 0, 0, 1, 0, 0, 3, 4, 6, 4, 2, 2)
7950	(0, 0, 0, 1, 0, 0, 3, 3, 6, 4, 3, 2)
7951	(0, 0, 0, 1, 0, 0, 1, 6, 6, 4, 2, 2)
7952	(0, 0, 0, 1, 0, 5, 5, 0, 5, 6, 0, 1)
7953	(0, 0, 0, 1, 0, 6, 5, 0, 4, 5, 1, 1)
7954	(0, 0, 0, 1, 0, 5, 6, 0, 4, 5, 1, 1)
7955	(0, 0, 0, 1, 0, 5, 5, 0, 4, 5, 0, 2)
7956	(0, 0, 0, 1, 0, 6, 6, 0, 2, 5, 2, 1)
7957	(0, 0, 0, 1, 0, 6, 5, 0, 3, 5, 2, 1)
7958	(0, 0, 0, 1, 0, 6, 5, 0, 2, 5, 1, 2)
7959	(0, 0, 0, 1, 0, 5, 6, 0, 3, 5, 2, 1)
7960	(0, 0, 0, 1, 0, 5, 6, 0, 2, 5, 1, 2)
7961	(0, 0, 0, 1, 0, 5, 5, 0, 3, 5, 1, 2)
7962	(0, 0, 0, 1, 0, 6, 6, 0, 1, 4, 2, 2)
7963	(0, 0, 0, 1, 0, 6, 4, 0, 5, 5, 1, 1)
7964	(0, 0, 0, 1, 0, 5, 4, 0, 6, 5, 1, 1)
7965	(0, 0, 0, 1, 0, 5, 4, 0, 5, 5, 0, 2)
7966	(0, 0, 0, 1, 0, 6, 4, 0, 4, 4, 1, 2)
7967	(0, 0, 0, 1, 0, 6, 4, 0, 3, 4, 2, 2)
7968	(0, 0, 0, 1, 0, 6, 3, 0, 5, 5, 2, 1)
7969	(0, 0, 0, 1, 0, 6, 2, 0, 6, 5, 2, 1)
7970	(0, 0, 0, 1, 0, 6, 2, 0, 5, 5, 1, 2)
7971	(0, 0, 0, 1, 0, 5, 3, 0, 6, 5, 2, 1)
7972	(0, 0, 0, 1, 0, 5, 3, 0, 5, 5, 1, 2)
7973	(0, 0, 0, 1, 0, 5, 2, 0, 6, 5, 1, 2)
7974	(0, 0, 0, 1, 0, 6, 3, 0, 4, 4, 2, 2)
7975	(0, 0, 0, 1, 0, 6, 3, 0, 3, 4, 3, 2)
7976	(0, 0, 0, 1, 0, 6, 1, 0, 6, 4, 2, 2)
7977	(0, 0, 0, 1, 0, 4, 6, 0, 5, 5, 1, 1)
7978	(0, 0, 0, 1, 0, 4, 5, 0, 6, 5, 1, 1)
7979	(0, 0, 0, 1, 0, 4, 5, 0, 5, 5, 0, 2)
7980	(0, 0, 0, 1, 0, 4, 6, 0, 4, 4, 1, 2)
7981	(0, 0, 0, 1, 0, 4, 6, 0, 3, 4, 2, 2)
7982	(0, 0, 0, 1, 0, 4, 4, 0, 6, 4, 1, 2)
7983	(0, 0, 0, 1, 0, 4, 3, 0, 6, 4, 2, 2)
7984	(0, 0, 0, 1, 0, 3, 6, 0, 5, 5, 2, 1)
7985	(0, 0, 0, 1, 0, 3, 5, 0, 6, 5, 2, 1)
7986	(0, 0, 0, 1, 0, 3, 5, 0, 5, 5, 1, 2)
7987	(0, 0, 0, 1, 0, 2, 6, 0, 6, 5, 2, 1)
7988	(0, 0, 0, 1, 0, 2, 6, 0, 5, 5, 1, 2)
7989	(0, 0, 0, 1, 0, 2, 5, 0, 6, 5, 1, 2)
7990	(0, 0, 0, 1, 0, 3, 6, 0, 4, 4, 2, 2)
7991	(0, 0, 0, 1, 0, 3, 6, 0, 3, 4, 3, 2)
7992	(0, 0, 0, 1, 0, 3, 4, 0, 6, 4, 2, 2)
7993	(0, 0, 0, 1, 0, 3, 3, 0, 6, 4, 3, 2)
7994	(0, 0, 0, 1, 0, 1, 6, 0, 6, 4, 2, 2)
7995	(0, 0, 0, 0, 0, 5, 5, 5, 1, 6, 0, 1)
7996	(0, 0, 0, 0, 0, 5, 5, 4, 2, 6, 0, 1)
7997	(0, 0, 0, 0, 0, 6, 5, 4, 1, 5, 1, 1)
7998	(0, 0, 0, 0, 0, 5, 6, 4, 1, 5, 1, 1)
7999	(0, 0, 0, 0, 0, 5, 5, 4, 1, 5, 0, 2)
8000	(0, 0, 0, 0, 0, 5, 5, 2, 4, 6, 0, 1)
8001	(0, 0, 0, 0, 0, 6, 5, 2, 2, 6, 1, 1)
8002	(0, 0, 0, 0, 0, 5, 6, 2, 2, 6, 1, 1)
8003	(0, 0, 0, 0, 0, 5, 5, 3, 2, 6, 1, 1)
8004	(0, 0, 0, 0, 0, 5, 5, 2, 3, 6, 1, 1)
8005	(0, 0, 0, 0, 0, 5, 5, 2, 2, 6, 0, 2)
8006	(0, 0, 0, 0, 0, 6, 6, 2, 1, 5, 2, 1)
8007	(0, 0, 0, 0, 0, 6, 5, 3, 1, 5, 2, 1)
8008	(0, 0, 0, 0, 0, 6, 5, 2, 1, 5, 1, 2)
8009	(0, 0, 0, 0, 0, 5, 6, 3, 1, 5, 2, 1)
8010	(0, 0, 0, 0, 0, 5, 6, 2, 1, 5, 1, 2)
8011	(0, 0, 0, 0, 0, 5, 5, 3, 1, 5, 1, 2)
8012	(0, 0, 0, 0, 0, 5, 5, 1, 5, 6, 0, 1)
8013	(0, 0, 0, 0, 0, 6, 5, 1, 4, 5, 1, 1)
8014	(0, 0, 0, 0, 0, 5, 6, 1, 4, 5, 1, 1)
8015	(0, 0, 0, 0, 0, 5, 5, 1, 4, 5, 0, 2)
8016	(0, 0, 0, 0, 0, 6, 6, 1, 2, 5, 2, 1)
8017	(0, 0, 0, 0, 0, 6, 5, 1, 3, 5, 2, 1)
8018	(0, 0, 0, 0, 0, 6, 5, 1, 2, 5, 1, 2)
8019	(0, 0, 0, 0, 0, 5, 6, 1, 3, 5, 2, 1)
8020	(0, 0, 0, 0, 0, 5, 6, 1, 2, 5, 1, 2)
8021	(0, 0, 0, 0, 0, 5, 5, 1, 3, 5, 1, 2)
8022	(0, 0, 0, 0, 0, 6, 6, 1, 1, 4, 2, 2)
8023	(0, 0, 0, 0, 0, 5, 4, 5, 2, 6, 0, 1)
8024	(0, 0, 0, 0, 0, 6, 4, 5, 1, 5, 1, 1)
8025	(0, 0, 0, 0, 0, 5, 4, 6, 1, 5, 1, 1)
8026	(0, 0, 0, 0, 0, 5, 4, 5, 1, 5, 0, 2)
8027	(0, 0, 0, 0, 0, 5, 4, 4, 4, 5, 0, 1)
8028	(0, 0, 0, 0, 0, 6, 4, 4, 2, 5, 1, 1)
8029	(0, 0, 0, 0, 0, 5, 4, 4, 3, 5, 1, 1)
8030	(0, 0, 0, 0, 0, 5, 4, 4, 2, 5, 0, 2)
8031	(0, 0, 0, 0, 0, 6, 4, 4, 1, 4, 1, 2)
8032	(0, 0, 0, 0, 0, 5, 4, 2, 5, 6, 0, 1)
8033	(0, 0, 0, 0, 0, 6, 4, 2, 4, 5, 1, 1)
8034	(0, 0, 0, 0, 0, 5, 4, 3, 4, 5, 1, 1)
8035	(0, 0, 0, 0, 0, 5, 4, 2, 4, 5, 0, 2)
8036	(0, 0, 0, 0, 0, 6, 4, 3, 2, 5, 2, 1)
8037	(0, 0, 0, 0, 0, 6, 4, 2, 3, 5, 2, 1)
8038	(0, 0, 0, 0, 0, 6, 4, 2, 2, 5, 1, 2)
8039	(0, 0, 0, 0, 0, 5, 4, 3, 3, 5, 2, 1)
8040	(0, 0, 0, 0, 0, 5, 4, 3, 2, 5, 1, 2)
8041	(0, 0, 0, 0, 0, 5, 4, 2, 3, 5, 1, 2)
8042	(0, 0, 0, 0, 0, 6, 4, 3, 1, 4, 2, 2)
8043	(0, 0, 0, 0, 0, 6, 4, 1, 5, 5, 1, 1)
8044	(0, 0, 0, 0, 0, 5, 4, 1, 6, 5, 1, 1)
8045	(0, 0, 0, 0, 0, 5, 4, 1, 5, 5, 0, 2)
8046	(0, 0, 0, 0, 0, 6, 4, 1, 4, 4, 1, 2)
8047	(0, 0, 0, 0, 0, 6, 4, 1, 3, 4, 2, 2)
8048	(0, 0, 0, 0, 0, 5, 2, 5, 4, 6, 0, 1)
8049	(0, 0, 0, 0, 0, 6, 2, 5, 2, 6, 1, 1)
8050	(0, 0, 0, 0, 0, 5, 3, 5, 2, 6, 1, 1)
8051	(0, 0, 0, 0, 0, 5, 2, 6, 2, 6, 1, 1)
8052	(0, 0, 0, 0, 0, 5, 2, 5, 3, 6, 1, 1)
8053	(0, 0, 0, 0, 0, 5, 2, 5, 2, 6, 0, 2)
8054	(0, 0, 0, 0, 0, 6, 3, 5, 1, 5, 2, 1)
8055	(0, 0, 0, 0, 0, 6, 2, 6, 1, 5, 2, 1)
8056	(0, 0, 0, 0, 0, 6, 2, 5, 1, 5, 1, 2)
8057	(0, 0, 0, 0, 0, 5, 3, 6, 1, 5, 2, 1)
8058	(0, 0, 0, 0, 0, 5, 3, 5, 1, 5, 1, 2)
8059	(0, 0, 0, 0, 0, 5, 2, 6, 1, 5, 1, 2)
8060	(0, 0, 0, 0, 0, 5, 2, 4, 5, 6, 0, 1)
8061	(0, 0, 0, 0, 0, 6, 2, 4, 4, 5, 1, 1)
8062	(0, 0, 0, 0, 0, 5, 3, 4, 4, 5, 1, 1)
8063	(0, 0, 0, 0, 0, 5, 2, 4, 4, 5, 0, 2)
8064	(0, 0, 0, 0, 0, 6, 3, 4, 2, 5, 2, 1)
8065	(0, 0, 0, 0, 0, 6, 2, 4, 3, 5, 2, 1)
8066	(0, 0, 0, 0, 0, 6, 2, 4, 2, 5, 1, 2)
8067	(0, 0, 0, 0, 0, 5, 3, 4, 3, 5, 2, 1)
8068	(0, 0, 0, 0, 0, 5, 3, 4, 2, 5, 1, 2)
8069	(0, 0, 0, 0, 0, 5, 2, 4, 3, 5, 1, 2)
8070	(0, 0, 0, 0, 0, 6, 3, 4, 1, 4, 2, 2)
8071	(0, 0, 0, 0, 0, 6, 2, 2, 5, 6, 1, 1)
8072	(0, 0, 0, 0, 0, 5, 3, 2, 5, 6, 1, 1)
8073	(0, 0, 0, 0, 0, 5, 2, 3, 5, 6, 1, 1)
8074	(0, 0, 0, 0, 0, 5, 2, 2, 6, 6, 1, 1)
8075	(0, 0, 0, 0, 0, 5, 2, 2, 5, 6, 0, 2)
8076	(0, 0, 0, 0, 0, 6, 3, 2, 4, 5, 2, 1)
8077	(0, 0, 0, 0, 0, 6, 2, 3, 4, 5, 2, 1)
8078	(0, 0, 0, 0, 0, 6, 2, 2, 4, 5, 1, 2)
8079	(0, 0, 0, 0, 0, 5, 3, 3, 4, 5, 2, 1)
8080	(0, 0, 0, 0, 0, 5, 3, 2, 4, 5, 1, 2)
8081	(0, 0, 0, 0, 0, 5, 2, 3, 4, 5, 1, 2)
8082	(0, 0, 0, 0, 0, 6, 3, 3, 2, 5, 3, 1)
8083	(0, 0, 0, 0, 0, 6, 3, 2, 3, 5, 3, 1)
8084	(0, 0, 0, 0, 0, 6, 3, 2, 2, 5, 2, 2)
8085	(0, 0, 0, 0, 0, 6, 2, 3, 3, 5, 3, 1)
8086	(0, 0, 0, 0, 0, 6, 2, 3, 2, 5, 2, 2)
8087	(0, 0, 0, 0, 0, 6, 2, 2, 3, 5, 2, 2)
8088	(0, 0, 0, 0, 0, 5, 3, 3, 3, 5, 3, 1)
8089	(0, 0, 0, 0, 0, 5, 3, 3, 2, 5, 2, 2)
8090	(0, 0, 0, 0, 0, 5, 3, 2, 3, 5, 2, 2)
8091	(0, 0, 0, 0, 0, 5, 2, 3, 3, 5, 2, 2)
8092	(0, 0, 0, 0, 0, 6, 3, 3, 1, 4, 3, 2)
8093	(0, 0, 0, 0, 0, 6, 3, 1, 5, 5, 2, 1)
8094	(0, 0, 0, 0, 0, 6, 2, 1, 6, 5, 2, 1)
8095	(0, 0, 0, 0, 0, 6, 2, 1, 5, 5, 1, 2)
8096	(0, 0, 0, 0, 0, 5, 3, 1, 6, 5, 2, 1)
8097	(0, 0, 0, 0, 0, 5, 3, 1, 5, 5, 1, 2)
8098	(0, 0, 0, 0, 0, 5, 2, 1, 6, 5, 1, 2)
8099	(0, 0, 0, 0, 0, 6, 3, 1, 4, 4, 2, 2)
8100	(0, 0, 0, 0, 0, 6, 3, 1, 3, 4, 3, 2)
8101	(0, 0, 0, 0, 0, 5, 1, 5, 5, 6, 0, 1)
8102	(0, 0, 0, 0, 0, 6, 1, 5, 4, 5, 1, 1)
8103	(0, 0, 0, 0, 0, 5, 1, 6, 4, 5, 1, 1)
8104	(0, 0, 0, 0, 0, 5, 1, 5, 4, 5, 0, 2)
8105	(0, 0, 0, 0, 0, 6, 1, 6, 2, 5, 2, 1)
8106	(0, 0, 0, 0, 0, 6, 1, 5, 3, 5, 2, 1)
8107	(0, 0, 0, 0, 0, 6, 1, 5, 2, 5, 1, 2)
8108	(0, 0, 0, 0, 0, 5, 1, 6, 3, 5, 2, 1)
8109	(0, 0, 0, 0, 0, 5, 1, 6, 2, 5, 1, 2)
8110	(0, 0, 0, 0, 0, 5, 1, 5, 3, 5, 1, 2)
8111	(0, 0, 0, 0, 0, 6, 1, 6, 1, 4, 2, 2)
8112	(0, 0, 0, 0, 0, 6, 1, 4, 5, 5, 1, 1)
8113	(0, 0, 0, 0, 0, 5, 1, 4, 6, 5, 1, 1)
8114	(0, 0, 0, 0, 0, 5, 1, 4, 5, 5, 0, 2)
8115	(0, 0, 0, 0, 0, 6, 1, 4, 4, 4, 1, 2)
8116	(0, 0, 0, 0, 0, 6, 1, 4, 3, 4, 2, 2)
8117	(0, 0, 0, 0, 0, 6, 1, 3, 5, 5, 2, 1)
8118	(0, 0, 0, 0, 0, 6, 1, 2, 6, 5, 2, 1)
8119	(0, 0, 0, 0, 0, 6, 1, 2, 5, 5, 1, 2)
8120	(0, 0, 0, 0, 0, 5, 1, 3, 6, 5, 2, 1)
8121	(0, 0, 0, 0, 0, 5, 1, 3, 5, 5, 1, 2)
8122	(0, 0, 0, 0, 0, 5, 1, 2, 6, 5, 1, 2)
8123	(0, 0, 0, 0, 0, 6, 1, 3, 4, 4, 2, 2)
8124	(0, 0, 0, 0, 0, 6, 1, 3, 3, 4, 3, 2)
8125	(0, 0, 0, 0, 0, 6, 1, 1, 6, 4, 2, 2)
8126	(0, 0, 0, 0, 0, 4, 5, 5, 2, 6, 0, 1)
8127	(0, 0, 0, 0, 0, 4, 6, 5, 1, 5, 1, 1)
8128	(0, 0, 0, 0, 0, 4, 5, 6, 1, 5, 1, 1)
8129	(0, 0, 0, 0, 0, 4, 5, 5, 1, 5, 0, 2)
8130	(0, 0, 0, 0, 0, 4, 5, 4, 4, 5, 0, 1)
8131	(0, 0, 0, 0, 0, 4, 6, 4, 2, 5, 1, 1)
8132	(0, 0, 0, 0, 0, 4, 5, 4, 3, 5, 1, 1)
8133	(0, 0, 0, 0, 0, 4, 5, 4, 2, 5, 0, 2)
8134	(0, 0, 0, 0, 0, 4, 6, 4, 1, 4, 1, 2)
8135	(0, 0, 0, 0, 0, 4, 5, 2, 5, 6, 0, 1)
8136	(0, 0, 0, 0, 0, 4, 6, 2, 4, 5, 1, 1)
8137	(0, 0, 0, 0, 0, 4, 5, 3, 4, 5, 1, 1)
8138	(0, 0, 0, 0, 0, 4, 5, 2, 4, 5, 0, 2)
8139	(0, 0, 0, 0, 0, 4, 6, 3, 2, 5, 2, 1)
8140	(0, 0, 0, 0, 0, 4, 6, 2, 3, 5, 2, 1)
8141	(0, 0, 0, 0, 0, 4, 6, 2, 2, 5, 1, 2)
8142	(0, 0, 0, 0, 0, 4, 5, 3, 3, 5, 2, 1)
8143	(0, 0, 0, 0, 0, 4, 5, 3, 2, 5, 1, 2)
8144	(0, 0, 0, 0, 0, 4, 5, 2, 3, 5, 1, 2)
8145	(0, 0, 0, 0, 0, 4, 6, 3, 1, 4, 2, 2)
8146	(0, 0, 0, 0, 0, 4, 6, 1, 5, 5, 1, 1)
8147	(0, 0, 0, 0, 0, 4, 5, 1, 6, 5, 1, 1)
8148	(0, 0, 0, 0, 0, 4, 5, 1, 5, 5, 0, 2)
8149	(0, 0, 0, 0, 0, 4, 6, 1, 4, 4, 1, 2)
8150	(0, 0, 0, 0, 0, 4, 6, 1, 3, 4, 2, 2)
8151	(0, 0, 0, 0, 0, 4, 4, 5, 4, 5, 0, 1)
8152	(0, 0, 0, 0, 0, 4, 4, 6, 2, 5, 1, 1)
8153	(0, 0, 0, 0, 0, 4, 4, 5, 3, 5, 1, 1)
8154	(0, 0, 0, 0, 0, 4, 4, 5, 2, 5, 0, 2)
8155	(0, 0, 0, 0, 0, 4, 4, 6, 1, 4, 1, 2)
8156	(0, 0, 0, 0, 0, 4, 4, 4, 5, 5, 0, 1)
8157	(0, 0, 0, 0, 0, 4, 4, 4, 4, 4, 0, 2)
8158	(0, 0, 0, 0, 0, 4, 4, 4, 3, 4, 1, 2)
8159	(0, 0, 0, 0, 0, 4, 4, 3, 5, 5, 1, 1)
8160	(0, 0, 0, 0, 0, 4, 4, 2, 6, 5, 1, 1)
8161	(0, 0, 0, 0, 0, 4, 4, 2, 5, 5, 0, 2)
8162	(0, 0, 0, 0, 0, 4, 4, 3, 4, 4, 1, 2)
8163	(0, 0, 0, 0, 0, 4, 4, 3, 3, 4, 2, 2)
8164	(0, 0, 0, 0, 0, 4, 4, 1, 6, 4, 1, 2)
8165	(0, 0, 0, 0, 0, 4, 2, 5, 5, 6, 0, 1)
8166	(0, 0, 0, 0, 0, 4, 3, 5, 4, 5, 1, 1)
8167	(0, 0, 0, 0, 0, 4, 2, 6, 4, 5, 1, 1)
8168	(0, 0, 0, 0, 0, 4, 2, 5, 4, 5, 0, 2)
8169	(0, 0, 0, 0, 0, 4, 3, 6, 2, 5, 2, 1)
8170	(0, 0, 0, 0, 0, 4, 3, 5, 3, 5, 2, 1)
8171	(0, 0, 0, 0, 0, 4, 3, 5, 2, 5, 1, 2)
8172	(0, 0, 0, 0, 0, 4, 2, 6, 3, 5, 2, 1)
8173	(0, 0, 0, 0, 0, 4, 2, 6, 2, 5, 1, 2)
8174	(0, 0, 0, 0, 0, 4, 2, 5, 3, 5, 1, 2)
8175	(0, 0, 0, 0, 0, 4, 3, 6, 1, 4, 2, 2)
8176	(0, 0, 0, 0, 0, 4, 3, 4, 5, 5, 1, 1)
8177	(0, 0, 0, 0, 0, 4, 2, 4, 6, 5, 1, 1)
8178	(0, 0, 0, 0, 0, 4, 2, 4, 5, 5, 0, 2)
8179	(0, 0, 0, 0, 0, 4, 3, 4, 4, 4, 1, 2)
8180	(0, 0, 0, 0, 0, 4, 3, 4, 3, 4, 2, 2)
8181	(0, 0, 0, 0, 0, 4, 3, 3, 5, 5, 2, 1)
8182	(0, 0, 0, 0, 0, 4, 3, 2, 6, 5, 2, 1)
8183	(0, 0, 0, 0, 0, 4, 3, 2, 5, 5, 1, 2)
8184	(0, 0, 0, 0, 0, 4, 2, 3, 6, 5, 2, 1)
8185	(0, 0, 0, 0, 0, 4, 2, 3, 5, 5, 1, 2)
8186	(0, 0, 0, 0, 0, 4, 2, 2, 6, 5, 1, 2)
8187	(0, 0, 0, 0, 0, 4, 3, 3, 4, 4, 2, 2)
8188	(0, 0, 0, 0, 0, 4, 3, 3, 3, 4, 3, 2)
8189	(0, 0, 0, 0, 0, 4, 3, 1, 6, 4, 2, 2)
8190	(0, 0, 0, 0, 0, 4, 1, 6, 5, 5, 1, 1)
8191	(0, 0, 0, 0, 0, 4, 1, 5, 6, 5, 1, 1)
8192	(0, 0, 0, 0, 0, 4, 1, 5, 5, 5, 0, 2)
8193	(0, 0, 0, 0, 0, 4, 1, 6, 4, 4, 1, 2)
8194	(0, 0, 0, 0, 0, 4, 1, 6, 3, 4, 2, 2)
8195	(0, 0, 0, 0, 0, 4, 1, 4, 6, 4, 1, 2)
8196	(0, 0, 0, 0, 0, 4, 1, 3, 6, 4, 2, 2)
8197	(0, 0, 0, 0, 0, 2, 5, 5, 4, 6, 0, 1)
8198	(0, 0, 0, 0, 0, 3, 5, 5, 2, 6, 1, 1)
8199	(0, 0, 0, 0, 0, 2, 6, 5, 2, 6, 1, 1)
8200	(0, 0, 0, 0, 0, 2, 5, 6, 2, 6, 1, 1)
8201	(0, 0, 0, 0, 0, 2, 5, 5, 3, 6, 1, 1)
8202	(0, 0, 0, 0, 0, 2, 5, 5, 2, 6, 0, 2)
8203	(0, 0, 0, 0, 0, 3, 6, 5, 1, 5, 2, 1)
8204	(0, 0, 0, 0, 0, 3, 5, 6, 1, 5, 2, 1)
8205	(0, 0, 0, 0, 0, 3, 5, 5, 1, 5, 1, 2)
8206	(0, 0, 0, 0, 0, 2, 6, 6, 1, 5, 2, 1)
8207	(0, 0, 0, 0, 0, 2, 6, 5, 1, 5, 1, 2)
8208	(0, 0, 0, 0, 0, 2, 5, 6, 1, 5, 1, 2)
8209	(0, 0, 0, 0, 0, 2, 5, 4, 5, 6, 0, 1)
8210	(0, 0, 0, 0, 0, 3, 5, 4, 4, 5, 1, 1)
8211	(0, 0, 0, 0, 0, 2, 6, 4, 4, 5, 1, 1)
8212	(0, 0, 0, 0, 0, 2, 5, 4, 4, 5, 0, 2)
8213	(0, 0, 0, 0, 0, 3, 6, 4, 2, 5, 2, 1)
8214	(0, 0, 0, 0, 0, 3, 5, 4, 3, 5, 2, 1)
8215	(0, 0, 0, 0, 0, 3, 5, 4, 2, 5, 1, 2)
8216	(0, 0, 0, 0, 0, 2, 6, 4, 3, 5, 2, 1)
8217	(0, 0, 0, 0, 0, 2, 6, 4, 2, 5, 1, 2)
8218	(0, 0, 0, 0, 0, 2, 5, 4, 3, 5, 1, 2)
8219	(0, 0, 0, 0, 0, 3, 6, 4, 1, 4, 2, 2)
8220	(0, 0, 0, 0, 0, 3, 5, 2, 5, 6, 1, 1)
8221	(0, 0, 0, 0, 0, 2, 6, 2, 5, 6, 1, 1)
8222	(0, 0, 0, 0, 0, 2, 5, 3, 5, 6, 1, 1)
8223	(0, 0, 0, 0, 0, 2, 5, 2, 6, 6, 1, 1)
8224	(0, 0, 0, 0, 0, 2, 5, 2, 5, 6, 0, 2)
8225	(0, 0, 0, 0, 0, 3, 6, 2, 4, 5, 2, 1)
8226	(0, 0, 0, 0, 0, 3, 5, 3, 4, 5, 2, 1)
8227	(0, 0, 0, 0, 0, 3, 5, 2, 4, 5, 1, 2)
8228	(0, 0, 0, 0, 0, 2, 6, 3, 4, 5, 2, 1)
8229	(0, 0, 0, 0, 0, 2, 6, 2, 4, 5, 1, 2)
8230	(0, 0, 0, 0, 0, 2, 5, 3, 4, 5, 1, 2)
8231	(0, 0, 0, 0, 0, 3, 6, 3, 2, 5, 3, 1)
8232	(0, 0, 0, 0, 0, 3, 6, 2, 3, 5, 3, 1)
8233	(0, 0, 0, 0, 0, 3, 6, 2, 2, 5, 2, 2)
8234	(0, 0, 0, 0, 0, 3, 5, 3, 3, 5, 3, 1)
8235	(0, 0, 0, 0, 0, 3, 5, 3, 2, 5, 2, 2)
8236	(0, 0, 0, 0, 0, 3, 5, 2, 3, 5, 2, 2)
8237	(0, 0, 0, 0, 0, 2, 6, 3, 3, 5, 3, 1)
8238	(0, 0, 0, 0, 0, 2, 6, 3, 2, 5, 2, 2)
8239	(0, 0, 0, 0, 0, 2, 6, 2, 3, 5, 2, 2)
8240	(0, 0, 0, 0, 0, 2, 5, 3, 3, 5, 2, 2)
8241	(0, 0, 0, 0, 0, 3, 6, 3, 1, 4, 3, 2)
8242	(0, 0, 0, 0, 0, 3, 6, 1, 5, 5, 2, 1)
8243	(0, 0, 0, 0, 0, 3, 5, 1, 6, 5, 2, 1)
8244	(0, 0, 0, 0, 0, 3, 5, 1, 5, 5, 1, 2)
8245	(0, 0, 0, 0, 0, 2, 6, 1, 6, 5, 2, 1)
8246	(0, 0, 0, 0, 0, 2, 6, 1, 5, 5, 1, 2)
8247	(0, 0, 0, 0, 0, 2, 5, 1, 6, 5, 1, 2)
8248	(0, 0, 0, 0, 0, 3, 6, 1, 4, 4, 2, 2)
8249	(0, 0, 0, 0, 0, 3, 6, 1, 3, 4, 3, 2)
8250	(0, 0, 0, 0, 0, 2, 4, 5, 5, 6, 0, 1)
8251	(0, 0, 0, 0, 0, 3, 4, 5, 4, 5, 1, 1)
8252	(0, 0, 0, 0, 0, 2, 4, 6, 4, 5, 1, 1)
8253	(0, 0, 0, 0, 0, 2, 4, 5, 4, 5, 0, 2)
8254	(0, 0, 0, 0, 0, 3, 4, 6, 2, 5, 2, 1)
8255	(0, 0, 0, 0, 0, 3, 4, 5, 3, 5, 2, 1)
8256	(0, 0, 0, 0, 0, 3, 4, 5, 2, 5, 1, 2)
8257	(0, 0, 0, 0, 0, 2, 4, 6, 3, 5, 2, 1)
8258	(0, 0, 0, 0, 0, 2, 4, 6, 2, 5, 1, 2)
8259	(0, 0, 0, 0, 0, 2, 4, 5, 3, 5, 1, 2)
8260	(0, 0, 0, 0, 0, 3, 4, 6, 1, 4, 2, 2)
8261	(0, 0, 0, 0, 0, 3, 4, 4, 5, 5, 1, 1)
8262	(0, 0, 0, 0, 0, 2, 4, 4, 6, 5, 1, 1)
8263	(0, 0, 0, 0, 0, 2, 4, 4, 5, 5, 0, 2)
8264	(0, 0, 0, 0, 0, 3, 4, 4, 4, 4, 1, 2)
8265	(0, 0, 0, 0, 0, 3, 4, 4, 3, 4, 2, 2)
8266	(0, 0, 0, 0, 0, 3, 4, 3, 5, 5, 2, 1)
8267	(0, 0, 0, 0, 0, 3, 4, 2, 6, 5, 2, 1)
8268	(0, 0, 0, 0, 0, 3, 4, 2, 5, 5, 1, 2)
8269	(0, 0, 0, 0, 0, 2, 4, 3, 6, 5, 2, 1)
8270	(0, 0, 0, 0, 0, 2, 4, 3, 5, 5, 1, 2)
8271	(0, 0, 0, 0, 0, 2, 4, 2, 6, 5, 1, 2)
8272	(0, 0, 0, 0, 0, 3, 4, 3, 4, 4, 2, 2)
8273	(0, 0, 0, 0, 0, 3, 4, 3, 3, 4, 3, 2)
8274	(0, 0, 0, 0, 0, 3, 4, 1, 6, 4, 2, 2)
8275	(0, 0, 0, 0, 0, 3, 2, 5, 5, 6, 1, 1)
8276	(0, 0, 0, 0, 0, 2, 3, 5, 5, 6, 1, 1)
8277	(0, 0, 0, 0, 0, 2, 2, 6, 5, 6, 1, 1)
8278	(0, 0, 0, 0, 0, 2, 2, 5, 6, 6, 1, 1)
8279	(0, 0, 0, 0, 0, 2, 2, 5, 5, 6, 0, 2)
8280	(0, 0, 0, 0, 0, 3, 3, 5, 4, 5, 2, 1)
8281	(0, 0, 0, 0, 0, 3, 2, 6, 4, 5, 2, 1)
8282	(0, 0, 0, 0, 0, 3, 2, 5, 4, 5, 1, 2)
8283	(0, 0, 0, 0, 0, 2, 3, 6, 4, 5, 2, 1)
8284	(0, 0, 0, 0, 0, 2, 3, 5, 4, 5, 1, 2)
8285	(0, 0, 0, 0, 0, 2, 2, 6, 4, 5, 1, 2)
8286	(0, 0, 0, 0, 0, 3, 3, 6, 2, 5, 3, 1)
8287	(0, 0, 0, 0, 0, 3, 3, 5, 3, 5, 3, 1)
8288	(0, 0, 0, 0, 0, 3, 3, 5, 2, 5, 2, 2)
8289	(0, 0, 0, 0, 0, 3, 2, 6, 3, 5, 3, 1)
8290	(0, 0, 0, 0, 0, 3, 2, 6, 2, 5, 2, 2)
8291	(0, 0, 0, 0, 0, 3, 2, 5, 3, 5, 2, 2)
8292	(0, 0, 0, 0, 0, 2, 3, 6, 3, 5, 3, 1)
8293	(0, 0, 0, 0, 0, 2, 3, 6, 2, 5, 2, 2)
8294	(0, 0, 0, 0, 0, 2, 3, 5, 3, 5, 2, 2)
8295	(0, 0, 0, 0, 0, 2, 2, 6, 3, 5, 2, 2)
8296	(0, 0, 0, 0, 0, 3, 3, 6, 1, 4, 3, 2)
8297	(0, 0, 0, 0, 0, 3, 3, 4, 5, 5, 2, 1)
8298	(0, 0, 0, 0, 0, 3, 2, 4, 6, 5, 2, 1)
8299	(0, 0, 0, 0, 0, 3, 2, 4, 5, 5, 1, 2)
8300	(0, 0, 0, 0, 0, 2, 3, 4, 6, 5, 2, 1)
8301	(0, 0, 0, 0, 0, 2, 3, 4, 5, 5, 1, 2)
8302	(0, 0, 0, 0, 0, 2, 2, 4, 6, 5, 1, 2)
8303	(0, 0, 0, 0, 0, 3, 3, 4, 4, 4, 2, 2)
8304	(0, 0, 0, 0, 0, 3, 3, 4, 3, 4, 3, 2)
8305	(0, 0, 0, 0, 0, 3, 3, 3, 5, 5, 3, 1)
8306	(0, 0, 0, 0, 0, 3, 3, 2, 6, 5, 3, 1)
8307	(0, 0, 0, 0, 0, 3, 3, 2, 5, 5, 2, 2)
8308	(0, 0, 0, 0, 0, 3, 2, 3, 6, 5, 3, 1)
8309	(0, 0, 0, 0, 0, 3, 2, 3, 5, 5, 2, 2)
8310	(0, 0, 0, 0, 0, 3, 2, 2, 6, 5, 2, 2)
8311	(0, 0, 0, 0, 0, 2, 3, 3, 6, 5, 3, 1)
8312	(0, 0, 0, 0, 0, 2, 3, 3, 5, 5, 2, 2)
8313	(0, 0, 0, 0, 0, 2, 3, 2, 6, 5, 2, 2)
8314	(0, 0, 0, 0, 0, 2, 2, 3, 6, 5, 2, 2)
8315	(0, 0, 0, 0, 0, 3, 3, 3, 4, 4, 3, 2)
8316	(0, 0, 0, 0, 0, 3, 3, 3, 3, 4, 4, 2)
8317	(0, 0, 0, 0, 0, 3, 3, 1, 6, 4, 3, 2)
8318	(0, 0, 0, 0, 0, 3, 1, 6, 5, 5, 2, 1)
8319	(0, 0, 0, 0, 0, 3, 1, 5, 6, 5, 2, 1)
8320	(0, 0, 0, 0, 0, 3, 1, 5, 5, 5, 1, 2)
8321	(0, 0, 0, 0, 0, 2, 1, 6, 6, 5, 2, 1)
8322	(0, 0, 0, 0, 0, 2, 1, 6, 5, 5, 1, 2)
8323	(0, 0, 0, 0, 0, 2, 1, 5, 6, 5, 1, 2)
8324	(0, 0, 0, 0, 0, 3, 1, 6, 4, 4, 2, 2)
8325	(0, 0, 0, 0, 0, 3, 1, 6, 3, 4, 3, 2)
8326	(0, 0, 0, 0, 0, 3, 1, 4, 6, 4, 2, 2)
8327	(0, 0, 0, 0, 0, 3, 1, 3, 6, 4, 3, 2)
8328	(0, 0, 0, 0, 0, 1, 5, 5, 5, 6, 0, 1)
8329	(0, 0, 0, 0, 0, 1, 6, 5, 4, 5, 1, 1)
8330	(0, 0, 0, 0, 0, 1, 5, 6, 4, 5, 1, 1)
8331	(0, 0, 0, 0, 0, 1, 5, 5, 4, 5, 0, 2)
8332	(0, 0, 0, 0, 0, 1, 6, 6, 2, 5, 2, 1)
8333	(0, 0, 0, 0, 0, 1, 6, 5, 3, 5, 2, 1)
8334	(0, 0, 0, 0, 0, 1, 6, 5, 2, 5, 1, 2)
8335	(0, 0, 0, 0, 0, 1, 5, 6, 3, 5, 2, 1)
8336	(0, 0, 0, 0, 0, 1, 5, 6, 2, 5, 1, 2)
8337	(0, 0, 0, 0, 0, 1, 5, 5, 3, 5, 1, 2)
8338	(0, 0, 0, 0, 0, 1, 6, 6, 1, 4, 2, 2)
8339	(0, 0, 0, 0, 0, 1, 6, 4, 5, 5, 1, 1)
8340	(0, 0, 0, 0, 0, 1, 5, 4, 6, 5, 1, 1)
8341	(0, 0, 0, 0, 0, 1, 5, 4, 5, 5, 0, 2)
8342	(0, 0, 0, 0, 0, 1, 6, 4, 4, 4, 1, 2)
8343	(0, 0, 0, 0, 0, 1, 6, 4, 3, 4, 2, 2)
8344	(0, 0, 0, 0, 0, 1, 6, 3, 5, 5, 2, 1)
8345	(0, 0, 0, 0, 0, 1, 6, 2, 6, 5, 2, 1)
8346	(0, 0, 0, 0, 0, 1, 6, 2, 5, 5, 1, 2)
8347	(0, 0, 0, 0, 0, 1, 5, 3, 6, 5, 2, 1)
8348	(0, 0, 0, 0, 0, 1, 5, 3, 5, 5, 1, 2)
8349	(0, 0, 0, 0, 0, 1, 5, 2, 6, 5, 1, 2)
8350	(0, 0, 0, 0, 0, 1, 6, 3, 4, 4, 2, 2)
8351	(0, 0, 0, 0, 0, 1, 6, 3, 3, 4, 3, 2)
8352	(0, 0, 0, 0, 0, 1, 6, 1, 6, 4, 2, 2)
8353	(0, 0, 0, 0, 0, 1, 4, 6, 5, 5, 1, 1)
8354	(0, 0, 0, 0, 0, 1, 4, 5, 6, 5, 1, 1)
8355	(0, 0, 0, 0, 0, 1, 4, 5, 5, 5, 0, 2)
8356	(0, 0, 0, 0, 0, 1, 4, 6, 4, 4, 1, 2)
8357	(0, 0, 0, 0, 0, 1, 4, 6, 3, 4, 2, 2)
8358	(0, 0, 0, 0, 0, 1, 4, 4, 6, 4, 1, 2)
8359	(0, 0, 0, 0, 0, 1, 4, 3, 6, 4, 2, 2)
8360	(0, 0, 0, 0, 0, 1, 3, 6, 5, 5, 2, 1)
8361	(0, 0, 0, 0, 0, 1, 3, 5, 6, 5, 2, 1)
8362	(0, 0, 0, 0, 0, 1, 3, 5, 5, 5, 1, 2)
8363	(0, 0, 0, 0, 0, 1, 2, 6, 6, 5, 2, 1)
8364	(0, 0, 0, 0, 0, 1, 2, 6, 5, 5, 1, 2)
8365	(0, 0, 0, 0, 0, 1, 2, 5, 6, 5, 1, 2)
8366	(0, 0, 0, 0, 0, 1, 3, 6, 4, 4, 2, 2)
8367	(0, 0, 0, 0, 0, 1, 3, 6, 3, 4, 3, 2)
8368	(0, 0, 0, 0, 0, 1, 3, 4, 6, 4, 2, 2)
8369	(0, 0, 0, 0, 0, 1, 3, 3, 6, 4, 3, 2)
8370	(0, 0, 0, 0, 0, 1, 1, 6, 6, 4, 2, 2)
8371	(0, 0, 0, 0, 0, 0, 6, 5, 5, 6, 1, 1)
8372	(0, 0, 0, 0, 0, 0, 5, 6, 5, 6, 1, 1)
8373	(0, 0, 0, 0, 0, 0, 5, 5, 6, 6, 1, 1)
8374	(0, 0, 0, 0, 0, 0, 5, 5, 5, 6, 0, 2)
8375	(0, 0, 0, 0, 0, 0, 6, 6, 4, 5, 2, 1)
8376	(0, 0, 0, 0, 0, 0, 6, 5, 4, 5, 1, 2)
8377	(0, 0, 0, 0, 0, 0, 5, 6, 4, 5, 1, 2)
8378	(0, 0, 0, 0, 0, 0, 6, 6, 3, 5, 3, 1)
8379	(0, 0, 0, 0, 0, 0, 6, 6, 2, 5, 2, 2)
8380	(0, 0, 0, 0, 0, 0, 6, 5, 3, 5, 2, 2)
8381	(0, 0, 0, 0, 0, 0, 5, 6, 3, 5, 2, 2)
8382	(0, 0, 0, 0, 0, 0, 6, 4, 6, 5, 2, 1)
8383	(0, 0, 0, 0, 0, 0, 6, 4, 5, 5, 1, 2)
8384	(0, 0, 0, 0, 0, 0, 5, 4, 6, 5, 1, 2)
8385	(0, 0, 0, 0, 0, 0, 6, 3, 6, 5, 3, 1)
8386	(0, 0, 0, 0, 0, 0, 6, 3, 5, 5, 2, 2)
8387	(0, 0, 0, 0, 0, 0, 6, 2, 6, 5, 2, 2)
8388	(0, 0, 0, 0, 0, 0, 5, 3, 6, 5, 2, 2)
8389	(0, 0, 0, 0, 0, 0, 4, 6, 6, 5, 2, 1)
8390	(0, 0, 0, 0, 0, 0, 4, 6, 5, 5, 1, 2)
8391	(0, 0, 0, 0, 0, 0, 4, 5, 6, 5, 1, 2)
8392	(0, 0, 0, 0, 0, 0, 3, 6, 6, 5, 3, 1)
8393	(0, 0, 0, 0, 0, 0, 3, 6, 5, 5, 2, 2)
8394	(0, 0, 0, 0, 0, 0, 3, 5, 6, 5, 2, 2)
8395	(0, 0, 0, 0, 0, 0, 2, 6, 6, 5, 2, 2)
8396	(0, 0, 0, 0, 0, 6, 5, 0, 5, 6, 1, 1)
8397	(0, 0, 0, 0, 0, 5, 6, 0, 5, 6, 1, 1)
8398	(0, 0, 0, 0, 0, 5, 5, 0, 6, 6, 1, 1)
8399	(0, 0, 0, 0, 0, 5, 5, 0, 5, 6, 0, 2)
8400	(0, 0, 0, 0, 0, 6, 6, 0, 4, 5, 2, 1)
8401	(0, 0, 0, 0, 0, 6, 5, 0, 4, 5, 1, 2)
8402	(0, 0, 0, 0, 0, 5, 6, 0, 4, 5, 1, 2)
8403	(0, 0, 0, 0, 0, 6, 6, 0, 3, 5, 3, 1)
8404	(0, 0, 0, 0, 0, 6, 6, 0, 2, 5, 2, 2)
8405	(0, 0, 0, 0, 0, 6, 5, 0, 3, 5, 2, 2)
8406	(0, 0, 0, 0, 0, 5, 6, 0, 3, 5, 2, 2)
8407	(0, 0, 0, 0, 0, 6, 4, 0, 6, 5, 2, 1)
8408	(0, 0, 0, 0, 0, 6, 4, 0, 5, 5, 1, 2)
8409	(0, 0, 0, 0, 0, 5, 4, 0, 6, 5, 1, 2)
8410	(0, 0, 0, 0, 0, 6, 3, 0, 6, 5, 3, 1)
8411	(0, 0, 0, 0, 0, 6, 3, 0, 5, 5, 2, 2)
8412	(0, 0, 0, 0, 0, 6, 2, 0, 6, 5, 2, 2)
8413	(0, 0, 0, 0, 0, 5, 3, 0, 6, 5, 2, 2)
8414	(0, 0, 0, 0, 0, 4, 6, 0, 6, 5, 2, 1)
8415	(0, 0, 0, 0, 0, 4, 6, 0, 5, 5, 1, 2)
8416	(0, 0, 0, 0, 0, 4, 5, 0, 6, 5, 1, 2)
8417	(0, 0, 0, 0, 0, 3, 6, 0, 6, 5, 3, 1)
8418	(0, 0, 0, 0, 0, 3, 6, 0, 5, 5, 2, 2)
8419	(0, 0, 0, 0, 0, 3, 5, 0, 6, 5, 2, 2)
8420	(0, 0, 0, 0, 0, 2, 6, 0, 6, 5, 2, 2)
8421	(0, 0, 0, 1, 0, 5, 5, 5, 2, 7, 0, 0)
8422	(0, 0, 0, 1, 0, 6, 5, 5, 1, 6, 1, 0)
8423	(0, 0, 0, 1, 0, 5, 6, 5, 1, 6, 1, 0)
8424	(0, 0, 0, 1, 0, 5, 5, 6, 1, 6, 1, 0)
8425	(0, 0, 0, 1, 0, 5, 5, 4, 4, 6, 0, 0)
8426	(0, 0, 0, 1, 0, 6, 5, 4, 2, 6, 1, 0)
8427	(0, 0, 0, 1, 0, 5, 6, 4, 2, 6, 1, 0)
8428	(0, 0, 0, 1, 0, 5, 5, 4, 3, 6, 1, 0)
8429	(0, 0, 0, 1, 0, 6, 6, 4, 1, 5, 2, 0)
8430	(0, 0, 0, 1, 0, 5, 5, 2, 5, 7, 0, 0)
8431	(0, 0, 0, 1, 0, 6, 5, 2, 4, 6, 1, 0)
8432	(0, 0, 0, 1, 0, 5, 6, 2, 4, 6, 1, 0)
8433	(0, 0, 0, 1, 0, 5, 5, 3, 4, 6, 1, 0)
8434	(0, 0, 0, 1, 0, 6, 6, 2, 2, 6, 2, 0)
8435	(0, 0, 0, 1, 0, 6, 5, 3, 2, 6, 2, 0)
8436	(0, 0, 0, 1, 0, 6, 5, 2, 3, 6, 2, 0)
8437	(0, 0, 0, 1, 0, 5, 6, 3, 2, 6, 2, 0)
8438	(0, 0, 0, 1, 0, 5, 6, 2, 3, 6, 2, 0)
8439	(0, 0, 0, 1, 0, 5, 5, 3, 3, 6, 2, 0)
8440	(0, 0, 0, 1, 0, 6, 6, 3, 1, 5, 3, 0)
8441	(0, 0, 0, 1, 0, 6, 5, 1, 5, 6, 1, 0)
8442	(0, 0, 0, 1, 0, 5, 6, 1, 5, 6, 1, 0)
8443	(0, 0, 0, 1, 0, 5, 5, 1, 6, 6, 1, 0)
8444	(0, 0, 0, 1, 0, 6, 6, 1, 4, 5, 2, 0)
8445	(0, 0, 0, 1, 0, 6, 6, 1, 3, 5, 3, 0)
8446	(0, 0, 0, 1, 0, 5, 4, 5, 4, 6, 0, 0)
8447	(0, 0, 0, 1, 0, 6, 4, 5, 2, 6, 1, 0)
8448	(0, 0, 0, 1, 0, 5, 4, 6, 2, 6, 1, 0)
8449	(0, 0, 0, 1, 0, 5, 4, 5, 3, 6, 1, 0)
8450	(0, 0, 0, 1, 0, 6, 4, 6, 1, 5, 2, 0)
8451	(0, 0, 0, 1, 0, 5, 4, 4, 5, 6, 0, 0)
8452	(0, 0, 0, 1, 0, 6, 4, 4, 4, 5, 1, 0)
8453	(0, 0, 0, 1, 0, 6, 4, 4, 3, 5, 2, 0)
8454	(0, 0, 0, 1, 0, 6, 4, 2, 5, 6, 1, 0)
8455	(0, 0, 0, 1, 0, 5, 4, 3, 5, 6, 1, 0)
8456	(0, 0, 0, 1, 0, 5, 4, 2, 6, 6, 1, 0)
8457	(0, 0, 0, 1, 0, 6, 4, 3, 4, 5, 2, 0)
8458	(0, 0, 0, 1, 0, 6, 4, 3, 3, 5, 3, 0)
8459	(0, 0, 0, 1, 0, 6, 4, 1, 6, 5, 2, 0)
8460	(0, 0, 0, 1, 0, 5, 2, 5, 5, 7, 0, 0)
8461	(0, 0, 0, 1, 0, 6, 2, 5, 4, 6, 1, 0)
8462	(0, 0, 0, 1, 0, 5, 3, 5, 4, 6, 1, 0)
8463	(0, 0, 0, 1, 0, 5, 2, 6, 4, 6, 1, 0)
8464	(0, 0, 0, 1, 0, 6, 3, 5, 2, 6, 2, 0)
8465	(0, 0, 0, 1, 0, 6, 2, 6, 2, 6, 2, 0)
8466	(0, 0, 0, 1, 0, 6, 2, 5, 3, 6, 2, 0)
8467	(0, 0, 0, 1, 0, 5, 3, 6, 2, 6, 2, 0)
8468	(0, 0, 0, 1, 0, 5, 3, 5, 3, 6, 2, 0)
8469	(0, 0, 0, 1, 0, 5, 2, 6, 3, 6, 2, 0)
8470	(0, 0, 0, 1, 0, 6, 3, 6, 1, 5, 3, 0)
8471	(0, 0, 0, 1, 0, 6, 2, 4, 5, 6, 1, 0)
8472	(0, 0, 0, 1, 0, 5, 3, 4, 5, 6, 1, 0)
8473	(0, 0, 0, 1, 0, 5, 2, 4, 6, 6, 1, 0)
8474	(0, 0, 0, 1, 0, 6, 3, 4, 4, 5, 2, 0)
8475	(0, 0, 0, 1, 0, 6, 3, 4, 3, 5, 3, 0)
8476	(0, 0, 0, 1, 0, 6, 3, 2, 5, 6, 2, 0)
8477	(0, 0, 0, 1, 0, 6, 2, 3, 5, 6, 2, 0)
8478	(0, 0, 0, 1, 0, 6, 2, 2, 6, 6, 2, 0)
8479	(0, 0, 0, 1, 0, 5, 3, 3, 5, 6, 2, 0)
8480	(0, 0, 0, 1, 0, 5, 3, 2, 6, 6, 2, 0)
8481	(0, 0, 0, 1, 0, 5, 2, 3, 6, 6, 2, 0)
8482	(0, 0, 0, 1, 0, 6, 3, 3, 4, 5, 3, 0)
8483	(0, 0, 0, 1, 0, 6, 3, 3, 3, 5, 4, 0)
8484	(0, 0, 0, 1, 0, 6, 3, 1, 6, 5, 3, 0)
8485	(0, 0, 0, 1, 0, 6, 1, 5, 5, 6, 1, 0)
8486	(0, 0, 0, 1, 0, 5, 1, 6, 5, 6, 1, 0)
8487	(0, 0, 0, 1, 0, 5, 1, 5, 6, 6, 1, 0)
8488	(0, 0, 0, 1, 0, 6, 1, 6, 4, 5, 2, 0)
8489	(0, 0, 0, 1, 0, 6, 1, 6, 3, 5, 3, 0)
8490	(0, 0, 0, 1, 0, 6, 1, 4, 6, 5, 2, 0)
8491	(0, 0, 0, 1, 0, 6, 1, 3, 6, 5, 3, 0)
8492	(0, 0, 0, 1, 0, 4, 5, 5, 4, 6, 0, 0)
8493	(0, 0, 0, 1, 0, 4, 6, 5, 2, 6, 1, 0)
8494	(0, 0, 0, 1, 0, 4, 5, 6, 2, 6, 1, 0)
8495	(0, 0, 0, 1, 0, 4, 5, 5, 3, 6, 1, 0)
8496	(0, 0, 0, 1, 0, 4, 6, 6, 1, 5, 2, 0)
8497	(0, 0, 0, 1, 0, 4, 5, 4, 5, 6, 0, 0)
8498	(0, 0, 0, 1, 0, 4, 6, 4, 4, 5, 1, 0)
8499	(0, 0, 0, 1, 0, 4, 6, 4, 3, 5, 2, 0)
8500	(0, 0, 0, 1, 0, 4, 6, 2, 5, 6, 1, 0)
8501	(0, 0, 0, 1, 0, 4, 5, 3, 5, 6, 1, 0)
8502	(0, 0, 0, 1, 0, 4, 5, 2, 6, 6, 1, 0)
8503	(0, 0, 0, 1, 0, 4, 6, 3, 4, 5, 2, 0)
8504	(0, 0, 0, 1, 0, 4, 6, 3, 3, 5, 3, 0)
8505	(0, 0, 0, 1, 0, 4, 6, 1, 6, 5, 2, 0)
8506	(0, 0, 0, 1, 0, 4, 4, 5, 5, 6, 0, 0)
8507	(0, 0, 0, 1, 0, 4, 4, 6, 4, 5, 1, 0)
8508	(0, 0, 0, 1, 0, 4, 4, 6, 3, 5, 2, 0)
8509	(0, 0, 0, 1, 0, 4, 4, 4, 6, 5, 1, 0)
8510	(0, 0, 0, 1, 0, 4, 4, 3, 6, 5, 2, 0)
8511	(0, 0, 0, 1, 0, 4, 3, 5, 5, 6, 1, 0)
8512	(0, 0, 0, 1, 0, 4, 2, 6, 5, 6, 1, 0)
8513	(0, 0, 0, 1, 0, 4, 2, 5, 6, 6, 1, 0)
8514	(0, 0, 0, 1, 0, 4, 3, 6, 4, 5, 2, 0)
8515	(0, 0, 0, 1, 0, 4, 3, 6, 3, 5, 3, 0)
8516	(0, 0, 0, 1, 0, 4, 3, 4, 6, 5, 2, 0)
8517	(0, 0, 0, 1, 0, 4, 3, 3, 6, 5, 3, 0)
8518	(0, 0, 0, 1, 0, 4, 1, 6, 6, 5, 2, 0)
8519	(0, 0, 0, 1, 0, 2, 5, 5, 5, 7, 0, 0)
8520	(0, 0, 0, 1, 0, 3, 5, 5, 4, 6, 1, 0)
8521	(0, 0, 0, 1, 0, 2, 6, 5, 4, 6, 1, 0)
8522	(0, 0, 0, 1, 0, 2, 5, 6, 4, 6, 1, 0)
8523	(0, 0, 0, 1, 0, 3, 6, 5, 2, 6, 2, 0)
8524	(0, 0, 0, 1, 0, 3, 5, 6, 2, 6, 2, 0)
8525	(0, 0, 0, 1, 0, 3, 5, 5, 3, 6, 2, 0)
8526	(0, 0, 0, 1, 0, 2, 6, 6, 2, 6, 2, 0)
8527	(0, 0, 0, 1, 0, 2, 6, 5, 3, 6, 2, 0)
8528	(0, 0, 0, 1, 0, 2, 5, 6, 3, 6, 2, 0)
8529	(0, 0, 0, 1, 0, 3, 6, 6, 1, 5, 3, 0)
8530	(0, 0, 0, 1, 0, 3, 5, 4, 5, 6, 1, 0)
8531	(0, 0, 0, 1, 0, 2, 6, 4, 5, 6, 1, 0)
8532	(0, 0, 0, 1, 0, 2, 5, 4, 6, 6, 1, 0)
8533	(0, 0, 0, 1, 0, 3, 6, 4, 4, 5, 2, 0)
8534	(0, 0, 0, 1, 0, 3, 6, 4, 3, 5, 3, 0)
8535	(0, 0, 0, 1, 0, 3, 6, 2, 5, 6, 2, 0)
8536	(0, 0, 0, 1, 0, 3, 5, 3, 5, 6, 2, 0)
8537	(0, 0, 0, 1, 0, 3, 5, 2, 6, 6, 2, 0)
8538	(0, 0, 0, 1, 0, 2, 6, 3, 5, 6, 2, 0)
8539	(0, 0, 0, 1, 0, 2, 6, 2, 6, 6, 2, 0)
8540	(0, 0, 0, 1, 0, 2, 5, 3, 6, 6, 2, 0)
8541	(0, 0, 0, 1, 0, 3, 6, 3, 4, 5, 3, 0)
8542	(0, 0, 0, 1, 0, 3, 6, 3, 3, 5, 4, 0)
8543	(0, 0, 0, 1, 0, 3, 6, 1, 6, 5, 3, 0)
8544	(0, 0, 0, 1, 0, 3, 4, 5, 5, 6, 1, 0)
8545	(0, 0, 0, 1, 0, 2, 4, 6, 5, 6, 1, 0)
8546	(0, 0, 0, 1, 0, 2, 4, 5, 6, 6, 1, 0)
8547	(0, 0, 0, 1, 0, 3, 4, 6, 4, 5, 2, 0)
8548	(0, 0, 0, 1, 0, 3, 4, 6, 3, 5, 3, 0)
8549	(0, 0, 0, 1, 0, 3, 4, 4, 6, 5, 2, 0)
8550	(0, 0, 0, 1, 0, 3, 4, 3, 6, 5, 3, 0)
8551	(0, 0, 0, 1, 0, 3, 3, 5, 5, 6, 2, 0)
8552	(0, 0, 0, 1, 0, 3, 2, 6, 5, 6, 2, 0)
8553	(0, 0, 0, 1, 0, 3, 2, 5, 6, 6, 2, 0)
8554	(0, 0, 0, 1, 0, 2, 3, 6, 5, 6, 2, 0)
8555	(0, 0, 0, 1, 0, 2, 3, 5, 6, 6, 2, 0)
8556	(0, 0, 0, 1, 0, 2, 2, 6, 6, 6, 2, 0)
8557	(0, 0, 0, 1, 0, 3, 3, 6, 4, 5, 3, 0)
8558	(0, 0, 0, 1, 0, 3, 3, 6, 3, 5, 4, 0)
8559	(0, 0, 0, 1, 0, 3, 3, 4, 6, 5, 3, 0)
8560	(0, 0, 0, 1, 0, 3, 3, 3, 6, 5, 4, 0)
8561	(0, 0, 0, 1, 0, 3, 1, 6, 6, 5, 3, 0)
8562	(0, 0, 0, 1, 0, 1, 6, 5, 5, 6, 1, 0)
8563	(0, 0, 0, 1, 0, 1, 5, 6, 5, 6, 1, 0)
8564	(0, 0, 0, 1, 0, 1, 5, 5, 6, 6, 1, 0)
8565	(0, 0, 0, 1, 0, 1, 6, 6, 4, 5, 2, 0)
8566	(0, 0, 0, 1, 0, 1, 6, 6, 3, 5, 3, 0)
8567	(0, 0, 0, 1, 0, 1, 6, 4, 6, 5, 2, 0)
8568	(0, 0, 0, 1, 0, 1, 6, 3, 6, 5, 3, 0)
8569	(0, 0, 0, 1, 0, 1, 4, 6, 6, 5, 2, 0)
8570	(0, 0, 0, 1, 0, 1, 3, 6, 6, 5, 3, 0)
8571	(0, 0, 0, 1, 0, 0, 6, 6, 5, 6, 2, 0)
8572	(0, 0, 0, 1, 0, 0, 6, 5, 6, 6, 2, 0)
8573	(0, 0, 0, 1, 0, 0, 5, 6, 6, 6, 2, 0)
8574	(0, 0, 0, 1, 0, 6, 6, 0, 5, 6, 2, 0)
8575	(0, 0, 0, 1, 0, 6, 5, 0, 6, 6, 2, 0)
8576	(0, 0, 0, 1, 0, 5, 6, 0, 6, 6, 2, 0)
8577	(0, 0, 0, 0, 0, 5, 5, 5, 4, 7, 0, 0)
8578	(0, 0, 0, 0, 0, 6, 5, 5, 2, 7, 1, 0)
8579	(0, 0, 0, 0, 0, 5, 6, 5, 2, 7, 1, 0)
8580	(0, 0, 0, 0, 0, 5, 5, 6, 2, 7, 1, 0)
8581	(0, 0, 0, 0, 0, 5, 5, 5, 3, 7, 1, 0)
8582	(0, 0, 0, 0, 0, 6, 6, 5, 1, 6, 2, 0)
8583	(0, 0, 0, 0, 0, 6, 5, 6, 1, 6, 2, 0)
8584	(0, 0, 0, 0, 0, 5, 6, 6, 1, 6, 2, 0)
8585	(0, 0, 0, 0, 0, 5, 5, 4, 5, 7, 0, 0)
8586	(0, 0, 0, 0, 0, 6, 5, 4, 4, 6, 1, 0)
8587	(0, 0, 0, 0, 0, 5, 6, 4, 4, 6, 1, 0)
8588	(0, 0, 0, 0, 0, 6, 6, 4, 2, 6, 2, 0)
8589	(0, 0, 0, 0, 0, 6, 5, 4, 3, 6, 2, 0)
8590	(0, 0, 0, 0, 0, 5, 6, 4, 3, 6, 2, 0)
8591	(0, 0, 0, 0, 0, 6, 5, 2, 5, 7, 1, 0)
8592	(0, 0, 0, 0, 0, 5, 6, 2, 5, 7, 1, 0)
8593	(0, 0, 0, 0, 0, 5, 5, 3, 5, 7, 1, 0)
8594	(0, 0, 0, 0, 0, 5, 5, 2, 6, 7, 1, 0)
8595	(0, 0, 0, 0, 0, 6, 6, 2, 4, 6, 2, 0)
8596	(0, 0, 0, 0, 0, 6, 5, 3, 4, 6, 2, 0)
8597	(0, 0, 0, 0, 0, 5, 6, 3, 4, 6, 2, 0)
8598	(0, 0, 0, 0, 0, 6, 6, 3, 2, 6, 3, 0)
8599	(0, 0, 0, 0, 0, 6, 6, 2, 3, 6, 3, 0)
8600	(0, 0, 0, 0, 0, 6, 5, 3, 3, 6, 3, 0)
8601	(0, 0, 0, 0, 0, 5, 6, 3, 3, 6, 3, 0)
8602	(0, 0, 0, 0, 0, 6, 6, 1, 5, 6, 2, 0)
8603	(0, 0, 0, 0, 0, 6, 5, 1, 6, 6, 2, 0)
8604	(0, 0, 0, 0, 0, 5, 6, 1, 6, 6, 2, 0)
8605	(0, 0, 0, 0, 0, 5, 4, 5, 5, 7, 0, 0)
8606	(0, 0, 0, 0, 0, 6, 4, 5, 4, 6, 1, 0)
8607	(0, 0, 0, 0, 0, 5, 4, 6, 4, 6, 1, 0)
8608	(0, 0, 0, 0, 0, 6, 4, 6, 2, 6, 2, 0)
8609	(0, 0, 0, 0, 0, 6, 4, 5, 3, 6, 2, 0)
8610	(0, 0, 0, 0, 0, 5, 4, 6, 3, 6, 2, 0)
8611	(0, 0, 0, 0, 0, 6, 4, 4, 5, 6, 1, 0)
8612	(0, 0, 0, 0, 0, 5, 4, 4, 6, 6, 1, 0)
8613	(0, 0, 0, 0, 0, 6, 4, 3, 5, 6, 2, 0)
8614	(0, 0, 0, 0, 0, 6, 4, 2, 6, 6, 2, 0)
8615	(0, 0, 0, 0, 0, 5, 4, 3, 6, 6, 2, 0)
8616	(0, 0, 0, 0, 0, 6, 2, 5, 5, 7, 1, 0)
8617	(0, 0, 0, 0, 0, 5, 3, 5, 5, 7, 1, 0)
8618	(0, 0, 0, 0, 0, 5, 2, 6, 5, 7, 1, 0)
8619	(0, 0, 0, 0, 0, 5, 2, 5, 6, 7, 1, 0)
8620	(0, 0, 0, 0, 0, 6, 3, 5, 4, 6, 2, 0)
8621	(0, 0, 0, 0, 0, 6, 2, 6, 4, 6, 2, 0)
8622	(0, 0, 0, 0, 0, 5, 3, 6, 4, 6, 2, 0)
8623	(0, 0, 0, 0, 0, 6, 3, 6, 2, 6, 3, 0)
8624	(0, 0, 0, 0, 0, 6, 3, 5, 3, 6, 3, 0)
8625	(0, 0, 0, 0, 0, 6, 2, 6, 3, 6, 3, 0)
8626	(0, 0, 0, 0, 0, 5, 3, 6, 3, 6, 3, 0)
8627	(0, 0, 0, 0, 0, 6, 3, 4, 5, 6, 2, 0)
8628	(0, 0, 0, 0, 0, 6, 2, 4, 6, 6, 2, 0)
8629	(0, 0, 0, 0, 0, 5, 3, 4, 6, 6, 2, 0)
8630	(0, 0, 0, 0, 0, 6, 3, 3, 5, 6, 3, 0)
8631	(0, 0, 0, 0, 0, 6, 3, 2, 6, 6, 3, 0)
8632	(0, 0, 0, 0, 0, 6, 2, 3, 6, 6, 3, 0)
8633	(0, 0, 0, 0, 0, 5, 3, 3, 6, 6, 3, 0)
8634	(0, 0, 0, 0, 0, 6, 1, 6, 5, 6, 2, 0)
8635	(0, 0, 0, 0, 0, 6, 1, 5, 6, 6, 2, 0)
8636	(0, 0, 0, 0, 0, 5, 1, 6, 6, 6, 2, 0)
8637	(0, 0, 0, 0, 0, 4, 5, 5, 5, 7, 0, 0)
8638	(0, 0, 0, 0, 0, 4, 6, 5, 4, 6, 1, 0)
8639	(0, 0, 0, 0, 0, 4, 5, 6, 4, 6, 1, 0)
8640	(0, 0, 0, 0, 0, 4, 6, 6, 2, 6, 2, 0)
8641	(0, 0, 0, 0, 0, 4, 6, 5, 3, 6, 2, 0)
8642	(0, 0, 0, 0, 0, 4, 5, 6, 3, 6, 2, 0)
8643	(0, 0, 0, 0, 0, 4, 6, 4, 5, 6, 1, 0)
8644	(0, 0, 0, 0, 0, 4, 5, 4, 6, 6, 1, 0)
8645	(0, 0, 0, 0, 0, 4, 6, 3, 5, 6, 2, 0)
8646	(0, 0, 0, 0, 0, 4, 6, 2, 6, 6, 2, 0)
8647	(0, 0, 0, 0, 0, 4, 5, 3, 6, 6, 2, 0)
8648	(0, 0, 0, 0, 0, 4, 4, 6, 5, 6, 1, 0)
8649	(0, 0, 0, 0, 0, 4, 4, 5, 6, 6, 1, 0)
8650	(0, 0, 0, 0, 0, 4, 3, 6, 5, 6, 2, 0)
8651	(0, 0, 0, 0, 0, 4, 3, 5, 6, 6, 2, 0)
8652	(0, 0, 0, 0, 0, 4, 2, 6, 6, 6, 2, 0)
8653	(0, 0, 0, 0, 0, 3, 5, 5, 5, 7, 1, 0)
8654	(0, 0, 0, 0, 0, 2, 6, 5, 5, 7, 1, 0)
8655	(0, 0, 0, 0, 0, 2, 5, 6, 5, 7, 1, 0)
8656	(0, 0, 0, 0, 0, 2, 5, 5, 6, 7, 1, 0)
8657	(0, 0, 0, 0, 0, 3, 6, 5, 4, 6, 2, 0)
8658	(0, 0, 0, 0, 0, 3, 5, 6, 4, 6, 2, 0)
8659	(0, 0, 0, 0, 0, 2, 6, 6, 4, 6, 2, 0)
8660	(0, 0, 0, 0, 0, 3, 6, 6, 2, 6, 3, 0)
8661	(0, 0, 0, 0, 0, 3, 6, 5, 3, 6, 3, 0)
8662	(0, 0, 0, 0, 0, 3, 5, 6, 3, 6, 3, 0)
8663	(0, 0, 0, 0, 0, 2, 6, 6, 3, 6, 3, 0)
8664	(0, 0, 0, 0, 0, 3, 6, 4, 5, 6, 2, 0)
8665	(0, 0, 0, 0, 0, 3, 5, 4, 6, 6, 2, 0)
8666	(0, 0, 0, 0, 0, 2, 6, 4, 6, 6, 2, 0)
8667	(0, 0, 0, 0, 0, 3, 6, 3, 5, 6, 3, 0)
8668	(0, 0, 0, 0, 0, 3, 6, 2, 6, 6, 3, 0)
8669	(0, 0, 0, 0, 0, 3, 5, 3, 6, 6, 3, 0)
8670	(0, 0, 0, 0, 0, 2, 6, 3, 6, 6, 3, 0)
8671	(0, 0, 0, 0, 0, 3, 4, 6, 5, 6, 2, 0)
8672	(0, 0, 0, 0, 0, 3, 4, 5, 6, 6, 2, 0)
8673	(0, 0, 0, 0, 0, 2, 4, 6, 6, 6, 2, 0)
8674	(0, 0, 0, 0, 0, 3, 3, 6, 5, 6, 3, 0)
8675	(0, 0, 0, 0, 0, 3, 3, 5, 6, 6, 3, 0)
8676	(0, 0, 0, 0, 0, 3, 2, 6, 6, 6, 3, 0)
8677	(0, 0, 0, 0, 0, 2, 3, 6, 6, 6, 3, 0)
8678	(0, 0, 0, 0, 0, 1, 6, 6, 5, 6, 2, 0)
8679	(0, 0, 0, 0, 0, 1, 6, 5, 6, 6, 2, 0)
8680	(0, 0, 0, 0, 0, 1, 5, 6, 6, 6, 2, 0)
8681	(0, 0, 0, 0, 0, 0, 6, 6, 6, 6, 3, 0)
8682	(0, 0, 0, 0, 0, 6, 6, 0, 6, 6, 3, 0)
8683	(0, 0, 0, 1, 0, 5, 5, 5, 1, 6, 0, 1)
8684	(0, 0, 0, 1, 0, 5, 5, 4, 2, 6, 0, 1)
8685	(0, 0, 0, 1, 0, 6, 5, 4, 1, 5, 1, 1)
8686	(0, 0, 0, 1, 0, 5, 6, 4, 1, 5, 1, 1)
8687	(0, 0, 0, 1, 0, 5, 5, 4, 1, 5, 0, 2)
8688	(0, 0, 0, 1, 0, 5, 5, 2, 4, 6, 0, 1)
8689	(0, 0, 0, 1, 0, 6, 5, 2, 2, 6, 1, 1)
8690	(0, 0, 0, 1, 0, 5, 6, 2, 2, 6, 1, 1)
8691	(0, 0, 0, 1, 0, 5, 5, 3, 2, 6, 1, 1)
8692	(0, 0, 0, 1, 0, 5, 5, 2, 3, 6, 1, 1)
8693	(0, 0, 0, 1, 0, 5, 5, 2, 2, 6, 0, 2)
8694	(0, 0, 0, 1, 0, 6, 6, 2, 1, 5, 2, 1)
8695	(0, 0, 0, 1, 0, 6, 5, 3, 1, 5, 2, 1)
8696	(0, 0, 0, 1, 0, 6, 5, 2, 1, 5, 1, 2)
8697	(0, 0, 0, 1, 0, 5, 6, 3, 1, 5, 2, 1)
8698	(0, 0, 0, 1, 0, 5, 6, 2, 1, 5, 1, 2)
8699	(0, 0, 0, 1, 0, 5, 5, 3, 1, 5, 1, 2)
8700	(0, 0, 0, 1, 0, 5, 5, 1, 5, 6, 0, 1)
8701	(0, 0, 0, 1, 0, 6, 5, 1, 4, 5, 1, 1)
8702	(0, 0, 0, 1, 0, 5, 6, 1, 4, 5, 1, 1)
8703	(0, 0, 0, 1, 0, 5, 5, 1, 4, 5, 0, 2)
8704	(0, 0, 0, 1, 0, 6, 6, 1, 2, 5, 2, 1)
8705	(0, 0, 0, 1, 0, 6, 5, 1, 3, 5, 2, 1)
8706	(0, 0, 0, 1, 0, 6, 5, 1, 2, 5, 1, 2)
8707	(0, 0, 0, 1, 0, 5, 6, 1, 3, 5, 2, 1)
8708	(0, 0, 0, 1, 0, 5, 6, 1, 2, 5, 1, 2)
8709	(0, 0, 0, 1, 0, 5, 5, 1, 3, 5, 1, 2)
8710	(0, 0, 0, 1, 0, 6, 6, 1, 1, 4, 2, 2)
8711	(0, 0, 0, 1, 0, 5, 4, 5, 2, 6, 0, 1)
8712	(0, 0, 0, 1, 0, 6, 4, 5, 1, 5, 1, 1)
8713	(0, 0, 0, 1, 0, 5, 4, 6, 1, 5, 1, 1)
8714	(0, 0, 0, 1, 0, 5, 4, 5, 1, 5, 0, 2)
8715	(0, 0, 0, 1, 0, 5, 4, 4, 4, 5, 0, 1)
8716	(0, 0, 0, 1, 0, 6, 4, 4, 2, 5, 1, 1)
8717	(0, 0, 0, 1, 0, 5, 4, 4, 3, 5, 1, 1)
8718	(0, 0, 0, 1, 0, 5, 4, 4, 2, 5, 0, 2)
8719	(0, 0, 0, 1, 0, 6, 4, 4, 1, 4, 1, 2)
8720	(0, 0, 0, 1, 0, 5, 4, 2, 5, 6, 0, 1)
8721	(0, 0, 0, 1, 0, 6, 4, 2, 4, 5, 1, 1)
8722	(0, 0, 0, 1, 0, 5, 4, 3, 4, 5, 1, 1)
8723	(0, 0, 0, 1, 0, 5, 4, 2, 4, 5, 0, 2)
8724	(0, 0, 0, 1, 0, 6, 4, 3, 2, 5, 2, 1)
8725	(0, 0, 0, 1, 0, 6, 4, 2, 3, 5, 2, 1)
8726	(0, 0, 0, 1, 0, 6, 4, 2, 2, 5, 1, 2)
8727	(0, 0, 0, 1, 0, 5, 4, 3, 3, 5, 2, 1)
8728	(0, 0, 0, 1, 0, 5, 4, 3, 2, 5, 1, 2)
8729	(0, 0, 0, 1, 0, 5, 4, 2, 3, 5, 1, 2)
8730	(0, 0, 0, 1, 0, 6, 4, 3, 1, 4, 2, 2)
8731	(0, 0, 0, 1, 0, 6, 4, 1, 5, 5, 1, 1)
8732	(0, 0, 0, 1, 0, 5, 4, 1, 6, 5, 1, 1)
8733	(0, 0, 0, 1, 0, 5, 4, 1, 5, 5, 0, 2)
8734	(0, 0, 0, 1, 0, 6, 4, 1, 4, 4, 1, 2)
8735	(0, 0, 0, 1, 0, 6, 4, 1, 3, 4, 2, 2)
8736	(0, 0, 0, 1, 0, 5, 2, 5, 4, 6, 0, 1)
8737	(0, 0, 0, 1, 0, 6, 2, 5, 2, 6, 1, 1)
8738	(0, 0, 0, 1, 0, 5, 3, 5, 2, 6, 1, 1)
8739	(0, 0, 0, 1, 0, 5, 2, 6, 2, 6, 1, 1)
8740	(0, 0, 0, 1, 0, 5, 2, 5, 3, 6, 1, 1)
8741	(0, 0, 0, 1, 0, 5, 2, 5, 2, 6, 0, 2)
8742	(0, 0, 0, 1, 0, 6, 3, 5, 1, 5, 2, 1)
8743	(0, 0, 0, 1, 0, 6, 2, 6, 1, 5, 2, 1)
8744	(0, 0, 0, 1, 0, 6, 2, 5, 1, 5, 1, 2)
8745	(0, 0, 0, 1, 0, 5, 3, 6, 1, 5, 2, 1)
8746	(0, 0, 0, 1, 0, 5, 3, 5, 1, 5, 1, 2)
8747	(0, 0, 0, 1, 0, 5, 2, 6, 1, 5, 1, 2)
8748	(0, 0, 0, 1, 0, 5, 2, 4, 5, 6, 0, 1)
8749	(0, 0, 0, 1, 0, 6, 2, 4, 4, 5, 1, 1)
8750	(0, 0, 0, 1, 0, 5, 3, 4, 4, 5, 1, 1)
8751	(0, 0, 0, 1, 0, 5, 2, 4, 4, 5, 0, 2)
8752	(0, 0, 0, 1, 0, 6, 3, 4, 2, 5, 2, 1)
8753	(0, 0, 0, 1, 0, 6, 2, 4, 3, 5, 2, 1)
8754	(0, 0, 0, 1, 0, 6, 2, 4, 2, 5, 1, 2)
8755	(0, 0, 0, 1, 0, 5, 3, 4, 3, 5, 2, 1)
8756	(0, 0, 0, 1, 0, 5, 3, 4, 2, 5, 1, 2)
8757	(0, 0, 0, 1, 0, 5, 2, 4, 3, 5, 1, 2)
8758	(0, 0, 0, 1, 0, 6, 3, 4, 1, 4, 2, 2)
8759	(0, 0, 0, 1, 0, 6, 2, 2, 5, 6, 1, 1)
8760	(0, 0, 0, 1, 0, 5, 3, 2, 5, 6, 1, 1)
8761	(0, 0, 0, 1, 0, 5, 2, 3, 5, 6, 1, 1)
8762	(0, 0, 0, 1, 0, 5, 2, 2, 6, 6, 1, 1)
8763	(0, 0, 0, 1, 0, 5, 2, 2, 5, 6, 0, 2)
8764	(0, 0, 0, 1, 0, 6, 3, 2, 4, 5, 2, 1)
8765	(0, 0, 0, 1, 0, 6, 2, 3, 4, 5, 2, 1)
8766	(0, 0, 0, 1, 0, 6, 2, 2, 4, 5, 1, 2)
8767	(0, 0, 0, 1, 0, 5, 3, 3, 4, 5, 2, 1)
8768	(0, 0, 0, 1, 0, 5, 3, 2, 4, 5, 1, 2)
8769	(0, 0, 0, 1, 0, 5, 2, 3, 4, 5, 1, 2)
8770	(0, 0, 0, 1, 0, 6, 3, 3, 2, 5, 3, 1)
8771	(0, 0, 0, 1, 0, 6, 3, 2, 3, 5, 3, 1)
8772	(0, 0, 0, 1, 0, 6, 3, 2, 2, 5, 2, 2)
8773	(0, 0, 0, 1, 0, 6, 2, 3, 3, 5, 3, 1)
8774	(0, 0, 0, 1, 0, 6, 2, 3, 2, 5, 2, 2)
8775	(0, 0, 0, 1, 0, 6, 2, 2, 3, 5, 2, 2)
8776	(0, 0, 0, 1, 0, 5, 3, 3, 3, 5, 3, 1)
8777	(0, 0, 0, 1, 0, 5, 3, 3, 2, 5, 2, 2)
8778	(0, 0, 0, 1, 0, 5, 3, 2, 3, 5, 2, 2)
8779	(0, 0, 0, 1, 0, 5, 2, 3, 3, 5, 2, 2)
8780	(0, 0, 0, 1, 0, 6, 3, 3, 1, 4, 3, 2)
8781	(0, 0, 0, 1, 0, 6, 3, 1, 5, 5, 2, 1)
8782	(0, 0, 0, 1, 0, 6, 2, 1, 6, 5, 2, 1)
8783	(0, 0, 0, 1, 0, 6, 2, 1, 5, 5, 1, 2)
8784	(0, 0, 0, 1, 0, 5, 3, 1, 6, 5, 2, 1)
8785	(0, 0, 0, 1, 0, 5, 3, 1, 5, 5, 1, 2)
8786	(0, 0, 0, 1, 0, 5, 2, 1, 6, 5, 1, 2)
8787	(0, 0, 0, 1, 0, 6, 3, 1, 4, 4, 2, 2)
8788	(0, 0, 0, 1, 0, 6, 3, 1, 3, 4, 3, 2)
8789	(0, 0, 0, 1, 0, 5, 1, 5, 5, 6, 0, 1)
8790	(0, 0, 0, 1, 0, 6, 1, 5, 4, 5, 1, 1)
8791	(0, 0, 0, 1, 0, 5, 1, 6, 4, 5, 1, 1)
8792	(0, 0, 0, 1, 0, 5, 1, 5, 4, 5, 0, 2)
8793	(0, 0, 0, 1, 0, 6, 1, 6, 2, 5, 2, 1)
8794	(0, 0, 0, 1, 0, 6, 1, 5, 3, 5, 2, 1)
8795	(0, 0, 0, 1, 0, 6, 1, 5, 2, 5, 1, 2)
8796	(0, 0, 0, 1, 0, 5, 1, 6, 3, 5, 2, 1)
8797	(0, 0, 0, 1, 0, 5, 1, 6, 2, 5, 1, 2)
8798	(0, 0, 0, 1, 0, 5, 1, 5, 3, 5, 1, 2)
8799	(0, 0, 0, 1, 0, 6, 1, 6, 1, 4, 2, 2)
8800	(0, 0, 0, 1, 0, 6, 1, 4, 5, 5, 1, 1)
8801	(0, 0, 0, 1, 0, 5, 1, 4, 6, 5, 1, 1)
8802	(0, 0, 0, 1, 0, 5, 1, 4, 5, 5, 0, 2)
8803	(0, 0, 0, 1, 0, 6, 1, 4, 4, 4, 1, 2)
8804	(0, 0, 0, 1, 0, 6, 1, 4, 3, 4, 2, 2)
8805	(0, 0, 0, 1, 0, 6, 1, 3, 5, 5, 2, 1)
8806	(0, 0, 0, 1, 0, 6, 1, 2, 6, 5, 2, 1)
8807	(0, 0, 0, 1, 0, 6, 1, 2, 5, 5, 1, 2)
8808	(0, 0, 0, 1, 0, 5, 1, 3, 6, 5, 2, 1)
8809	(0, 0, 0, 1, 0, 5, 1, 3, 5, 5, 1, 2)
8810	(0, 0, 0, 1, 0, 5, 1, 2, 6, 5, 1, 2)
8811	(0, 0, 0, 1, 0, 6, 1, 3, 4, 4, 2, 2)
8812	(0, 0, 0, 1, 0, 6, 1, 3, 3, 4, 3, 2)
8813	(0, 0, 0, 1, 0, 6, 1, 1, 6, 4, 2, 2)
8814	(0, 0, 0, 1, 0, 4, 5, 5, 2, 6, 0, 1)
8815	(0, 0, 0, 1, 0, 4, 6, 5, 1, 5, 1, 1)
8816	(0, 0, 0, 1, 0, 4, 5, 6, 1, 5, 1, 1)
8817	(0, 0, 0, 1, 0, 4, 5, 5, 1, 5, 0, 2)
8818	(0, 0, 0, 1, 0, 4, 5, 4, 4, 5, 0, 1)
8819	(0, 0, 0, 1, 0, 4, 6, 4, 2, 5, 1, 1)
8820	(0, 0, 0, 1, 0, 4, 5, 4, 3, 5, 1, 1)
8821	(0, 0, 0, 1, 0, 4, 5, 4, 2, 5, 0, 2)
8822	(0, 0, 0, 1, 0, 4, 6, 4, 1, 4, 1, 2)
8823	(0, 0, 0, 1, 0, 4, 5, 2, 5, 6, 0, 1)
8824	(0, 0, 0, 1, 0, 4, 6, 2, 4, 5, 1, 1)
8825	(0, 0, 0, 1, 0, 4, 5, 3, 4, 5, 1, 1)
8826	(0, 0, 0, 1, 0, 4, 5, 2, 4, 5, 0, 2)
8827	(0, 0, 0, 1, 0, 4, 6, 3, 2, 5, 2, 1)
8828	(0, 0, 0, 1, 0, 4, 6, 2, 3, 5, 2, 1)
8829	(0, 0, 0, 1, 0, 4, 6, 2, 2, 5, 1, 2)
8830	(0, 0, 0, 1, 0, 4, 5, 3, 3, 5, 2, 1)
8831	(0, 0, 0, 1, 0, 4, 5, 3, 2, 5, 1, 2)
8832	(0, 0, 0, 1, 0, 4, 5, 2, 3, 5, 1, 2)
8833	(0, 0, 0, 1, 0, 4, 6, 3, 1, 4, 2, 2)
8834	(0, 0, 0, 1, 0, 4, 6, 1, 5, 5, 1, 1)
8835	(0, 0, 0, 1, 0, 4, 5, 1, 6, 5, 1, 1)
8836	(0, 0, 0, 1, 0, 4, 5, 1, 5, 5, 0, 2)
8837	(0, 0, 0, 1, 0, 4, 6, 1, 4, 4, 1, 2)
8838	(0, 0, 0, 1, 0, 4, 6, 1, 3, 4, 2, 2)
8839	(0, 0, 0, 1, 0, 4, 4, 5, 4, 5, 0, 1)
8840	(0, 0, 0, 1, 0, 4, 4, 6, 2, 5, 1, 1)
8841	(0, 0, 0, 1, 0, 4, 4, 5, 3, 5, 1, 1)
8842	(0, 0, 0, 1, 0, 4, 4, 5, 2, 5, 0, 2)
8843	(0, 0, 0, 1, 0, 4, 4, 6, 1, 4, 1, 2)
8844	(0, 0, 0, 1, 0, 4, 4, 4, 5, 5, 0, 1)
8845	(0, 0, 0, 1, 0, 4, 4, 4, 4, 4, 0, 2)
8846	(0, 0, 0, 1, 0, 4, 4, 4, 3, 4, 1, 2)
8847	(0, 0, 0, 1, 0, 4, 4, 3, 5, 5, 1, 1)
8848	(0, 0, 0, 1, 0, 4, 4, 2, 6, 5, 1, 1)
8849	(0, 0, 0, 1, 0, 4, 4, 2, 5, 5, 0, 2)
8850	(0, 0, 0, 1, 0, 4, 4, 3, 4, 4, 1, 2)
8851	(0, 0, 0, 1, 0, 4, 4, 3, 3, 4, 2, 2)
8852	(0, 0, 0, 1, 0, 4, 4, 1, 6, 4, 1, 2)
8853	(0, 0, 0, 1, 0, 4, 2, 5, 5, 6, 0, 1)
8854	(0, 0, 0, 1, 0, 4, 3, 5, 4, 5, 1, 1)
8855	(0, 0, 0, 1, 0, 4, 2, 6, 4, 5, 1, 1)
8856	(0, 0, 0, 1, 0, 4, 2, 5, 4, 5, 0, 2)
8857	(0, 0, 0, 1, 0, 4, 3, 6, 2, 5, 2, 1)
8858	(0, 0, 0, 1, 0, 4, 3, 5, 3, 5, 2, 1)
8859	(0, 0, 0, 1, 0, 4, 3, 5, 2, 5, 1, 2)
8860	(0, 0, 0, 1, 0, 4, 2, 6, 3, 5, 2, 1)
8861	(0, 0, 0, 1, 0, 4, 2, 6, 2, 5, 1, 2)
8862	(0, 0, 0, 1, 0, 4, 2, 5, 3, 5, 1, 2)
8863	(0, 0, 0, 1, 0, 4, 3, 6, 1, 4, 2, 2)
8864	(0, 0, 0, 1, 0, 4, 3, 4, 5, 5, 1, 1)
8865	(0, 0, 0, 1, 0, 4, 2, 4, 6, 5, 1, 1)
8866	(0, 0, 0, 1, 0, 4, 2, 4, 5, 5, 0, 2)
8867	(0, 0, 0, 1, 0, 4, 3, 4, 4, 4, 1, 2)
8868	(0, 0, 0, 1, 0, 4, 3, 4, 3, 4, 2, 2)
8869	(0, 0, 0, 1, 0, 4, 3, 3, 5, 5, 2, 1)
8870	(0, 0, 0, 1, 0, 4, 3, 2, 6, 5, 2, 1)
8871	(0, 0, 0, 1, 0, 4, 3, 2, 5, 5, 1, 2)
8872	(0, 0, 0, 1, 0, 4, 2, 3, 6, 5, 2, 1)
8873	(0, 0, 0, 1, 0, 4, 2, 3, 5, 5, 1, 2)
8874	(0, 0, 0, 1, 0, 4, 2, 2, 6, 5, 1, 2)
8875	(0, 0, 0, 1, 0, 4, 3, 3, 4, 4, 2, 2)
8876	(0, 0, 0, 1, 0, 4, 3, 3, 3, 4, 3, 2)
8877	(0, 0, 0, 1, 0, 4, 3, 1, 6, 4, 2, 2)
8878	(0, 0, 0, 1, 0, 4, 1, 6, 5, 5, 1, 1)
8879	(0, 0, 0, 1, 0, 4, 1, 5, 6, 5, 1, 1)
8880	(0, 0, 0, 1, 0, 4, 1, 5, 5, 5, 0, 2)
8881	(0, 0, 0, 1, 0, 4, 1, 6, 4, 4, 1, 2)
8882	(0, 0, 0, 1, 0, 4, 1, 6, 3, 4, 2, 2)
8883	(0, 0, 0, 1, 0, 4, 1, 4, 6, 4, 1, 2)
8884	(0, 0, 0, 1, 0, 4, 1, 3, 6, 4, 2, 2)
8885	(0, 0, 0, 1, 0, 2, 5, 5, 4, 6, 0, 1)
8886	(0, 0, 0, 1, 0, 3, 5, 5, 2, 6, 1, 1)
8887	(0, 0, 0, 1, 0, 2, 6, 5, 2, 6, 1, 1)
8888	(0, 0, 0, 1, 0, 2, 5, 6, 2, 6, 1, 1)
8889	(0, 0, 0, 1, 0, 2, 5, 5, 3, 6, 1, 1)
8890	(0, 0, 0, 1, 0, 2, 5, 5, 2, 6, 0, 2)
8891	(0, 0, 0, 1, 0, 3, 6, 5, 1, 5, 2, 1)
8892	(0, 0, 0, 1, 0, 3, 5, 6, 1, 5, 2, 1)
8893	(0, 0, 0, 1, 0, 3, 5, 5, 1, 5, 1, 2)
8894	(0, 0, 0, 1, 0, 2, 6, 6, 1, 5, 2, 1)
8895	(0, 0, 0, 1, 0, 2, 6, 5, 1, 5, 1, 2)
8896	(0, 0, 0, 1, 0, 2, 5, 6, 1, 5, 1, 2)
8897	(0, 0, 0, 1, 0, 2, 5, 4, 5, 6, 0, 1)
8898	(0, 0, 0, 1, 0, 3, 5, 4, 4, 5, 1, 1)
8899	(0, 0, 0, 1, 0, 2, 6, 4, 4, 5, 1, 1)
8900	(0, 0, 0, 1, 0, 2, 5, 4, 4, 5, 0, 2)
8901	(0, 0, 0, 1, 0, 3, 6, 4, 2, 5, 2, 1)
8902	(0, 0, 0, 1, 0, 3, 5, 4, 3, 5, 2, 1)
8903	(0, 0, 0, 1, 0, 3, 5, 4, 2, 5, 1, 2)
8904	(0, 0, 0, 1, 0, 2, 6, 4, 3, 5, 2, 1)
8905	(0, 0, 0, 1, 0, 2, 6, 4, 2, 5, 1, 2)
8906	(0, 0, 0, 1, 0, 2, 5, 4, 3, 5, 1, 2)
8907	(0, 0, 0, 1, 0, 3, 6, 4, 1, 4, 2, 2)
8908	(0, 0, 0, 1, 0, 3, 5, 2, 5, 6, 1, 1)
8909	(0, 0, 0, 1, 0, 2, 6, 2, 5, 6, 1, 1)
8910	(0, 0, 0, 1, 0, 2, 5, 3, 5, 6, 1, 1)
8911	(0, 0, 0, 1, 0, 2, 5, 2, 6, 6, 1, 1)
8912	(0, 0, 0, 1, 0, 2, 5, 2, 5, 6, 0, 2)
8913	(0, 0, 0, 1, 0, 3, 6, 2, 4, 5, 2, 1)
8914	(0, 0, 0, 1, 0, 3, 5, 3, 4, 5, 2, 1)
8915	(0, 0, 0, 1, 0, 3, 5, 2, 4, 5, 1, 2)
8916	(0, 0, 0, 1, 0, 2, 6, 3, 4, 5, 2, 1)
8917	(0, 0, 0, 1, 0, 2, 6, 2, 4, 5, 1, 2)
8918	(0, 0, 0, 1, 0, 2, 5, 3, 4, 5, 1, 2)
8919	(0, 0, 0, 1, 0, 3, 6, 3, 2, 5, 3, 1)
8920	(0, 0, 0, 1, 0, 3, 6, 2, 3, 5, 3, 1)
8921	(0, 0, 0, 1, 0, 3, 6, 2, 2, 5, 2, 2)
8922	(0, 0, 0, 1, 0, 3, 5, 3, 3, 5, 3, 1)
8923	(0, 0, 0, 1, 0, 3, 5, 3, 2, 5, 2, 2)
8924	(0, 0, 0, 1, 0, 3, 5, 2, 3, 5, 2, 2)
8925	(0, 0, 0, 1, 0, 2, 6, 3, 3, 5, 3, 1)
8926	(0, 0, 0, 1, 0, 2, 6, 3, 2, 5, 2, 2)
8927	(0, 0, 0, 1, 0, 2, 6, 2, 3, 5, 2, 2)
8928	(0, 0, 0, 1, 0, 2, 5, 3, 3, 5, 2, 2)
8929	(0, 0, 0, 1, 0, 3, 6, 3, 1, 4, 3, 2)
8930	(0, 0, 0, 1, 0, 3, 6, 1, 5, 5, 2, 1)
8931	(0, 0, 0, 1, 0, 3, 5, 1, 6, 5, 2, 1)
8932	(0, 0, 0, 1, 0, 3, 5, 1, 5, 5, 1, 2)
8933	(0, 0, 0, 1, 0, 2, 6, 1, 6, 5, 2, 1)
8934	(0, 0, 0, 1, 0, 2, 6, 1, 5, 5, 1, 2)
8935	(0, 0, 0, 1, 0, 2, 5, 1, 6, 5, 1, 2)
8936	(0, 0, 0, 1, 0, 3, 6, 1, 4, 4, 2, 2)
8937	(0, 0, 0, 1, 0, 3, 6, 1, 3, 4, 3, 2)
8938	(0, 0, 0, 1, 0, 2, 4, 5, 5, 6, 0, 1)
8939	(0, 0, 0, 1, 0, 3, 4, 5, 4, 5, 1, 1)
8940	(0, 0, 0, 1, 0, 2, 4, 6, 4, 5, 1, 1)
8941	(0, 0, 0, 1, 0, 2, 4, 5, 4, 5, 0, 2)
8942	(0, 0, 0, 1, 0, 3, 4, 6, 2, 5, 2, 1)
8943	(0, 0, 0, 1, 0, 3, 4, 5, 3, 5, 2, 1)
8944	(0, 0, 0, 1, 0, 3, 4, 5, 2, 5, 1, 2)
8945	(0, 0, 0, 1, 0, 2, 4, 6, 3, 5, 2, 1)
8946	(0, 0, 0, 1, 0, 2, 4, 6, 2, 5, 1, 2)
8947	(0, 0, 0, 1, 0, 2, 4, 5, 3, 5, 1, 2)
8948	(0, 0, 0, 1, 0, 3, 4, 6, 1, 4, 2, 2)
8949	(0, 0, 0, 1, 0, 3, 4, 4, 5, 5, 1, 1)
8950	(0, 0, 0, 1, 0, 2, 4, 4, 6, 5, 1, 1)
8951	(0, 0, 0, 1, 0, 2, 4, 4, 5, 5, 0, 2)
8952	(0, 0, 0, 1, 0, 3, 4, 4, 4, 4, 1, 2)
8953	(0, 0, 0, 1, 0, 3, 4, 4, 3, 4, 2, 2)
8954	(0, 0, 0, 1, 0, 3, 4, 3, 5, 5, 2, 1)
8955	(0, 0, 0, 1, 0, 3, 4, 2, 6, 5, 2, 1)
8956	(0, 0, 0, 1, 0, 3, 4, 2, 5, 5, 1, 2)
8957	(0, 0, 0, 1, 0, 2, 4, 3, 6, 5, 2, 1)
8958	(0, 0, 0, 1, 0, 2, 4, 3, 5, 5, 1, 2)
8959	(0, 0, 0, 1, 0, 2, 4, 2, 6, 5, 1, 2)
8960	(0, 0, 0, 1, 0, 3, 4, 3, 4, 4, 2, 2)
8961	(0, 0, 0, 1, 0, 3, 4, 3, 3, 4, 3, 2)
8962	(0, 0, 0, 1, 0, 3, 4, 1, 6, 4, 2, 2)
8963	(0, 0, 0, 1, 0, 3, 2, 5, 5, 6, 1, 1)
8964	(0, 0, 0, 1, 0, 2, 3, 5, 5, 6, 1, 1)
8965	(0, 0, 0, 1, 0, 2, 2, 6, 5, 6, 1, 1)
8966	(0, 0, 0, 1, 0, 2, 2, 5, 6, 6, 1, 1)
8967	(0, 0, 0, 1, 0, 2, 2, 5, 5, 6, 0, 2)
8968	(0, 0, 0, 1, 0, 3, 3, 5, 4, 5, 2, 1)
8969	(0, 0, 0, 1, 0, 3, 2, 6, 4, 5, 2, 1)
8970	(0, 0, 0, 1, 0, 3, 2, 5, 4, 5, 1, 2)
8971	(0, 0, 0, 1, 0, 2, 3, 6, 4, 5, 2, 1)
8972	(0, 0, 0, 1, 0, 2, 3, 5, 4, 5, 1, 2)
8973	(0, 0, 0, 1, 0, 2, 2, 6, 4, 5, 1, 2)
8974	(0, 0, 0, 1, 0, 3, 3, 6, 2, 5, 3, 1)
8975	(0, 0, 0, 1, 0, 3, 3, 5, 3, 5, 3, 1)
8976	(0, 0, 0, 1, 0, 3, 3, 5, 2, 5, 2, 2)
8977	(0, 0, 0, 1, 0, 3, 2, 6, 3, 5, 3, 1)
8978	(0, 0, 0, 1, 0, 3, 2, 6, 2, 5, 2, 2)
8979	(0, 0, 0, 1, 0, 3, 2, 5, 3, 5, 2, 2)
8980	(0, 0, 0, 1, 0, 2, 3, 6, 3, 5, 3, 1)
8981	(0, 0, 0, 1, 0, 2, 3, 6, 2, 5, 2, 2)
8982	(0, 0, 0, 1, 0, 2, 3, 5, 3, 5, 2, 2)
8983	(0, 0, 0, 1, 0, 2, 2, 6, 3, 5, 2, 2)
8984	(0, 0, 0, 1, 0, 3, 3, 6, 1, 4, 3, 2)
8985	(0, 0, 0, 1, 0, 3, 3, 4, 5, 5, 2, 1)
8986	(0, 0, 0, 1, 0, 3, 2, 4, 6, 5, 2, 1)
8987	(0, 0, 0, 1, 0, 3, 2, 4, 5, 5, 1, 2)
8988	(0, 0, 0, 1, 0, 2, 3, 4, 6, 5, 2, 1)
8989	(0, 0, 0, 1, 0, 2, 3, 4, 5, 5, 1, 2)
8990	(0, 0, 0, 1, 0, 2, 2, 4, 6, 5, 1, 2)
8991	(0, 0, 0, 1, 0, 3, 3, 4, 4, 4, 2, 2)
8992	(0, 0, 0, 1, 0, 3, 3, 4, 3, 4, 3, 2)
8993	(0, 0, 0, 1, 0, 3, 3, 3, 5, 5, 3, 1)
8994	(0, 0, 0, 1, 0, 3, 3, 2, 6, 5, 3, 1)
8995	(0, 0, 0, 1, 0, 3, 3, 2, 5, 5, 2, 2)
8996	(0, 0, 0, 1, 0, 3, 2, 3, 6, 5, 3, 1)
8997	(0, 0, 0, 1, 0, 3, 2, 3, 5, 5, 2, 2)
8998	(0, 0, 0, 1, 0, 3, 2, 2, 6, 5, 2, 2)
8999	(0, 0, 0, 1, 0, 2, 3, 3, 6, 5, 3, 1)
9000	(0, 0, 0, 1, 0, 2, 3, 3, 5, 5, 2, 2)
9001	(0, 0, 0, 1, 0, 2, 3, 2, 6, 5, 2, 2)
9002	(0, 0, 0, 1, 0, 2, 2, 3, 6, 5, 2, 2)
9003	(0, 0, 0, 1, 0, 3, 3, 3, 4, 4, 3, 2)
9004	(0, 0, 0, 1, 0, 3, 3, 3, 3, 4, 4, 2)
9005	(0, 0, 0, 1, 0, 3, 3, 1, 6, 4, 3, 2)
9006	(0, 0, 0, 1, 0, 3, 1, 6, 5, 5, 2, 1)
9007	(0, 0, 0, 1, 0, 3, 1, 5, 6, 5, 2, 1)
9008	(0, 0, 0, 1, 0, 3, 1, 5, 5, 5, 1, 2)
9009	(0, 0, 0, 1, 0, 2, 1, 6, 6, 5, 2, 1)
9010	(0, 0, 0, 1, 0, 2, 1, 6, 5, 5, 1, 2)
9011	(0, 0, 0, 1, 0, 2, 1, 5, 6, 5, 1, 2)
9012	(0, 0, 0, 1, 0, 3, 1, 6, 4, 4, 2, 2)
9013	(0, 0, 0, 1, 0, 3, 1, 6, 3, 4, 3, 2)
9014	(0, 0, 0, 1, 0, 3, 1, 4, 6, 4, 2, 2)
9015	(0, 0, 0, 1, 0, 3, 1, 3, 6, 4, 3, 2)
9016	(0, 0, 0, 1, 0, 1, 5, 5, 5, 6, 0, 1)
9017	(0, 0, 0, 1, 0, 1, 6, 5, 4, 5, 1, 1)
9018	(0, 0, 0, 1, 0, 1, 5, 6, 4, 5, 1, 1)
9019	(0, 0, 0, 1, 0, 1, 5, 5, 4, 5, 0, 2)
9020	(0, 0, 0, 1, 0, 1, 6, 6, 2, 5, 2, 1)
9021	(0, 0, 0, 1, 0, 1, 6, 5, 3, 5, 2, 1)
9022	(0, 0, 0, 1, 0, 1, 6, 5, 2, 5, 1, 2)
9023	(0, 0, 0, 1, 0, 1, 5, 6, 3, 5, 2, 1)
9024	(0, 0, 0, 1, 0, 1, 5, 6, 2, 5, 1, 2)
9025	(0, 0, 0, 1, 0, 1, 5, 5, 3, 5, 1, 2)
9026	(0, 0, 0, 1, 0, 1, 6, 6, 1, 4, 2, 2)
9027	(0, 0, 0, 1, 0, 1, 6, 4, 5, 5, 1, 1)
9028	(0, 0, 0, 1, 0, 1, 5, 4, 6, 5, 1, 1)
9029	(0, 0, 0, 1, 0, 1, 5, 4, 5, 5, 0, 2)
9030	(0, 0, 0, 1, 0, 1, 6, 4, 4, 4, 1, 2)
9031	(0, 0, 0, 1, 0, 1, 6, 4, 3, 4, 2, 2)
9032	(0, 0, 0, 1, 0, 1, 6, 3, 5, 5, 2, 1)
9033	(0, 0, 0, 1, 0, 1, 6, 2, 6, 5, 2, 1)
9034	(0, 0, 0, 1, 0, 1, 6, 2, 5, 5, 1, 2)
9035	(0, 0, 0, 1, 0, 1, 5, 3, 6, 5, 2, 1)
9036	(0, 0, 0, 1, 0, 1, 5, 3, 5, 5, 1, 2)
9037	(0, 0, 0, 1, 0, 1, 5, 2, 6, 5, 1, 2)
9038	(0, 0, 0, 1, 0, 1, 6, 3, 4, 4, 2, 2)
9039	(0, 0, 0, 1, 0, 1, 6, 3, 3, 4, 3, 2)
9040	(0, 0, 0, 1, 0, 1, 6, 1, 6, 4, 2, 2)
9041	(0, 0, 0, 1, 0, 1, 4, 6, 5, 5, 1, 1)
9042	(0, 0, 0, 1, 0, 1, 4, 5, 6, 5, 1, 1)
9043	(0, 0, 0, 1, 0, 1, 4, 5, 5, 5, 0, 2)
9044	(0, 0, 0, 1, 0, 1, 4, 6, 4, 4, 1, 2)
9045	(0, 0, 0, 1, 0, 1, 4, 6, 3, 4, 2, 2)
9046	(0, 0, 0, 1, 0, 1, 4, 4, 6, 4, 1, 2)
9047	(0, 0, 0, 1, 0, 1, 4, 3, 6, 4, 2, 2)
9048	(0, 0, 0, 1, 0, 1, 3, 6, 5, 5, 2, 1)
9049	(0, 0, 0, 1, 0, 1, 3, 5, 6, 5, 2, 1)
9050	(0, 0, 0, 1, 0, 1, 3, 5, 5, 5, 1, 2)
9051	(0, 0, 0, 1, 0, 1, 2, 6, 6, 5, 2, 1)
9052	(0, 0, 0, 1, 0, 1, 2, 6, 5, 5, 1, 2)
9053	(0, 0, 0, 1, 0, 1, 2, 5, 6, 5, 1, 2)
9054	(0, 0, 0, 1, 0, 1, 3, 6, 4, 4, 2, 2)
9055	(0, 0, 0, 1, 0, 1, 3, 6, 3, 4, 3, 2)
9056	(0, 0, 0, 1, 0, 1, 3, 4, 6, 4, 2, 2)
9057	(0, 0, 0, 1, 0, 1, 3, 3, 6, 4, 3, 2)
9058	(0, 0, 0, 1, 0, 1, 1, 6, 6, 4, 2, 2)
9059	(0, 0, 0, 1, 0, 0, 6, 5, 5, 6, 1, 1)
9060	(0, 0, 0, 1, 0, 0, 5, 6, 5, 6, 1, 1)
9061	(0, 0, 0, 1, 0, 0, 5, 5, 6, 6, 1, 1)
9062	(0, 0, 0, 1, 0, 0, 5, 5, 5, 6, 0, 2)
9063	(0, 0, 0, 1, 0, 0, 6, 6, 4, 5, 2, 1)
9064	(0, 0, 0, 1, 0, 0, 6, 5, 4, 5, 1, 2)
9065	(0, 0, 0, 1, 0, 0, 5, 6, 4, 5, 1, 2)
9066	(0, 0, 0, 1, 0, 0, 6, 6, 3, 5, 3, 1)
9067	(0, 0, 0, 1, 0, 0, 6, 6, 2, 5, 2, 2)
9068	(0, 0, 0, 1, 0, 0, 6, 5, 3, 5, 2, 2)
9069	(0, 0, 0, 1, 0, 0, 5, 6, 3, 5, 2, 2)
9070	(0, 0, 0, 1, 0, 0, 6, 4, 6, 5, 2, 1)
9071	(0, 0, 0, 1, 0, 0, 6, 4, 5, 5, 1, 2)
9072	(0, 0, 0, 1, 0, 0, 5, 4, 6, 5, 1, 2)
9073	(0, 0, 0, 1, 0, 0, 6, 3, 6, 5, 3, 1)
9074	(0, 0, 0, 1, 0, 0, 6, 3, 5, 5, 2, 2)
9075	(0, 0, 0, 1, 0, 0, 6, 2, 6, 5, 2, 2)
9076	(0, 0, 0, 1, 0, 0, 5, 3, 6, 5, 2, 2)
9077	(0, 0, 0, 1, 0, 0, 4, 6, 6, 5, 2, 1)
9078	(0, 0, 0, 1, 0, 0, 4, 6, 5, 5, 1, 2)
9079	(0, 0, 0, 1, 0, 0, 4, 5, 6, 5, 1, 2)
9080	(0, 0, 0, 1, 0, 0, 3, 6, 6, 5, 3, 1)
9081	(0, 0, 0, 1, 0, 0, 3, 6, 5, 5, 2, 2)
9082	(0, 0, 0, 1, 0, 0, 3, 5, 6, 5, 2, 2)
9083	(0, 0, 0, 1, 0, 0, 2, 6, 6, 5, 2, 2)
9084	(0, 0, 0, 1, 0, 6, 5, 0, 5, 6, 1, 1)
9085	(0, 0, 0, 1, 0, 5, 6, 0, 5, 6, 1, 1)
9086	(0, 0, 0, 1, 0, 5, 5, 0, 6, 6, 1, 1)
9087	(0, 0, 0, 1, 0, 5, 5, 0, 5, 6, 0, 2)
9088	(0, 0, 0, 1, 0, 6, 6, 0, 4, 5, 2, 1)
9089	(0, 0, 0, 1, 0, 6, 5, 0, 4, 5, 1, 2)
9090	(0, 0, 0, 1, 0, 5, 6, 0, 4, 5, 1, 2)
9091	(0, 0, 0, 1, 0, 6, 6, 0, 3, 5, 3, 1)
9092	(0, 0, 0, 1, 0, 6, 6, 0, 2, 5, 2, 2)
9093	(0, 0, 0, 1, 0, 6, 5, 0, 3, 5, 2, 2)
9094	(0, 0, 0, 1, 0, 5, 6, 0, 3, 5, 2, 2)
9095	(0, 0, 0, 1, 0, 6, 4, 0, 6, 5, 2, 1)
9096	(0, 0, 0, 1, 0, 6, 4, 0, 5, 5, 1, 2)
9097	(0, 0, 0, 1, 0, 5, 4, 0, 6, 5, 1, 2)
9098	(0, 0, 0, 1, 0, 6, 3, 0, 6, 5, 3, 1)
9099	(0, 0, 0, 1, 0, 6, 3, 0, 5, 5, 2, 2)
9100	(0, 0, 0, 1, 0, 6, 2, 0, 6, 5, 2, 2)
9101	(0, 0, 0, 1, 0, 5, 3, 0, 6, 5, 2, 2)
9102	(0, 0, 0, 1, 0, 4, 6, 0, 6, 5, 2, 1)
9103	(0, 0, 0, 1, 0, 4, 6, 0, 5, 5, 1, 2)
9104	(0, 0, 0, 1, 0, 4, 5, 0, 6, 5, 1, 2)
9105	(0, 0, 0, 1, 0, 3, 6, 0, 6, 5, 3, 1)
9106	(0, 0, 0, 1, 0, 3, 6, 0, 5, 5, 2, 2)
9107	(0, 0, 0, 1, 0, 3, 5, 0, 6, 5, 2, 2)
9108	(0, 0, 0, 1, 0, 2, 6, 0, 6, 5, 2, 2)
9109	(0, 0, 0, 0, 0, 5, 5, 5, 2, 7, 0, 1)
9110	(0, 0, 0, 0, 0, 6, 5, 5, 1, 6, 1, 1)
9111	(0, 0, 0, 0, 0, 5, 6, 5, 1, 6, 1, 1)
9112	(0, 0, 0, 0, 0, 5, 5, 6, 1, 6, 1, 1)
9113	(0, 0, 0, 0, 0, 5, 5, 5, 1, 6, 0, 2)
9114	(0, 0, 0, 0, 0, 5, 5, 4, 4, 6, 0, 1)
9115	(0, 0, 0, 0, 0, 6, 5, 4, 2, 6, 1, 1)
9116	(0, 0, 0, 0, 0, 5, 6, 4, 2, 6, 1, 1)
9117	(0, 0, 0, 0, 0, 5, 5, 4, 3, 6, 1, 1)
9118	(0, 0, 0, 0, 0, 5, 5, 4, 2, 6, 0, 2)
9119	(0, 0, 0, 0, 0, 6, 6, 4, 1, 5, 2, 1)
9120	(0, 0, 0, 0, 0, 6, 5, 4, 1, 5, 1, 2)
9121	(0, 0, 0, 0, 0, 5, 6, 4, 1, 5, 1, 2)
9122	(0, 0, 0, 0, 0, 5, 5, 2, 5, 7, 0, 1)
9123	(0, 0, 0, 0, 0, 6, 5, 2, 4, 6, 1, 1)
9124	(0, 0, 0, 0, 0, 5, 6, 2, 4, 6, 1, 1)
9125	(0, 0, 0, 0, 0, 5, 5, 3, 4, 6, 1, 1)
9126	(0, 0, 0, 0, 0, 5, 5, 2, 4, 6, 0, 2)
9127	(0, 0, 0, 0, 0, 6, 6, 2, 2, 6, 2, 1)
9128	(0, 0, 0, 0, 0, 6, 5, 3, 2, 6, 2, 1)
9129	(0, 0, 0, 0, 0, 6, 5, 2, 3, 6, 2, 1)
9130	(0, 0, 0, 0, 0, 6, 5, 2, 2, 6, 1, 2)
9131	(0, 0, 0, 0, 0, 5, 6, 3, 2, 6, 2, 1)
9132	(0, 0, 0, 0, 0, 5, 6, 2, 3, 6, 2, 1)
9133	(0, 0, 0, 0, 0, 5, 6, 2, 2, 6, 1, 2)
9134	(0, 0, 0, 0, 0, 5, 5, 3, 3, 6, 2, 1)
9135	(0, 0, 0, 0, 0, 5, 5, 3, 2, 6, 1, 2)
9136	(0, 0, 0, 0, 0, 5, 5, 2, 3, 6, 1, 2)
9137	(0, 0, 0, 0, 0, 6, 6, 3, 1, 5, 3, 1)
9138	(0, 0, 0, 0, 0, 6, 6, 2, 1, 5, 2, 2)
9139	(0, 0, 0, 0, 0, 6, 5, 3, 1, 5, 2, 2)
9140	(0, 0, 0, 0, 0, 5, 6, 3, 1, 5, 2, 2)
9141	(0, 0, 0, 0, 0, 6, 5, 1, 5, 6, 1, 1)
9142	(0, 0, 0, 0, 0, 5, 6, 1, 5, 6, 1, 1)
9143	(0, 0, 0, 0, 0, 5, 5, 1, 6, 6, 1, 1)
9144	(0, 0, 0, 0, 0, 5, 5, 1, 5, 6, 0, 2)
9145	(0, 0, 0, 0, 0, 6, 6, 1, 4, 5, 2, 1)
9146	(0, 0, 0, 0, 0, 6, 5, 1, 4, 5, 1, 2)
9147	(0, 0, 0, 0, 0, 5, 6, 1, 4, 5, 1, 2)
9148	(0, 0, 0, 0, 0, 6, 6, 1, 3, 5, 3, 1)
9149	(0, 0, 0, 0, 0, 6, 6, 1, 2, 5, 2, 2)
9150	(0, 0, 0, 0, 0, 6, 5, 1, 3, 5, 2, 2)
9151	(0, 0, 0, 0, 0, 5, 6, 1, 3, 5, 2, 2)
9152	(0, 0, 0, 0, 0, 5, 4, 5, 4, 6, 0, 1)
9153	(0, 0, 0, 0, 0, 6, 4, 5, 2, 6, 1, 1)
9154	(0, 0, 0, 0, 0, 5, 4, 6, 2, 6, 1, 1)
9155	(0, 0, 0, 0, 0, 5, 4, 5, 3, 6, 1, 1)
9156	(0, 0, 0, 0, 0, 5, 4, 5, 2, 6, 0, 2)
9157	(0, 0, 0, 0, 0, 6, 4, 6, 1, 5, 2, 1)
9158	(0, 0, 0, 0, 0, 6, 4, 5, 1, 5, 1, 2)
9159	(0, 0, 0, 0, 0, 5, 4, 6, 1, 5, 1, 2)
9160	(0, 0, 0, 0, 0, 5, 4, 4, 5, 6, 0, 1)
9161	(0, 0, 0, 0, 0, 6, 4, 4, 4, 5, 1, 1)
9162	(0, 0, 0, 0, 0, 5, 4, 4, 4, 5, 0, 2)
9163	(0, 0, 0, 0, 0, 6, 4, 4, 3, 5, 2, 1)
9164	(0, 0, 0, 0, 0, 6, 4, 4, 2, 5, 1, 2)
9165	(0, 0, 0, 0, 0, 5, 4, 4, 3, 5, 1, 2)
9166	(0, 0, 0, 0, 0, 6, 4, 2, 5, 6, 1, 1)
9167	(0, 0, 0, 0, 0, 5, 4, 3, 5, 6, 1, 1)
9168	(0, 0, 0, 0, 0, 5, 4, 2, 6, 6, 1, 1)
9169	(0, 0, 0, 0, 0, 5, 4, 2, 5, 6, 0, 2)
9170	(0, 0, 0, 0, 0, 6, 4, 3, 4, 5, 2, 1)
9171	(0, 0, 0, 0, 0, 6, 4, 2, 4, 5, 1, 2)
9172	(0, 0, 0, 0, 0, 5, 4, 3, 4, 5, 1, 2)
9173	(0, 0, 0, 0, 0, 6, 4, 3, 3, 5, 3, 1)
9174	(0, 0, 0, 0, 0, 6, 4, 3, 2, 5, 2, 2)
9175	(0, 0, 0, 0, 0, 6, 4, 2, 3, 5, 2, 2)
9176	(0, 0, 0, 0, 0, 5, 4, 3, 3, 5, 2, 2)
9177	(0, 0, 0, 0, 0, 6, 4, 1, 6, 5, 2, 1)
9178	(0, 0, 0, 0, 0, 6, 4, 1, 5, 5, 1, 2)
9179	(0, 0, 0, 0, 0, 5, 4, 1, 6, 5, 1, 2)
9180	(0, 0, 0, 0, 0, 5, 2, 5, 5, 7, 0, 1)
9181	(0, 0, 0, 0, 0, 6, 2, 5, 4, 6, 1, 1)
9182	(0, 0, 0, 0, 0, 5, 3, 5, 4, 6, 1, 1)
9183	(0, 0, 0, 0, 0, 5, 2, 6, 4, 6, 1, 1)
9184	(0, 0, 0, 0, 0, 5, 2, 5, 4, 6, 0, 2)
9185	(0, 0, 0, 0, 0, 6, 3, 5, 2, 6, 2, 1)
9186	(0, 0, 0, 0, 0, 6, 2, 6, 2, 6, 2, 1)
9187	(0, 0, 0, 0, 0, 6, 2, 5, 3, 6, 2, 1)
9188	(0, 0, 0, 0, 0, 6, 2, 5, 2, 6, 1, 2)
9189	(0, 0, 0, 0, 0, 5, 3, 6, 2, 6, 2, 1)
9190	(0, 0, 0, 0, 0, 5, 3, 5, 3, 6, 2, 1)
9191	(0, 0, 0, 0, 0, 5, 3, 5, 2, 6, 1, 2)
9192	(0, 0, 0, 0, 0, 5, 2, 6, 3, 6, 2, 1)
9193	(0, 0, 0, 0, 0, 5, 2, 6, 2, 6, 1, 2)
9194	(0, 0, 0, 0, 0, 5, 2, 5, 3, 6, 1, 2)
9195	(0, 0, 0, 0, 0, 6, 3, 6, 1, 5, 3, 1)
9196	(0, 0, 0, 0, 0, 6, 3, 5, 1, 5, 2, 2)
9197	(0, 0, 0, 0, 0, 6, 2, 6, 1, 5, 2, 2)
9198	(0, 0, 0, 0, 0, 5, 3, 6, 1, 5, 2, 2)
9199	(0, 0, 0, 0, 0, 6, 2, 4, 5, 6, 1, 1)
9200	(0, 0, 0, 0, 0, 5, 3, 4, 5, 6, 1, 1)
9201	(0, 0, 0, 0, 0, 5, 2, 4, 6, 6, 1, 1)
9202	(0, 0, 0, 0, 0, 5, 2, 4, 5, 6, 0, 2)
9203	(0, 0, 0, 0, 0, 6, 3, 4, 4, 5, 2, 1)
9204	(0, 0, 0, 0, 0, 6, 2, 4, 4, 5, 1, 2)
9205	(0, 0, 0, 0, 0, 5, 3, 4, 4, 5, 1, 2)
9206	(0, 0, 0, 0, 0, 6, 3, 4, 3, 5, 3, 1)
9207	(0, 0, 0, 0, 0, 6, 3, 4, 2, 5, 2, 2)
9208	(0, 0, 0, 0, 0, 6, 2, 4, 3, 5, 2, 2)
9209	(0, 0, 0, 0, 0, 5, 3, 4, 3, 5, 2, 2)
9210	(0, 0, 0, 0, 0, 6, 3, 2, 5, 6, 2, 1)
9211	(0, 0, 0, 0, 0, 6, 2, 3, 5, 6, 2, 1)
9212	(0, 0, 0, 0, 0, 6, 2, 2, 6, 6, 2, 1)
9213	(0, 0, 0, 0, 0, 6, 2, 2, 5, 6, 1, 2)
9214	(0, 0, 0, 0, 0, 5, 3, 3, 5, 6, 2, 1)
9215	(0, 0, 0, 0, 0, 5, 3, 2, 6, 6, 2, 1)
9216	(0, 0, 0, 0, 0, 5, 3, 2, 5, 6, 1, 2)
9217	(0, 0, 0, 0, 0, 5, 2, 3, 6, 6, 2, 1)
9218	(0, 0, 0, 0, 0, 5, 2, 3, 5, 6, 1, 2)
9219	(0, 0, 0, 0, 0, 5, 2, 2, 6, 6, 1, 2)
9220	(0, 0, 0, 0, 0, 6, 3, 3, 4, 5, 3, 1)
9221	(0, 0, 0, 0, 0, 6, 3, 2, 4, 5, 2, 2)
9222	(0, 0, 0, 0, 0, 6, 2, 3, 4, 5, 2, 2)
9223	(0, 0, 0, 0, 0, 5, 3, 3, 4, 5, 2, 2)
9224	(0, 0, 0, 0, 0, 6, 3, 3, 3, 5, 4, 1)
9225	(0, 0, 0, 0, 0, 6, 3, 3, 2, 5, 3, 2)
9226	(0, 0, 0, 0, 0, 6, 3, 2, 3, 5, 3, 2)
9227	(0, 0, 0, 0, 0, 6, 2, 3, 3, 5, 3, 2)
9228	(0, 0, 0, 0, 0, 5, 3, 3, 3, 5, 3, 2)
9229	(0, 0, 0, 0, 0, 6, 3, 1, 6, 5, 3, 1)
9230	(0, 0, 0, 0, 0, 6, 3, 1, 5, 5, 2, 2)
9231	(0, 0, 0, 0, 0, 6, 2, 1, 6, 5, 2, 2)
9232	(0, 0, 0, 0, 0, 5, 3, 1, 6, 5, 2, 2)
9233	(0, 0, 0, 0, 0, 6, 1, 5, 5, 6, 1, 1)
9234	(0, 0, 0, 0, 0, 5, 1, 6, 5, 6, 1, 1)
9235	(0, 0, 0, 0, 0, 5, 1, 5, 6, 6, 1, 1)
9236	(0, 0, 0, 0, 0, 5, 1, 5, 5, 6, 0, 2)
9237	(0, 0, 0, 0, 0, 6, 1, 6, 4, 5, 2, 1)
9238	(0, 0, 0, 0, 0, 6, 1, 5, 4, 5, 1, 2)
9239	(0, 0, 0, 0, 0, 5, 1, 6, 4, 5, 1, 2)
9240	(0, 0, 0, 0, 0, 6, 1, 6, 3, 5, 3, 1)
9241	(0, 0, 0, 0, 0, 6, 1, 6, 2, 5, 2, 2)
9242	(0, 0, 0, 0, 0, 6, 1, 5, 3, 5, 2, 2)
9243	(0, 0, 0, 0, 0, 5, 1, 6, 3, 5, 2, 2)
9244	(0, 0, 0, 0, 0, 6, 1, 4, 6, 5, 2, 1)
9245	(0, 0, 0, 0, 0, 6, 1, 4, 5, 5, 1, 2)
9246	(0, 0, 0, 0, 0, 5, 1, 4, 6, 5, 1, 2)
9247	(0, 0, 0, 0, 0, 6, 1, 3, 6, 5, 3, 1)
9248	(0, 0, 0, 0, 0, 6, 1, 3, 5, 5, 2, 2)
9249	(0, 0, 0, 0, 0, 6, 1, 2, 6, 5, 2, 2)
9250	(0, 0, 0, 0, 0, 5, 1, 3, 6, 5, 2, 2)
9251	(0, 0, 0, 0, 0, 4, 5, 5, 4, 6, 0, 1)
9252	(0, 0, 0, 0, 0, 4, 6, 5, 2, 6, 1, 1)
9253	(0, 0, 0, 0, 0, 4, 5, 6, 2, 6, 1, 1)
9254	(0, 0, 0, 0, 0, 4, 5, 5, 3, 6, 1, 1)
9255	(0, 0, 0, 0, 0, 4, 5, 5, 2, 6, 0, 2)
9256	(0, 0, 0, 0, 0, 4, 6, 6, 1, 5, 2, 1)
9257	(0, 0, 0, 0, 0, 4, 6, 5, 1, 5, 1, 2)
9258	(0, 0, 0, 0, 0, 4, 5, 6, 1, 5, 1, 2)
9259	(0, 0, 0, 0, 0, 4, 5, 4, 5, 6, 0, 1)
9260	(0, 0, 0, 0, 0, 4, 6, 4, 4, 5, 1, 1)
9261	(0, 0, 0, 0, 0, 4, 5, 4, 4, 5, 0, 2)
9262	(0, 0, 0, 0, 0, 4, 6, 4, 3, 5, 2, 1)
9263	(0, 0, 0, 0, 0, 4, 6, 4, 2, 5, 1, 2)
9264	(0, 0, 0, 0, 0, 4, 5, 4, 3, 5, 1, 2)
9265	(0, 0, 0, 0, 0, 4, 6, 2, 5, 6, 1, 1)
9266	(0, 0, 0, 0, 0, 4, 5, 3, 5, 6, 1, 1)
9267	(0, 0, 0, 0, 0, 4, 5, 2, 6, 6, 1, 1)
9268	(0, 0, 0, 0, 0, 4, 5, 2, 5, 6, 0, 2)
9269	(0, 0, 0, 0, 0, 4, 6, 3, 4, 5, 2, 1)
9270	(0, 0, 0, 0, 0, 4, 6, 2, 4, 5, 1, 2)
9271	(0, 0, 0, 0, 0, 4, 5, 3, 4, 5, 1, 2)
9272	(0, 0, 0, 0, 0, 4, 6, 3, 3, 5, 3, 1)
9273	(0, 0, 0, 0, 0, 4, 6, 3, 2, 5, 2, 2)
9274	(0, 0, 0, 0, 0, 4, 6, 2, 3, 5, 2, 2)
9275	(0, 0, 0, 0, 0, 4, 5, 3, 3, 5, 2, 2)
9276	(0, 0, 0, 0, 0, 4, 6, 1, 6, 5, 2, 1)
9277	(0, 0, 0, 0, 0, 4, 6, 1, 5, 5, 1, 2)
9278	(0, 0, 0, 0, 0, 4, 5, 1, 6, 5, 1, 2)
9279	(0, 0, 0, 0, 0, 4, 4, 5, 5, 6, 0, 1)
9280	(0, 0, 0, 0, 0, 4, 4, 6, 4, 5, 1, 1)
9281	(0, 0, 0, 0, 0, 4, 4, 5, 4, 5, 0, 2)
9282	(0, 0, 0, 0, 0, 4, 4, 6, 3, 5, 2, 1)
9283	(0, 0, 0, 0, 0, 4, 4, 6, 2, 5, 1, 2)
9284	(0, 0, 0, 0, 0, 4, 4, 5, 3, 5, 1, 2)
9285	(0, 0, 0, 0, 0, 4, 4, 4, 6, 5, 1, 1)
9286	(0, 0, 0, 0, 0, 4, 4, 4, 5, 5, 0, 2)
9287	(0, 0, 0, 0, 0, 4, 4, 3, 6, 5, 2, 1)
9288	(0, 0, 0, 0, 0, 4, 4, 3, 5, 5, 1, 2)
9289	(0, 0, 0, 0, 0, 4, 4, 2, 6, 5, 1, 2)
9290	(0, 0, 0, 0, 0, 4, 3, 5, 5, 6, 1, 1)
9291	(0, 0, 0, 0, 0, 4, 2, 6, 5, 6, 1, 1)
9292	(0, 0, 0, 0, 0, 4, 2, 5, 6, 6, 1, 1)
9293	(0, 0, 0, 0, 0, 4, 2, 5, 5, 6, 0, 2)
9294	(0, 0, 0, 0, 0, 4, 3, 6, 4, 5, 2, 1)
9295	(0, 0, 0, 0, 0, 4, 3, 5, 4, 5, 1, 2)
9296	(0, 0, 0, 0, 0, 4, 2, 6, 4, 5, 1, 2)
9297	(0, 0, 0, 0, 0, 4, 3, 6, 3, 5, 3, 1)
9298	(0, 0, 0, 0, 0, 4, 3, 6, 2, 5, 2, 2)
9299	(0, 0, 0, 0, 0, 4, 3, 5, 3, 5, 2, 2)
9300	(0, 0, 0, 0, 0, 4, 2, 6, 3, 5, 2, 2)
9301	(0, 0, 0, 0, 0, 4, 3, 4, 6, 5, 2, 1)
9302	(0, 0, 0, 0, 0, 4, 3, 4, 5, 5, 1, 2)
9303	(0, 0, 0, 0, 0, 4, 2, 4, 6, 5, 1, 2)
9304	(0, 0, 0, 0, 0, 4, 3, 3, 6, 5, 3, 1)
9305	(0, 0, 0, 0, 0, 4, 3, 3, 5, 5, 2, 2)
9306	(0, 0, 0, 0, 0, 4, 3, 2, 6, 5, 2, 2)
9307	(0, 0, 0, 0, 0, 4, 2, 3, 6, 5, 2, 2)
9308	(0, 0, 0, 0, 0, 4, 1, 6, 6, 5, 2, 1)
9309	(0, 0, 0, 0, 0, 4, 1, 6, 5, 5, 1, 2)
9310	(0, 0, 0, 0, 0, 4, 1, 5, 6, 5, 1, 2)
9311	(0, 0, 0, 0, 0, 2, 5, 5, 5, 7, 0, 1)
9312	(0, 0, 0, 0, 0, 3, 5, 5, 4, 6, 1, 1)
9313	(0, 0, 0, 0, 0, 2, 6, 5, 4, 6, 1, 1)
9314	(0, 0, 0, 0, 0, 2, 5, 6, 4, 6, 1, 1)
9315	(0, 0, 0, 0, 0, 2, 5, 5, 4, 6, 0, 2)
9316	(0, 0, 0, 0, 0, 3, 6, 5, 2, 6, 2, 1)
9317	(0, 0, 0, 0, 0, 3, 5, 6, 2, 6, 2, 1)
9318	(0, 0, 0, 0, 0, 3, 5, 5, 3, 6, 2, 1)
9319	(0, 0, 0, 0, 0, 3, 5, 5, 2, 6, 1, 2)
9320	(0, 0, 0, 0, 0, 2, 6, 6, 2, 6, 2, 1)
9321	(0, 0, 0, 0, 0, 2, 6, 5, 3, 6, 2, 1)
9322	(0, 0, 0, 0, 0, 2, 6, 5, 2, 6, 1, 2)
9323	(0, 0, 0, 0, 0, 2, 5, 6, 3, 6, 2, 1)
9324	(0, 0, 0, 0, 0, 2, 5, 6, 2, 6, 1, 2)
9325	(0, 0, 0, 0, 0, 2, 5, 5, 3, 6, 1, 2)
9326	(0, 0, 0, 0, 0, 3, 6, 6, 1, 5, 3, 1)
9327	(0, 0, 0, 0, 0, 3, 6, 5, 1, 5, 2, 2)
9328	(0, 0, 0, 0, 0, 3, 5, 6, 1, 5, 2, 2)
9329	(0, 0, 0, 0, 0, 2, 6, 6, 1, 5, 2, 2)
9330	(0, 0, 0, 0, 0, 3, 5, 4, 5, 6, 1, 1)
9331	(0, 0, 0, 0, 0, 2, 6, 4, 5, 6, 1, 1)
9332	(0, 0, 0, 0, 0, 2, 5, 4, 6, 6, 1, 1)
9333	(0, 0, 0, 0, 0, 2, 5, 4, 5, 6, 0, 2)
9334	(0, 0, 0, 0, 0, 3, 6, 4, 4, 5, 2, 1)
9335	(0, 0, 0, 0, 0, 3, 5, 4, 4, 5, 1, 2)
9336	(0, 0, 0, 0, 0, 2, 6, 4, 4, 5, 1, 2)
9337	(0, 0, 0, 0, 0, 3, 6, 4, 3, 5, 3, 1)
9338	(0, 0, 0, 0, 0, 3, 6, 4, 2, 5, 2, 2)
9339	(0, 0, 0, 0, 0, 3, 5, 4, 3, 5, 2, 2)
9340	(0, 0, 0, 0, 0, 2, 6, 4, 3, 5, 2, 2)
9341	(0, 0, 0, 0, 0, 3, 6, 2, 5, 6, 2, 1)
9342	(0, 0, 0, 0, 0, 3, 5, 3, 5, 6, 2, 1)
9343	(0, 0, 0, 0, 0, 3, 5, 2, 6, 6, 2, 1)
9344	(0, 0, 0, 0, 0, 3, 5, 2, 5, 6, 1, 2)
9345	(0, 0, 0, 0, 0, 2, 6, 3, 5, 6, 2, 1)
9346	(0, 0, 0, 0, 0, 2, 6, 2, 6, 6, 2, 1)
9347	(0, 0, 0, 0, 0, 2, 6, 2, 5, 6, 1, 2)
9348	(0, 0, 0, 0, 0, 2, 5, 3, 6, 6, 2, 1)
9349	(0, 0, 0, 0, 0, 2, 5, 3, 5, 6, 1, 2)
9350	(0, 0, 0, 0, 0, 2, 5, 2, 6, 6, 1, 2)
9351	(0, 0, 0, 0, 0, 3, 6, 3, 4, 5, 3, 1)
9352	(0, 0, 0, 0, 0, 3, 6, 2, 4, 5, 2, 2)
9353	(0, 0, 0, 0, 0, 3, 5, 3, 4, 5, 2, 2)
9354	(0, 0, 0, 0, 0, 2, 6, 3, 4, 5, 2, 2)
9355	(0, 0, 0, 0, 0, 3, 6, 3, 3, 5, 4, 1)
9356	(0, 0, 0, 0, 0, 3, 6, 3, 2, 5, 3, 2)
9357	(0, 0, 0, 0, 0, 3, 6, 2, 3, 5, 3, 2)
9358	(0, 0, 0, 0, 0, 3, 5, 3, 3, 5, 3, 2)
9359	(0, 0, 0, 0, 0, 2, 6, 3, 3, 5, 3, 2)
9360	(0, 0, 0, 0, 0, 3, 6, 1, 6, 5, 3, 1)
9361	(0, 0, 0, 0, 0, 3, 6, 1, 5, 5, 2, 2)
9362	(0, 0, 0, 0, 0, 3, 5, 1, 6, 5, 2, 2)
9363	(0, 0, 0, 0, 0, 2, 6, 1, 6, 5, 2, 2)
9364	(0, 0, 0, 0, 0, 3, 4, 5, 5, 6, 1, 1)
9365	(0, 0, 0, 0, 0, 2, 4, 6, 5, 6, 1, 1)
9366	(0, 0, 0, 0, 0, 2, 4, 5, 6, 6, 1, 1)
9367	(0, 0, 0, 0, 0, 2, 4, 5, 5, 6, 0, 2)
9368	(0, 0, 0, 0, 0, 3, 4, 6, 4, 5, 2, 1)
9369	(0, 0, 0, 0, 0, 3, 4, 5, 4, 5, 1, 2)
9370	(0, 0, 0, 0, 0, 2, 4, 6, 4, 5, 1, 2)
9371	(0, 0, 0, 0, 0, 3, 4, 6, 3, 5, 3, 1)
9372	(0, 0, 0, 0, 0, 3, 4, 6, 2, 5, 2, 2)
9373	(0, 0, 0, 0, 0, 3, 4, 5, 3, 5, 2, 2)
9374	(0, 0, 0, 0, 0, 2, 4, 6, 3, 5, 2, 2)
9375	(0, 0, 0, 0, 0, 3, 4, 4, 6, 5, 2, 1)
9376	(0, 0, 0, 0, 0, 3, 4, 4, 5, 5, 1, 2)
9377	(0, 0, 0, 0, 0, 2, 4, 4, 6, 5, 1, 2)
9378	(0, 0, 0, 0, 0, 3, 4, 3, 6, 5, 3, 1)
9379	(0, 0, 0, 0, 0, 3, 4, 3, 5, 5, 2, 2)
9380	(0, 0, 0, 0, 0, 3, 4, 2, 6, 5, 2, 2)
9381	(0, 0, 0, 0, 0, 2, 4, 3, 6, 5, 2, 2)
9382	(0, 0, 0, 0, 0, 3, 3, 5, 5, 6, 2, 1)
9383	(0, 0, 0, 0, 0, 3, 2, 6, 5, 6, 2, 1)
9384	(0, 0, 0, 0, 0, 3, 2, 5, 6, 6, 2, 1)
9385	(0, 0, 0, 0, 0, 3, 2, 5, 5, 6, 1, 2)
9386	(0, 0, 0, 0, 0, 2, 3, 6, 5, 6, 2, 1)
9387	(0, 0, 0, 0, 0, 2, 3, 5, 6, 6, 2, 1)
9388	(0, 0, 0, 0, 0, 2, 3, 5, 5, 6, 1, 2)
9389	(0, 0, 0, 0, 0, 2, 2, 6, 6, 6, 2, 1)
9390	(0, 0, 0, 0, 0, 2, 2, 6, 5, 6, 1, 2)
9391	(0, 0, 0, 0, 0, 2, 2, 5, 6, 6, 1, 2)
9392	(0, 0, 0, 0, 0, 3, 3, 6, 4, 5, 3, 1)
9393	(0, 0, 0, 0, 0, 3, 3, 5, 4, 5, 2, 2)
9394	(0, 0, 0, 0, 0, 3, 2, 6, 4, 5, 2, 2)
9395	(0, 0, 0, 0, 0, 2, 3, 6, 4, 5, 2, 2)
9396	(0, 0, 0, 0, 0, 3, 3, 6, 3, 5, 4, 1)
9397	(0, 0, 0, 0, 0, 3, 3, 6, 2, 5, 3, 2)
9398	(0, 0, 0, 0, 0, 3, 3, 5, 3, 5, 3, 2)
9399	(0, 0, 0, 0, 0, 3, 2, 6, 3, 5, 3, 2)
9400	(0, 0, 0, 0, 0, 2, 3, 6, 3, 5, 3, 2)
9401	(0, 0, 0, 0, 0, 3, 3, 4, 6, 5, 3, 1)
9402	(0, 0, 0, 0, 0, 3, 3, 4, 5, 5, 2, 2)
9403	(0, 0, 0, 0, 0, 3, 2, 4, 6, 5, 2, 2)
9404	(0, 0, 0, 0, 0, 2, 3, 4, 6, 5, 2, 2)
9405	(0, 0, 0, 0, 0, 3, 3, 3, 6, 5, 4, 1)
9406	(0, 0, 0, 0, 0, 3, 3, 3, 5, 5, 3, 2)
9407	(0, 0, 0, 0, 0, 3, 3, 2, 6, 5, 3, 2)
9408	(0, 0, 0, 0, 0, 3, 2, 3, 6, 5, 3, 2)
9409	(0, 0, 0, 0, 0, 2, 3, 3, 6, 5, 3, 2)
9410	(0, 0, 0, 0, 0, 3, 1, 6, 6, 5, 3, 1)
9411	(0, 0, 0, 0, 0, 3, 1, 6, 5, 5, 2, 2)
9412	(0, 0, 0, 0, 0, 3, 1, 5, 6, 5, 2, 2)
9413	(0, 0, 0, 0, 0, 2, 1, 6, 6, 5, 2, 2)
9414	(0, 0, 0, 0, 0, 1, 6, 5, 5, 6, 1, 1)
9415	(0, 0, 0, 0, 0, 1, 5, 6, 5, 6, 1, 1)
9416	(0, 0, 0, 0, 0, 1, 5, 5, 6, 6, 1, 1)
9417	(0, 0, 0, 0, 0, 1, 5, 5, 5, 6, 0, 2)
9418	(0, 0, 0, 0, 0, 1, 6, 6, 4, 5, 2, 1)
9419	(0, 0, 0, 0, 0, 1, 6, 5, 4, 5, 1, 2)
9420	(0, 0, 0, 0, 0, 1, 5, 6, 4, 5, 1, 2)
9421	(0, 0, 0, 0, 0, 1, 6, 6, 3, 5, 3, 1)
9422	(0, 0, 0, 0, 0, 1, 6, 6, 2, 5, 2, 2)
9423	(0, 0, 0, 0, 0, 1, 6, 5, 3, 5, 2, 2)
9424	(0, 0, 0, 0, 0, 1, 5, 6, 3, 5, 2, 2)
9425	(0, 0, 0, 0, 0, 1, 6, 4, 6, 5, 2, 1)
9426	(0, 0, 0, 0, 0, 1, 6, 4, 5, 5, 1, 2)
9427	(0, 0, 0, 0, 0, 1, 5, 4, 6, 5, 1, 2)
9428	(0, 0, 0, 0, 0, 1, 6, 3, 6, 5, 3, 1)
9429	(0, 0, 0, 0, 0, 1, 6, 3, 5, 5, 2, 2)
9430	(0, 0, 0, 0, 0, 1, 6, 2, 6, 5, 2, 2)
9431	(0, 0, 0, 0, 0, 1, 5, 3, 6, 5, 2, 2)
9432	(0, 0, 0, 0, 0, 1, 4, 6, 6, 5, 2, 1)
9433	(0, 0, 0, 0, 0, 1, 4, 6, 5, 5, 1, 2)
9434	(0, 0, 0, 0, 0, 1, 4, 5, 6, 5, 1, 2)
9435	(0, 0, 0, 0, 0, 1, 3, 6, 6, 5, 3, 1)
9436	(0, 0, 0, 0, 0, 1, 3, 6, 5, 5, 2, 2)
9437	(0, 0, 0, 0, 0, 1, 3, 5, 6, 5, 2, 2)
9438	(0, 0, 0, 0, 0, 1, 2, 6, 6, 5, 2, 2)
9439	(0, 0, 0, 0, 0, 0, 6, 6, 5, 6, 2, 1)
9440	(0, 0, 0, 0, 0, 0, 6, 5, 6, 6, 2, 1)
9441	(0, 0, 0, 0, 0, 0, 6, 5, 5, 6, 1, 2)
9442	(0, 0, 0, 0, 0, 0, 5, 6, 6, 6, 2, 1)
9443	(0, 0, 0, 0, 0, 0, 5, 6, 5, 6, 1, 2)
9444	(0, 0, 0, 0, 0, 0, 5, 5, 6, 6, 1, 2)
9445	(0, 0, 0, 0, 0, 0, 6, 6, 4, 5, 2, 2)
9446	(0, 0, 0, 0, 0, 0, 6, 6, 3, 5, 3, 2)
9447	(0, 0, 0, 0, 0, 0, 6, 4, 6, 5, 2, 2)
9448	(0, 0, 0, 0, 0, 0, 6, 3, 6, 5, 3, 2)
9449	(0, 0, 0, 0, 0, 0, 4, 6, 6, 5, 2, 2)
9450	(0, 0, 0, 0, 0, 0, 3, 6, 6, 5, 3, 2)
9451	(0, 0, 0, 0, 0, 6, 6, 0, 5, 6, 2, 1)
9452	(0, 0, 0, 0, 0, 6, 5, 0, 6, 6, 2, 1)
9453	(0, 0, 0, 0, 0, 6, 5, 0, 5, 6, 1, 2)
9454	(0, 0, 0, 0, 0, 5, 6, 0, 6, 6, 2, 1)
9455	(0, 0, 0, 0, 0, 5, 6, 0, 5, 6, 1, 2)
9456	(0, 0, 0, 0, 0, 5, 5, 0, 6, 6, 1, 2)
9457	(0, 0, 0, 0, 0, 6, 6, 0, 4, 5, 2, 2)
9458	(0, 0, 0, 0, 0, 6, 6, 0, 3, 5, 3, 2)
9459	(0, 0, 0, 0, 0, 6, 4, 0, 6, 5, 2, 2)
9460	(0, 0, 0, 0, 0, 6, 3, 0, 6, 5, 3, 2)
9461	(0, 0, 0, 0, 0, 4, 6, 0, 6, 5, 2, 2)
9462	(0, 0, 0, 0, 0, 3, 6, 0, 6, 5, 3, 2)
9463	(0, 0, 0, 1, 0, 5, 5, 5, 4, 7, 0, 0)
9464	(0, 0, 0, 1, 0, 6, 5, 5, 2, 7, 1, 0)
9465	(0, 0, 0, 1, 0, 5, 6, 5, 2, 7, 1, 0)
9466	(0, 0, 0, 1, 0, 5, 5, 6, 2, 7, 1, 0)
9467	(0, 0, 0, 1, 0, 5, 5, 5, 3, 7, 1, 0)
9468	(0, 0, 0, 1, 0, 6, 6, 5, 1, 6, 2, 0)
9469	(0, 0, 0, 1, 0, 6, 5, 6, 1, 6, 2, 0)
9470	(0, 0, 0, 1, 0, 5, 6, 6, 1, 6, 2, 0)
9471	(0, 0, 0, 1, 0, 5, 5, 4, 5, 7, 0, 0)
9472	(0, 0, 0, 1, 0, 6, 5, 4, 4, 6, 1, 0)
9473	(0, 0, 0, 1, 0, 5, 6, 4, 4, 6, 1, 0)
9474	(0, 0, 0, 1, 0, 6, 6, 4, 2, 6, 2, 0)
9475	(0, 0, 0, 1, 0, 6, 5, 4, 3, 6, 2, 0)
9476	(0, 0, 0, 1, 0, 5, 6, 4, 3, 6, 2, 0)
9477	(0, 0, 0, 1, 0, 6, 5, 2, 5, 7, 1, 0)
9478	(0, 0, 0, 1, 0, 5, 6, 2, 5, 7, 1, 0)
9479	(0, 0, 0, 1, 0, 5, 5, 3, 5, 7, 1, 0)
9480	(0, 0, 0, 1, 0, 5, 5, 2, 6, 7, 1, 0)
9481	(0, 0, 0, 1, 0, 6, 6, 2, 4, 6, 2, 0)
9482	(0, 0, 0, 1, 0, 6, 5, 3, 4, 6, 2, 0)
9483	(0, 0, 0, 1, 0, 5, 6, 3, 4, 6, 2, 0)
9484	(0, 0, 0, 1, 0, 6, 6, 3, 2, 6, 3, 0)
9485	(0, 0, 0, 1, 0, 6, 6, 2, 3, 6, 3, 0)
9486	(0, 0, 0, 1, 0, 6, 5, 3, 3, 6, 3, 0)
9487	(0, 0, 0, 1, 0, 5, 6, 3, 3, 6, 3, 0)
9488	(0, 0, 0, 1, 0, 6, 6, 1, 5, 6, 2, 0)
9489	(0, 0, 0, 1, 0, 6, 5, 1, 6, 6, 2, 0)
9490	(0, 0, 0, 1, 0, 5, 6, 1, 6, 6, 2, 0)
9491	(0, 0, 0, 1, 0, 5, 4, 5, 5, 7, 0, 0)
9492	(0, 0, 0, 1, 0, 6, 4, 5, 4, 6, 1, 0)
9493	(0, 0, 0, 1, 0, 5, 4, 6, 4, 6, 1, 0)
9494	(0, 0, 0, 1, 0, 6, 4, 6, 2, 6, 2, 0)
9495	(0, 0, 0, 1, 0, 6, 4, 5, 3, 6, 2, 0)
9496	(0, 0, 0, 1, 0, 5, 4, 6, 3, 6, 2, 0)
9497	(0, 0, 0, 1, 0, 6, 4, 4, 5, 6, 1, 0)
9498	(0, 0, 0, 1, 0, 5, 4, 4, 6, 6, 1, 0)
9499	(0, 0, 0, 1, 0, 6, 4, 3, 5, 6, 2, 0)
9500	(0, 0, 0, 1, 0, 6, 4, 2, 6, 6, 2, 0)
9501	(0, 0, 0, 1, 0, 5, 4, 3, 6, 6, 2, 0)
9502	(0, 0, 0, 1, 0, 6, 2, 5, 5, 7, 1, 0)
9503	(0, 0, 0, 1, 0, 5, 3, 5, 5, 7, 1, 0)
9504	(0, 0, 0, 1, 0, 5, 2, 6, 5, 7, 1, 0)
9505	(0, 0, 0, 1, 0, 5, 2, 5, 6, 7, 1, 0)
9506	(0, 0, 0, 1, 0, 6, 3, 5, 4, 6, 2, 0)
9507	(0, 0, 0, 1, 0, 6, 2, 6, 4, 6, 2, 0)
9508	(0, 0, 0, 1, 0, 5, 3, 6, 4, 6, 2, 0)
9509	(0, 0, 0, 1, 0, 6, 3, 6, 2, 6, 3, 0)
9510	(0, 0, 0, 1, 0, 6, 3, 5, 3, 6, 3, 0)
9511	(0, 0, 0, 1, 0, 6, 2, 6, 3, 6, 3, 0)
9512	(0, 0, 0, 1, 0, 5, 3, 6, 3, 6, 3, 0)
9513	(0, 0, 0, 1, 0, 6, 3, 4, 5, 6, 2, 0)
9514	(0, 0, 0, 1, 0, 6, 2, 4, 6, 6, 2, 0)
9515	(0, 0, 0, 1, 0, 5, 3, 4, 6, 6, 2, 0)
9516	(0, 0, 0, 1, 0, 6, 3, 3, 5, 6, 3, 0)
9517	(0, 0, 0, 1, 0, 6, 3, 2, 6, 6, 3, 0)
9518	(0, 0, 0, 1, 0, 6, 2, 3, 6, 6, 3, 0)
9519	(0, 0, 0, 1, 0, 5, 3, 3, 6, 6, 3, 0)
9520	(0, 0, 0, 1, 0, 6, 1, 6, 5, 6, 2, 0)
9521	(0, 0, 0, 1, 0, 6, 1, 5, 6, 6, 2, 0)
9522	(0, 0, 0, 1, 0, 5, 1, 6, 6, 6, 2, 0)
9523	(0, 0, 0, 1, 0, 4, 5, 5, 5, 7, 0, 0)
9524	(0, 0, 0, 1, 0, 4, 6, 5, 4, 6, 1, 0)
9525	(0, 0, 0, 1, 0, 4, 5, 6, 4, 6, 1, 0)
9526	(0, 0, 0, 1, 0, 4, 6, 6, 2, 6, 2, 0)
9527	(0, 0, 0, 1, 0, 4, 6, 5, 3, 6, 2, 0)
9528	(0, 0, 0, 1, 0, 4, 5, 6, 3, 6, 2, 0)
9529	(0, 0, 0, 1, 0, 4, 6, 4, 5, 6, 1, 0)
9530	(0, 0, 0, 1, 0, 4, 5, 4, 6, 6, 1, 0)
9531	(0, 0, 0, 1, 0, 4, 6, 3, 5, 6, 2, 0)
9532	(0, 0, 0, 1, 0, 4, 6, 2, 6, 6, 2, 0)
9533	(0, 0, 0, 1, 0, 4, 5, 3, 6, 6, 2, 0)
9534	(0, 0, 0, 1, 0, 4, 4, 6, 5, 6, 1, 0)
9535	(0, 0, 0, 1, 0, 4, 4, 5, 6, 6, 1, 0)
9536	(0, 0, 0, 1, 0, 4, 3, 6, 5, 6, 2, 0)
9537	(0, 0, 0, 1, 0, 4, 3, 5, 6, 6, 2, 0)
9538	(0, 0, 0, 1, 0, 4, 2, 6, 6, 6, 2, 0)
9539	(0, 0, 0, 1, 0, 3, 5, 5, 5, 7, 1, 0)
9540	(0, 0, 0, 1, 0, 2, 6, 5, 5, 7, 1, 0)
9541	(0, 0, 0, 1, 0, 2, 5, 6, 5, 7, 1, 0)
9542	(0, 0, 0, 1, 0, 2, 5, 5, 6, 7, 1, 0)
9543	(0, 0, 0, 1, 0, 3, 6, 5, 4, 6, 2, 0)
9544	(0, 0, 0, 1, 0, 3, 5, 6, 4, 6, 2, 0)
9545	(0, 0, 0, 1, 0, 2, 6, 6, 4, 6, 2, 0)
9546	(0, 0, 0, 1, 0, 3, 6, 6, 2, 6, 3, 0)
9547	(0, 0, 0, 1, 0, 3, 6, 5, 3, 6, 3, 0)
9548	(0, 0, 0, 1, 0, 3, 5, 6, 3, 6, 3, 0)
9549	(0, 0, 0, 1, 0, 2, 6, 6, 3, 6, 3, 0)
9550	(0, 0, 0, 1, 0, 3, 6, 4, 5, 6, 2, 0)
9551	(0, 0, 0, 1, 0, 3, 5, 4, 6, 6, 2, 0)
9552	(0, 0, 0, 1, 0, 2, 6, 4, 6, 6, 2, 0)
9553	(0, 0, 0, 1, 0, 3, 6, 3, 5, 6, 3, 0)
9554	(0, 0, 0, 1, 0, 3, 6, 2, 6, 6, 3, 0)
9555	(0, 0, 0, 1, 0, 3, 5, 3, 6, 6, 3, 0)
9556	(0, 0, 0, 1, 0, 2, 6, 3, 6, 6, 3, 0)
9557	(0, 0, 0, 1, 0, 3, 4, 6, 5, 6, 2, 0)
9558	(0, 0, 0, 1, 0, 3, 4, 5, 6, 6, 2, 0)
9559	(0, 0, 0, 1, 0, 2, 4, 6, 6, 6, 2, 0)
9560	(0, 0, 0, 1, 0, 3, 3, 6, 5, 6, 3, 0)
9561	(0, 0, 0, 1, 0, 3, 3, 5, 6, 6, 3, 0)
9562	(0, 0, 0, 1, 0, 3, 2, 6, 6, 6, 3, 0)
9563	(0, 0, 0, 1, 0, 2, 3, 6, 6, 6, 3, 0)
9564	(0, 0, 0, 1, 0, 1, 6, 6, 5, 6, 2, 0)
9565	(0, 0, 0, 1, 0, 1, 6, 5, 6, 6, 2, 0)
9566	(0, 0, 0, 1, 0, 1, 5, 6, 6, 6, 2, 0)
9567	(0, 0, 0, 1, 0, 0, 6, 6, 6, 6, 3, 0)
9568	(0, 0, 0, 1, 0, 6, 6, 0, 6, 6, 3, 0)
9569	(0, 0, 0, 0, 0, 5, 5, 5, 5, 8, 0, 0)
9570	(0, 0, 0, 0, 0, 6, 5, 5, 4, 7, 1, 0)
9571	(0, 0, 0, 0, 0, 5, 6, 5, 4, 7, 1, 0)
9572	(0, 0, 0, 0, 0, 5, 5, 6, 4, 7, 1, 0)
9573	(0, 0, 0, 0, 0, 6, 6, 5, 2, 7, 2, 0)
9574	(0, 0, 0, 0, 0, 6, 5, 6, 2, 7, 2, 0)
9575	(0, 0, 0, 0, 0, 6, 5, 5, 3, 7, 2, 0)
9576	(0, 0, 0, 0, 0, 5, 6, 6, 2, 7, 2, 0)
9577	(0, 0, 0, 0, 0, 5, 6, 5, 3, 7, 2, 0)
9578	(0, 0, 0, 0, 0, 5, 5, 6, 3, 7, 2, 0)
9579	(0, 0, 0, 0, 0, 6, 6, 6, 1, 6, 3, 0)
9580	(0, 0, 0, 0, 0, 6, 5, 4, 5, 7, 1, 0)
9581	(0, 0, 0, 0, 0, 5, 6, 4, 5, 7, 1, 0)
9582	(0, 0, 0, 0, 0, 5, 5, 4, 6, 7, 1, 0)
9583	(0, 0, 0, 0, 0, 6, 6, 4, 4, 6, 2, 0)
9584	(0, 0, 0, 0, 0, 6, 6, 4, 3, 6, 3, 0)
9585	(0, 0, 0, 0, 0, 6, 6, 2, 5, 7, 2, 0)
9586	(0, 0, 0, 0, 0, 6, 5, 3, 5, 7, 2, 0)
9587	(0, 0, 0, 0, 0, 6, 5, 2, 6, 7, 2, 0)
9588	(0, 0, 0, 0, 0, 5, 6, 3, 5, 7, 2, 0)
9589	(0, 0, 0, 0, 0, 5, 6, 2, 6, 7, 2, 0)
9590	(0, 0, 0, 0, 0, 5, 5, 3, 6, 7, 2, 0)
9591	(0, 0, 0, 0, 0, 6, 6, 3, 4, 6, 3, 0)
9592	(0, 0, 0, 0, 0, 6, 6, 3, 3, 6, 4, 0)
9593	(0, 0, 0, 0, 0, 6, 6, 1, 6, 6, 3, 0)
9594	(0, 0, 0, 0, 0, 6, 4, 5, 5, 7, 1, 0)
9595	(0, 0, 0, 0, 0, 5, 4, 6, 5, 7, 1, 0)
9596	(0, 0, 0, 0, 0, 5, 4, 5, 6, 7, 1, 0)
9597	(0, 0, 0, 0, 0, 6, 4, 6, 4, 6, 2, 0)
9598	(0, 0, 0, 0, 0, 6, 4, 6, 3, 6, 3, 0)
9599	(0, 0, 0, 0, 0, 6, 4, 4, 6, 6, 2, 0)
9600	(0, 0, 0, 0, 0, 6, 4, 3, 6, 6, 3, 0)
9601	(0, 0, 0, 0, 0, 6, 3, 5, 5, 7, 2, 0)
9602	(0, 0, 0, 0, 0, 6, 2, 6, 5, 7, 2, 0)
9603	(0, 0, 0, 0, 0, 6, 2, 5, 6, 7, 2, 0)
9604	(0, 0, 0, 0, 0, 5, 3, 6, 5, 7, 2, 0)
9605	(0, 0, 0, 0, 0, 5, 3, 5, 6, 7, 2, 0)
9606	(0, 0, 0, 0, 0, 5, 2, 6, 6, 7, 2, 0)
9607	(0, 0, 0, 0, 0, 6, 3, 6, 4, 6, 3, 0)
9608	(0, 0, 0, 0, 0, 6, 3, 6, 3, 6, 4, 0)
9609	(0, 0, 0, 0, 0, 6, 3, 4, 6, 6, 3, 0)
9610	(0, 0, 0, 0, 0, 6, 3, 3, 6, 6, 4, 0)
9611	(0, 0, 0, 0, 0, 6, 1, 6, 6, 6, 3, 0)
9612	(0, 0, 0, 0, 0, 4, 6, 5, 5, 7, 1, 0)
9613	(0, 0, 0, 0, 0, 4, 5, 6, 5, 7, 1, 0)
9614	(0, 0, 0, 0, 0, 4, 5, 5, 6, 7, 1, 0)
9615	(0, 0, 0, 0, 0, 4, 6, 6, 4, 6, 2, 0)
9616	(0, 0, 0, 0, 0, 4, 6, 6, 3, 6, 3, 0)
9617	(0, 0, 0, 0, 0, 4, 6, 4, 6, 6, 2, 0)
9618	(0, 0, 0, 0, 0, 4, 6, 3, 6, 6, 3, 0)
9619	(0, 0, 0, 0, 0, 4, 4, 6, 6, 6, 2, 0)
9620	(0, 0, 0, 0, 0, 4, 3, 6, 6, 6, 3, 0)
9621	(0, 0, 0, 0, 0, 3, 6, 5, 5, 7, 2, 0)
9622	(0, 0, 0, 0, 0, 3, 5, 6, 5, 7, 2, 0)
9623	(0, 0, 0, 0, 0, 3, 5, 5, 6, 7, 2, 0)
9624	(0, 0, 0, 0, 0, 2, 6, 6, 5, 7, 2, 0)
9625	(0, 0, 0, 0, 0, 2, 6, 5, 6, 7, 2, 0)
9626	(0, 0, 0, 0, 0, 2, 5, 6, 6, 7, 2, 0)
9627	(0, 0, 0, 0, 0, 3, 6, 6, 4, 6, 3, 0)
9628	(0, 0, 0, 0, 0, 3, 6, 6, 3, 6, 4, 0)
9629	(0, 0, 0, 0, 0, 3, 6, 4, 6, 6, 3, 0)
9630	(0, 0, 0, 0, 0, 3, 6, 3, 6, 6, 4, 0)
9631	(0, 0, 0, 0, 0, 3, 4, 6, 6, 6, 3, 0)
9632	(0, 0, 0, 0, 0, 3, 3, 6, 6, 6, 4, 0)
9633	(0, 0, 0, 0, 0, 1, 6, 6, 6, 6, 3, 0)
9634	(0, 0, 0, 1, 0, 5, 5, 5, 2, 7, 0, 1)
9635	(0, 0, 0, 1, 0, 6, 5, 5, 1, 6, 1, 1)
9636	(0, 0, 0, 1, 0, 5, 6, 5, 1, 6, 1, 1)
9637	(0, 0, 0, 1, 0, 5, 5, 6, 1, 6, 1, 1)
9638	(0, 0, 0, 1, 0, 5, 5, 5, 1, 6, 0, 2)
9639	(0, 0, 0, 1, 0, 5, 5, 4, 4, 6, 0, 1)
9640	(0, 0, 0, 1, 0, 6, 5, 4, 2, 6, 1, 1)
9641	(0, 0, 0, 1, 0, 5, 6, 4, 2, 6, 1, 1)
9642	(0, 0, 0, 1, 0, 5, 5, 4, 3, 6, 1, 1)
9643	(0, 0, 0, 1, 0, 5, 5, 4, 2, 6, 0, 2)
9644	(0, 0, 0, 1, 0, 6, 6, 4, 1, 5, 2, 1)
9645	(0, 0, 0, 1, 0, 6, 5, 4, 1, 5, 1, 2)
9646	(0, 0, 0, 1, 0, 5, 6, 4, 1, 5, 1, 2)
9647	(0, 0, 0, 1, 0, 5, 5, 2, 5, 7, 0, 1)
9648	(0, 0, 0, 1, 0, 6, 5, 2, 4, 6, 1, 1)
9649	(0, 0, 0, 1, 0, 5, 6, 2, 4, 6, 1, 1)
9650	(0, 0, 0, 1, 0, 5, 5, 3, 4, 6, 1, 1)
9651	(0, 0, 0, 1, 0, 5, 5, 2, 4, 6, 0, 2)
9652	(0, 0, 0, 1, 0, 6, 6, 2, 2, 6, 2, 1)
9653	(0, 0, 0, 1, 0, 6, 5, 3, 2, 6, 2, 1)
9654	(0, 0, 0, 1, 0, 6, 5, 2, 3, 6, 2, 1)
9655	(0, 0, 0, 1, 0, 6, 5, 2, 2, 6, 1, 2)
9656	(0, 0, 0, 1, 0, 5, 6, 3, 2, 6, 2, 1)
9657	(0, 0, 0, 1, 0, 5, 6, 2, 3, 6, 2, 1)
9658	(0, 0, 0, 1, 0, 5, 6, 2, 2, 6, 1, 2)
9659	(0, 0, 0, 1, 0, 5, 5, 3, 3, 6, 2, 1)
9660	(0, 0, 0, 1, 0, 5, 5, 3, 2, 6, 1, 2)
9661	(0, 0, 0, 1, 0, 5, 5, 2, 3, 6, 1, 2)
9662	(0, 0, 0, 1, 0, 6, 6, 3, 1, 5, 3, 1)
9663	(0, 0, 0, 1, 0, 6, 6, 2, 1, 5, 2, 2)
9664	(0, 0, 0, 1, 0, 6, 5, 3, 1, 5, 2, 2)
9665	(0, 0, 0, 1, 0, 5, 6, 3, 1, 5, 2, 2)
9666	(0, 0, 0, 1, 0, 6, 5, 1, 5, 6, 1, 1)
9667	(0, 0, 0, 1, 0, 5, 6, 1, 5, 6, 1, 1)
9668	(0, 0, 0, 1, 0, 5, 5, 1, 6, 6, 1, 1)
9669	(0, 0, 0, 1, 0, 5, 5, 1, 5, 6, 0, 2)
9670	(0, 0, 0, 1, 0, 6, 6, 1, 4, 5, 2, 1)
9671	(0, 0, 0, 1, 0, 6, 5, 1, 4, 5, 1, 2)
9672	(0, 0, 0, 1, 0, 5, 6, 1, 4, 5, 1, 2)
9673	(0, 0, 0, 1, 0, 6, 6, 1, 3, 5, 3, 1)
9674	(0, 0, 0, 1, 0, 6, 6, 1, 2, 5, 2, 2)
9675	(0, 0, 0, 1, 0, 6, 5, 1, 3, 5, 2, 2)
9676	(0, 0, 0, 1, 0, 5, 6, 1, 3, 5, 2, 2)
9677	(0, 0, 0, 1, 0, 5, 4, 5, 4, 6, 0, 1)
9678	(0, 0, 0, 1, 0, 6, 4, 5, 2, 6, 1, 1)
9679	(0, 0, 0, 1, 0, 5, 4, 6, 2, 6, 1, 1)
9680	(0, 0, 0, 1, 0, 5, 4, 5, 3, 6, 1, 1)
9681	(0, 0, 0, 1, 0, 5, 4, 5, 2, 6, 0, 2)
9682	(0, 0, 0, 1, 0, 6, 4, 6, 1, 5, 2, 1)
9683	(0, 0, 0, 1, 0, 6, 4, 5, 1, 5, 1, 2)
9684	(0, 0, 0, 1, 0, 5, 4, 6, 1, 5, 1, 2)
9685	(0, 0, 0, 1, 0, 5, 4, 4, 5, 6, 0, 1)
9686	(0, 0, 0, 1, 0, 6, 4, 4, 4, 5, 1, 1)
9687	(0, 0, 0, 1, 0, 5, 4, 4, 4, 5, 0, 2)
9688	(0, 0, 0, 1, 0, 6, 4, 4, 3, 5, 2, 1)
9689	(0, 0, 0, 1, 0, 6, 4, 4, 2, 5, 1, 2)
9690	(0, 0, 0, 1, 0, 5, 4, 4, 3, 5, 1, 2)
9691	(0, 0, 0, 1, 0, 6, 4, 2, 5, 6, 1, 1)
9692	(0, 0, 0, 1, 0, 5, 4, 3, 5, 6, 1, 1)
9693	(0, 0, 0, 1, 0, 5, 4, 2, 6, 6, 1, 1)
9694	(0, 0, 0, 1, 0, 5, 4, 2, 5, 6, 0, 2)
9695	(0, 0, 0, 1, 0, 6, 4, 3, 4, 5, 2, 1)
9696	(0, 0, 0, 1, 0, 6, 4, 2, 4, 5, 1, 2)
9697	(0, 0, 0, 1, 0, 5, 4, 3, 4, 5, 1, 2)
9698	(0, 0, 0, 1, 0, 6, 4, 3, 3, 5, 3, 1)
9699	(0, 0, 0, 1, 0, 6, 4, 3, 2, 5, 2, 2)
9700	(0, 0, 0, 1, 0, 6, 4, 2, 3, 5, 2, 2)
9701	(0, 0, 0, 1, 0, 5, 4, 3, 3, 5, 2, 2)
9702	(0, 0, 0, 1, 0, 6, 4, 1, 6, 5, 2, 1)
9703	(0, 0, 0, 1, 0, 6, 4, 1, 5, 5, 1, 2)
9704	(0, 0, 0, 1, 0, 5, 4, 1, 6, 5, 1, 2)
9705	(0, 0, 0, 1, 0, 5, 2, 5, 5, 7, 0, 1)
9706	(0, 0, 0, 1, 0, 6, 2, 5, 4, 6, 1, 1)
9707	(0, 0, 0, 1, 0, 5, 3, 5, 4, 6, 1, 1)
9708	(0, 0, 0, 1, 0, 5, 2, 6, 4, 6, 1, 1)
9709	(0, 0, 0, 1, 0, 5, 2, 5, 4, 6, 0, 2)
9710	(0, 0, 0, 1, 0, 6, 3, 5, 2, 6, 2, 1)
9711	(0, 0, 0, 1, 0, 6, 2, 6, 2, 6, 2, 1)
9712	(0, 0, 0, 1, 0, 6, 2, 5, 3, 6, 2, 1)
9713	(0, 0, 0, 1, 0, 6, 2, 5, 2, 6, 1, 2)
9714	(0, 0, 0, 1, 0, 5, 3, 6, 2, 6, 2, 1)
9715	(0, 0, 0, 1, 0, 5, 3, 5, 3, 6, 2, 1)
9716	(0, 0, 0, 1, 0, 5, 3, 5, 2, 6, 1, 2)
9717	(0, 0, 0, 1, 0, 5, 2, 6, 3, 6, 2, 1)
9718	(0, 0, 0, 1, 0, 5, 2, 6, 2, 6, 1, 2)
9719	(0, 0, 0, 1, 0, 5, 2, 5, 3, 6, 1, 2)
9720	(0, 0, 0, 1, 0, 6, 3, 6, 1, 5, 3, 1)
9721	(0, 0, 0, 1, 0, 6, 3, 5, 1, 5, 2, 2)
9722	(0, 0, 0, 1, 0, 6, 2, 6, 1, 5, 2, 2)
9723	(0, 0, 0, 1, 0, 5, 3, 6, 1, 5, 2, 2)
9724	(0, 0, 0, 1, 0, 6, 2, 4, 5, 6, 1, 1)
9725	(0, 0, 0, 1, 0, 5, 3, 4, 5, 6, 1, 1)
9726	(0, 0, 0, 1, 0, 5, 2, 4, 6, 6, 1, 1)
9727	(0, 0, 0, 1, 0, 5, 2, 4, 5, 6, 0, 2)
9728	(0, 0, 0, 1, 0, 6, 3, 4, 4, 5, 2, 1)
9729	(0, 0, 0, 1, 0, 6, 2, 4, 4, 5, 1, 2)
9730	(0, 0, 0, 1, 0, 5, 3, 4, 4, 5, 1, 2)
9731	(0, 0, 0, 1, 0, 6, 3, 4, 3, 5, 3, 1)
9732	(0, 0, 0, 1, 0, 6, 3, 4, 2, 5, 2, 2)
9733	(0, 0, 0, 1, 0, 6, 2, 4, 3, 5, 2, 2)
9734	(0, 0, 0, 1, 0, 5, 3, 4, 3, 5, 2, 2)
9735	(0, 0, 0, 1, 0, 6, 3, 2, 5, 6, 2, 1)
9736	(0, 0, 0, 1, 0, 6, 2, 3, 5, 6, 2, 1)
9737	(0, 0, 0, 1, 0, 6, 2, 2, 6, 6, 2, 1)
9738	(0, 0, 0, 1, 0, 6, 2, 2, 5, 6, 1, 2)
9739	(0, 0, 0, 1, 0, 5, 3, 3, 5, 6, 2, 1)
9740	(0, 0, 0, 1, 0, 5, 3, 2, 6, 6, 2, 1)
9741	(0, 0, 0, 1, 0, 5, 3, 2, 5, 6, 1, 2)
9742	(0, 0, 0, 1, 0, 5, 2, 3, 6, 6, 2, 1)
9743	(0, 0, 0, 1, 0, 5, 2, 3, 5, 6, 1, 2)
9744	(0, 0, 0, 1, 0, 5, 2, 2, 6, 6, 1, 2)
9745	(0, 0, 0, 1, 0, 6, 3, 3, 4, 5, 3, 1)
9746	(0, 0, 0, 1, 0, 6, 3, 2, 4, 5, 2, 2)
9747	(0, 0, 0, 1, 0, 6, 2, 3, 4, 5, 2, 2)
9748	(0, 0, 0, 1, 0, 5, 3, 3, 4, 5, 2, 2)
9749	(0, 0, 0, 1, 0, 6, 3, 3, 3, 5, 4, 1)
9750	(0, 0, 0, 1, 0, 6, 3, 3, 2, 5, 3, 2)
9751	(0, 0, 0, 1, 0, 6, 3, 2, 3, 5, 3, 2)
9752	(0, 0, 0, 1, 0, 6, 2, 3, 3, 5, 3, 2)
9753	(0, 0, 0, 1, 0, 5, 3, 3, 3, 5, 3, 2)
9754	(0, 0, 0, 1, 0, 6, 3, 1, 6, 5, 3, 1)
9755	(0, 0, 0, 1, 0, 6, 3, 1, 5, 5, 2, 2)
9756	(0, 0, 0, 1, 0, 6, 2, 1, 6, 5, 2, 2)
9757	(0, 0, 0, 1, 0, 5, 3, 1, 6, 5, 2, 2)
9758	(0, 0, 0, 1, 0, 6, 1, 5, 5, 6, 1, 1)
9759	(0, 0, 0, 1, 0, 5, 1, 6, 5, 6, 1, 1)
9760	(0, 0, 0, 1, 0, 5, 1, 5, 6, 6, 1, 1)
9761	(0, 0, 0, 1, 0, 5, 1, 5, 5, 6, 0, 2)
9762	(0, 0, 0, 1, 0, 6, 1, 6, 4, 5, 2, 1)
9763	(0, 0, 0, 1, 0, 6, 1, 5, 4, 5, 1, 2)
9764	(0, 0, 0, 1, 0, 5, 1, 6, 4, 5, 1, 2)
9765	(0, 0, 0, 1, 0, 6, 1, 6, 3, 5, 3, 1)
9766	(0, 0, 0, 1, 0, 6, 1, 6, 2, 5, 2, 2)
9767	(0, 0, 0, 1, 0, 6, 1, 5, 3, 5, 2, 2)
9768	(0, 0, 0, 1, 0, 5, 1, 6, 3, 5, 2, 2)
9769	(0, 0, 0, 1, 0, 6, 1, 4, 6, 5, 2, 1)
9770	(0, 0, 0, 1, 0, 6, 1, 4, 5, 5, 1, 2)
9771	(0, 0, 0, 1, 0, 5, 1, 4, 6, 5, 1, 2)
9772	(0, 0, 0, 1, 0, 6, 1, 3, 6, 5, 3, 1)
9773	(0, 0, 0, 1, 0, 6, 1, 3, 5, 5, 2, 2)
9774	(0, 0, 0, 1, 0, 6, 1, 2, 6, 5, 2, 2)
9775	(0, 0, 0, 1, 0, 5, 1, 3, 6, 5, 2, 2)
9776	(0, 0, 0, 1, 0, 4, 5, 5, 4, 6, 0, 1)
9777	(0, 0, 0, 1, 0, 4, 6, 5, 2, 6, 1, 1)
9778	(0, 0, 0, 1, 0, 4, 5, 6, 2, 6, 1, 1)
9779	(0, 0, 0, 1, 0, 4, 5, 5, 3, 6, 1, 1)
9780	(0, 0, 0, 1, 0, 4, 5, 5, 2, 6, 0, 2)
9781	(0, 0, 0, 1, 0, 4, 6, 6, 1, 5, 2, 1)
9782	(0, 0, 0, 1, 0, 4, 6, 5, 1, 5, 1, 2)
9783	(0, 0, 0, 1, 0, 4, 5, 6, 1, 5, 1, 2)
9784	(0, 0, 0, 1, 0, 4, 5, 4, 5, 6, 0, 1)
9785	(0, 0, 0, 1, 0, 4, 6, 4, 4, 5, 1, 1)
9786	(0, 0, 0, 1, 0, 4, 5, 4, 4, 5, 0, 2)
9787	(0, 0, 0, 1, 0, 4, 6, 4, 3, 5, 2, 1)
9788	(0, 0, 0, 1, 0, 4, 6, 4, 2, 5, 1, 2)
9789	(0, 0, 0, 1, 0, 4, 5, 4, 3, 5, 1, 2)
9790	(0, 0, 0, 1, 0, 4, 6, 2, 5, 6, 1, 1)
9791	(0, 0, 0, 1, 0, 4, 5, 3, 5, 6, 1, 1)
9792	(0, 0, 0, 1, 0, 4, 5, 2, 6, 6, 1, 1)
9793	(0, 0, 0, 1, 0, 4, 5, 2, 5, 6, 0, 2)
9794	(0, 0, 0, 1, 0, 4, 6, 3, 4, 5, 2, 1)
9795	(0, 0, 0, 1, 0, 4, 6, 2, 4, 5, 1, 2)
9796	(0, 0, 0, 1, 0, 4, 5, 3, 4, 5, 1, 2)
9797	(0, 0, 0, 1, 0, 4, 6, 3, 3, 5, 3, 1)
9798	(0, 0, 0, 1, 0, 4, 6, 3, 2, 5, 2, 2)
9799	(0, 0, 0, 1, 0, 4, 6, 2, 3, 5, 2, 2)
9800	(0, 0, 0, 1, 0, 4, 5, 3, 3, 5, 2, 2)
9801	(0, 0, 0, 1, 0, 4, 6, 1, 6, 5, 2, 1)
9802	(0, 0, 0, 1, 0, 4, 6, 1, 5, 5, 1, 2)
9803	(0, 0, 0, 1, 0, 4, 5, 1, 6, 5, 1, 2)
9804	(0, 0, 0, 1, 0, 4, 4, 5, 5, 6, 0, 1)
9805	(0, 0, 0, 1, 0, 4, 4, 6, 4, 5, 1, 1)
9806	(0, 0, 0, 1, 0, 4, 4, 5, 4, 5, 0, 2)
9807	(0, 0, 0, 1, 0, 4, 4, 6, 3, 5, 2, 1)
9808	(0, 0, 0, 1, 0, 4, 4, 6, 2, 5, 1, 2)
9809	(0, 0, 0, 1, 0, 4, 4, 5, 3, 5, 1, 2)
9810	(0, 0, 0, 1, 0, 4, 4, 4, 6, 5, 1, 1)
9811	(0, 0, 0, 1, 0, 4, 4, 4, 5, 5, 0, 2)
9812	(0, 0, 0, 1, 0, 4, 4, 3, 6, 5, 2, 1)
9813	(0, 0, 0, 1, 0, 4, 4, 3, 5, 5, 1, 2)
9814	(0, 0, 0, 1, 0, 4, 4, 2, 6, 5, 1, 2)
9815	(0, 0, 0, 1, 0, 4, 3, 5, 5, 6, 1, 1)
9816	(0, 0, 0, 1, 0, 4, 2, 6, 5, 6, 1, 1)
9817	(0, 0, 0, 1, 0, 4, 2, 5, 6, 6, 1, 1)
9818	(0, 0, 0, 1, 0, 4, 2, 5, 5, 6, 0, 2)
9819	(0, 0, 0, 1, 0, 4, 3, 6, 4, 5, 2, 1)
9820	(0, 0, 0, 1, 0, 4, 3, 5, 4, 5, 1, 2)
9821	(0, 0, 0, 1, 0, 4, 2, 6, 4, 5, 1, 2)
9822	(0, 0, 0, 1, 0, 4, 3, 6, 3, 5, 3, 1)
9823	(0, 0, 0, 1, 0, 4, 3, 6, 2, 5, 2, 2)
9824	(0, 0, 0, 1, 0, 4, 3, 5, 3, 5, 2, 2)
9825	(0, 0, 0, 1, 0, 4, 2, 6, 3, 5, 2, 2)
9826	(0, 0, 0, 1, 0, 4, 3, 4, 6, 5, 2, 1)
9827	(0, 0, 0, 1, 0, 4, 3, 4, 5, 5, 1, 2)
9828	(0, 0, 0, 1, 0, 4, 2, 4, 6, 5, 1, 2)
9829	(0, 0, 0, 1, 0, 4, 3, 3, 6, 5, 3, 1)
9830	(0, 0, 0, 1, 0, 4, 3, 3, 5, 5, 2, 2)
9831	(0, 0, 0, 1, 0, 4, 3, 2, 6, 5, 2, 2)
9832	(0, 0, 0, 1, 0, 4, 2, 3, 6, 5, 2, 2)
9833	(0, 0, 0, 1, 0, 4, 1, 6, 6, 5, 2, 1)
9834	(0, 0, 0, 1, 0, 4, 1, 6, 5, 5, 1, 2)
9835	(0, 0, 0, 1, 0, 4, 1, 5, 6, 5, 1, 2)
9836	(0, 0, 0, 1, 0, 2, 5, 5, 5, 7, 0, 1)
9837	(0, 0, 0, 1, 0, 3, 5, 5, 4, 6, 1, 1)
9838	(0, 0, 0, 1, 0, 2, 6, 5, 4, 6, 1, 1)
9839	(0, 0, 0, 1, 0, 2, 5, 6, 4, 6, 1, 1)
9840	(0, 0, 0, 1, 0, 2, 5, 5, 4, 6, 0, 2)
9841	(0, 0, 0, 1, 0, 3, 6, 5, 2, 6, 2, 1)
9842	(0, 0, 0, 1, 0, 3, 5, 6, 2, 6, 2, 1)
9843	(0, 0, 0, 1, 0, 3, 5, 5, 3, 6, 2, 1)
9844	(0, 0, 0, 1, 0, 3, 5, 5, 2, 6, 1, 2)
9845	(0, 0, 0, 1, 0, 2, 6, 6, 2, 6, 2, 1)
9846	(0, 0, 0, 1, 0, 2, 6, 5, 3, 6, 2, 1)
9847	(0, 0, 0, 1, 0, 2, 6, 5, 2, 6, 1, 2)
9848	(0, 0, 0, 1, 0, 2, 5, 6, 3, 6, 2, 1)
9849	(0, 0, 0, 1, 0, 2, 5, 6, 2, 6, 1, 2)
9850	(0, 0, 0, 1, 0, 2, 5, 5, 3, 6, 1, 2)
9851	(0, 0, 0, 1, 0, 3, 6, 6, 1, 5, 3, 1)
9852	(0, 0, 0, 1, 0, 3, 6, 5, 1, 5, 2, 2)
9853	(0, 0, 0, 1, 0, 3, 5, 6, 1, 5, 2, 2)
9854	(0, 0, 0, 1, 0, 2, 6, 6, 1, 5, 2, 2)
9855	(0, 0, 0, 1, 0, 3, 5, 4, 5, 6, 1, 1)
9856	(0, 0, 0, 1, 0, 2, 6, 4, 5, 6, 1, 1)
9857	(0, 0, 0, 1, 0, 2, 5, 4, 6, 6, 1, 1)
9858	(0, 0, 0, 1, 0, 2, 5, 4, 5, 6, 0, 2)
9859	(0, 0, 0, 1, 0, 3, 6, 4, 4, 5, 2, 1)
9860	(0, 0, 0, 1, 0, 3, 5, 4, 4, 5, 1, 2)
9861	(0, 0, 0, 1, 0, 2, 6, 4, 4, 5, 1, 2)
9862	(0, 0, 0, 1, 0, 3, 6, 4, 3, 5, 3, 1)
9863	(0, 0, 0, 1, 0, 3, 6, 4, 2, 5, 2, 2)
9864	(0, 0, 0, 1, 0, 3, 5, 4, 3, 5, 2, 2)
9865	(0, 0, 0, 1, 0, 2, 6, 4, 3, 5, 2, 2)
9866	(0, 0, 0, 1, 0, 3, 6, 2, 5, 6, 2, 1)
9867	(0, 0, 0, 1, 0, 3, 5, 3, 5, 6, 2, 1)
9868	(0, 0, 0, 1, 0, 3, 5, 2, 6, 6, 2, 1)
9869	(0, 0, 0, 1, 0, 3, 5, 2, 5, 6, 1, 2)
9870	(0, 0, 0, 1, 0, 2, 6, 3, 5, 6, 2, 1)
9871	(0, 0, 0, 1, 0, 2, 6, 2, 6, 6, 2, 1)
9872	(0, 0, 0, 1, 0, 2, 6, 2, 5, 6, 1, 2)
9873	(0, 0, 0, 1, 0, 2, 5, 3, 6, 6, 2, 1)
9874	(0, 0, 0, 1, 0, 2, 5, 3, 5, 6, 1, 2)
9875	(0, 0, 0, 1, 0, 2, 5, 2, 6, 6, 1, 2)
9876	(0, 0, 0, 1, 0, 3, 6, 3, 4, 5, 3, 1)
9877	(0, 0, 0, 1, 0, 3, 6, 2, 4, 5, 2, 2)
9878	(0, 0, 0, 1, 0, 3, 5, 3, 4, 5, 2, 2)
9879	(0, 0, 0, 1, 0, 2, 6, 3, 4, 5, 2, 2)
9880	(0, 0, 0, 1, 0, 3, 6, 3, 3, 5, 4, 1)
9881	(0, 0, 0, 1, 0, 3, 6, 3, 2, 5, 3, 2)
9882	(0, 0, 0, 1, 0, 3, 6, 2, 3, 5, 3, 2)
9883	(0, 0, 0, 1, 0, 3, 5, 3, 3, 5, 3, 2)
9884	(0, 0, 0, 1, 0, 2, 6, 3, 3, 5, 3, 2)
9885	(0, 0, 0, 1, 0, 3, 6, 1, 6, 5, 3, 1)
9886	(0, 0, 0, 1, 0, 3, 6, 1, 5, 5, 2, 2)
9887	(0, 0, 0, 1, 0, 3, 5, 1, 6, 5, 2, 2)
9888	(0, 0, 0, 1, 0, 2, 6, 1, 6, 5, 2, 2)
9889	(0, 0, 0, 1, 0, 3, 4, 5, 5, 6, 1, 1)
9890	(0, 0, 0, 1, 0, 2, 4, 6, 5, 6, 1, 1)
9891	(0, 0, 0, 1, 0, 2, 4, 5, 6, 6, 1, 1)
9892	(0, 0, 0, 1, 0, 2, 4, 5, 5, 6, 0, 2)
9893	(0, 0, 0, 1, 0, 3, 4, 6, 4, 5, 2, 1)
9894	(0, 0, 0, 1, 0, 3, 4, 5, 4, 5, 1, 2)
9895	(0, 0, 0, 1, 0, 2, 4, 6, 4, 5, 1, 2)
9896	(0, 0, 0, 1, 0, 3, 4, 6, 3, 5, 3, 1)
9897	(0, 0, 0, 1, 0, 3, 4, 6, 2, 5, 2, 2)
9898	(0, 0, 0, 1, 0, 3, 4, 5, 3, 5, 2, 2)
9899	(0, 0, 0, 1, 0, 2, 4, 6, 3, 5, 2, 2)
9900	(0, 0, 0, 1, 0, 3, 4, 4, 6, 5, 2, 1)
9901	(0, 0, 0, 1, 0, 3, 4, 4, 5, 5, 1, 2)
9902	(0, 0, 0, 1, 0, 2, 4, 4, 6, 5, 1, 2)
9903	(0, 0, 0, 1, 0, 3, 4, 3, 6, 5, 3, 1)
9904	(0, 0, 0, 1, 0, 3, 4, 3, 5, 5, 2, 2)
9905	(0, 0, 0, 1, 0, 3, 4, 2, 6, 5, 2, 2)
9906	(0, 0, 0, 1, 0, 2, 4, 3, 6, 5, 2, 2)
9907	(0, 0, 0, 1, 0, 3, 3, 5, 5, 6, 2, 1)
9908	(0, 0, 0, 1, 0, 3, 2, 6, 5, 6, 2, 1)
9909	(0, 0, 0, 1, 0, 3, 2, 5, 6, 6, 2, 1)
9910	(0, 0, 0, 1, 0, 3, 2, 5, 5, 6, 1, 2)
9911	(0, 0, 0, 1, 0, 2, 3, 6, 5, 6, 2, 1)
9912	(0, 0, 0, 1, 0, 2, 3, 5, 6, 6, 2, 1)
9913	(0, 0, 0, 1, 0, 2, 3, 5, 5, 6, 1, 2)
9914	(0, 0, 0, 1, 0, 2, 2, 6, 6, 6, 2, 1)
9915	(0, 0, 0, 1, 0, 2, 2, 6, 5, 6, 1, 2)
9916	(0, 0, 0, 1, 0, 2, 2, 5, 6, 6, 1, 2)
9917	(0, 0, 0, 1, 0, 3, 3, 6, 4, 5, 3, 1)
9918	(0, 0, 0, 1, 0, 3, 3, 5, 4, 5, 2, 2)
9919	(0, 0, 0, 1, 0, 3, 2, 6, 4, 5, 2, 2)
9920	(0, 0, 0, 1, 0, 2, 3, 6, 4, 5, 2, 2)
9921	(0, 0, 0, 1, 0, 3, 3, 6, 3, 5, 4, 1)
9922	(0, 0, 0, 1, 0, 3, 3, 6, 2, 5, 3, 2)
9923	(0, 0, 0, 1, 0, 3, 3, 5, 3, 5, 3, 2)
9924	(0, 0, 0, 1, 0, 3, 2, 6, 3, 5, 3, 2)
9925	(0, 0, 0, 1, 0, 2, 3, 6, 3, 5, 3, 2)
9926	(0, 0, 0, 1, 0, 3, 3, 4, 6, 5, 3, 1)
9927	(0, 0, 0, 1, 0, 3, 3, 4, 5, 5, 2, 2)
9928	(0, 0, 0, 1, 0, 3, 2, 4, 6, 5, 2, 2)
9929	(0, 0, 0, 1, 0, 2, 3, 4, 6, 5, 2, 2)
9930	(0, 0, 0, 1, 0, 3, 3, 3, 6, 5, 4, 1)
9931	(0, 0, 0, 1, 0, 3, 3, 3, 5, 5, 3, 2)
9932	(0, 0, 0, 1, 0, 3, 3, 2, 6, 5, 3, 2)
9933	(0, 0, 0, 1, 0, 3, 2, 3, 6, 5, 3, 2)
9934	(0, 0, 0, 1, 0, 2, 3, 3, 6, 5, 3, 2)
9935	(0, 0, 0, 1, 0, 3, 1, 6, 6, 5, 3, 1)
9936	(0, 0, 0, 1, 0, 3, 1, 6, 5, 5, 2, 2)
9937	(0, 0, 0, 1, 0, 3, 1, 5, 6, 5, 2, 2)
9938	(0, 0, 0, 1, 0, 2, 1, 6, 6, 5, 2, 2)
9939	(0, 0, 0, 1, 0, 1, 6, 5, 5, 6, 1, 1)
9940	(0, 0, 0, 1, 0, 1, 5, 6, 5, 6, 1, 1)
9941	(0, 0, 0, 1, 0, 1, 5, 5, 6, 6, 1, 1)
9942	(0, 0, 0, 1, 0, 1, 5, 5, 5, 6, 0, 2)
9943	(0, 0, 0, 1, 0, 1, 6, 6, 4, 5, 2, 1)
9944	(0, 0, 0, 1, 0, 1, 6, 5, 4, 5, 1, 2)
9945	(0, 0, 0, 1, 0, 1, 5, 6, 4, 5, 1, 2)
9946	(0, 0, 0, 1, 0, 1, 6, 6, 3, 5, 3, 1)
9947	(0, 0, 0, 1, 0, 1, 6, 6, 2, 5, 2, 2)
9948	(0, 0, 0, 1, 0, 1, 6, 5, 3, 5, 2, 2)
9949	(0, 0, 0, 1, 0, 1, 5, 6, 3, 5, 2, 2)
9950	(0, 0, 0, 1, 0, 1, 6, 4, 6, 5, 2, 1)
9951	(0, 0, 0, 1, 0, 1, 6, 4, 5, 5, 1, 2)
9952	(0, 0, 0, 1, 0, 1, 5, 4, 6, 5, 1, 2)
9953	(0, 0, 0, 1, 0, 1, 6, 3, 6, 5, 3, 1)
9954	(0, 0, 0, 1, 0, 1, 6, 3, 5, 5, 2, 2)
9955	(0, 0, 0, 1, 0, 1, 6, 2, 6, 5, 2, 2)
9956	(0, 0, 0, 1, 0, 1, 5, 3, 6, 5, 2, 2)
9957	(0, 0, 0, 1, 0, 1, 4, 6, 6, 5, 2, 1)
9958	(0, 0, 0, 1, 0, 1, 4, 6, 5, 5, 1, 2)
9959	(0, 0, 0, 1, 0, 1, 4, 5, 6, 5, 1, 2)
9960	(0, 0, 0, 1, 0, 1, 3, 6, 6, 5, 3, 1)
9961	(0, 0, 0, 1, 0, 1, 3, 6, 5, 5, 2, 2)
9962	(0, 0, 0, 1, 0, 1, 3, 5, 6, 5, 2, 2)
9963	(0, 0, 0, 1, 0, 1, 2, 6, 6, 5, 2, 2)
9964	(0, 0, 0, 1, 0, 0, 6, 6, 5, 6, 2, 1)
9965	(0, 0, 0, 1, 0, 0, 6, 5, 6, 6, 2, 1)
9966	(0, 0, 0, 1, 0, 0, 6, 5, 5, 6, 1, 2)
9967	(0, 0, 0, 1, 0, 0, 5, 6, 6, 6, 2, 1)
9968	(0, 0, 0, 1, 0, 0, 5, 6, 5, 6, 1, 2)
9969	(0, 0, 0, 1, 0, 0, 5, 5, 6, 6, 1, 2)
9970	(0, 0, 0, 1, 0, 0, 6, 6, 4, 5, 2, 2)
9971	(0, 0, 0, 1, 0, 0, 6, 6, 3, 5, 3, 2)
9972	(0, 0, 0, 1, 0, 0, 6, 4, 6, 5, 2, 2)
9973	(0, 0, 0, 1, 0, 0, 6, 3, 6, 5, 3, 2)
9974	(0, 0, 0, 1, 0, 0, 4, 6, 6, 5, 2, 2)
9975	(0, 0, 0, 1, 0, 0, 3, 6, 6, 5, 3, 2)
9976	(0, 0, 0, 1, 0, 6, 6, 0, 5, 6, 2, 1)
9977	(0, 0, 0, 1, 0, 6, 5, 0, 6, 6, 2, 1)
9978	(0, 0, 0, 1, 0, 6, 5, 0, 5, 6, 1, 2)
9979	(0, 0, 0, 1, 0, 5, 6, 0, 6, 6, 2, 1)
9980	(0, 0, 0, 1, 0, 5, 6, 0, 5, 6, 1, 2)
9981	(0, 0, 0, 1, 0, 5, 5, 0, 6, 6, 1, 2)
9982	(0, 0, 0, 1, 0, 6, 6, 0, 4, 5, 2, 2)
9983	(0, 0, 0, 1, 0, 6, 6, 0, 3, 5, 3, 2)
9984	(0, 0, 0, 1, 0, 6, 4, 0, 6, 5, 2, 2)
9985	(0, 0, 0, 1, 0, 6, 3, 0, 6, 5, 3, 2)
9986	(0, 0, 0, 1, 0, 4, 6, 0, 6, 5, 2, 2)
9987	(0, 0, 0, 1, 0, 3, 6, 0, 6, 5, 3, 2)
9988	(0, 0, 0, 0, 0, 5, 5, 5, 4, 7, 0, 1)
9989	(0, 0, 0, 0, 0, 6, 5, 5, 2, 7, 1, 1)
9990	(0, 0, 0, 0, 0, 5, 6, 5, 2, 7, 1, 1)
9991	(0, 0, 0, 0, 0, 5, 5, 6, 2, 7, 1, 1)
9992	(0, 0, 0, 0, 0, 5, 5, 5, 3, 7, 1, 1)
9993	(0, 0, 0, 0, 0, 5, 5, 5, 2, 7, 0, 2)
9994	(0, 0, 0, 0, 0, 6, 6, 5, 1, 6, 2, 1)
9995	(0, 0, 0, 0, 0, 6, 5, 6, 1, 6, 2, 1)
9996	(0, 0, 0, 0, 0, 6, 5, 5, 1, 6, 1, 2)
9997	(0, 0, 0, 0, 0, 5, 6, 6, 1, 6, 2, 1)
9998	(0, 0, 0, 0, 0, 5, 6, 5, 1, 6, 1, 2)
9999	(0, 0, 0, 0, 0, 5, 5, 6, 1, 6, 1, 2)
10000	(0, 0, 0, 0, 0, 5, 5, 4, 5, 7, 0, 1)
10001	(0, 0, 0, 0, 0, 6, 5, 4, 4, 6, 1, 1)
10002	(0, 0, 0, 0, 0, 5, 6, 4, 4, 6, 1, 1)
10003	(0, 0, 0, 0, 0, 5, 5, 4, 4, 6, 0, 2)
10004	(0, 0, 0, 0, 0, 6, 6, 4, 2, 6, 2, 1)
10005	(0, 0, 0, 0, 0, 6, 5, 4, 3, 6, 2, 1)
10006	(0, 0, 0, 0, 0, 6, 5, 4, 2, 6, 1, 2)
10007	(0, 0, 0, 0, 0, 5, 6, 4, 3, 6, 2, 1)
10008	(0, 0, 0, 0, 0, 5, 6, 4, 2, 6, 1, 2)
10009	(0, 0, 0, 0, 0, 5, 5, 4, 3, 6, 1, 2)
10010	(0, 0, 0, 0, 0, 6, 6, 4, 1, 5, 2, 2)
10011	(0, 0, 0, 0, 0, 6, 5, 2, 5, 7, 1, 1)
10012	(0, 0, 0, 0, 0, 5, 6, 2, 5, 7, 1, 1)
10013	(0, 0, 0, 0, 0, 5, 5, 3, 5, 7, 1, 1)
10014	(0, 0, 0, 0, 0, 5, 5, 2, 6, 7, 1, 1)
10015	(0, 0, 0, 0, 0, 5, 5, 2, 5, 7, 0, 2)
10016	(0, 0, 0, 0, 0, 6, 6, 2, 4, 6, 2, 1)
10017	(0, 0, 0, 0, 0, 6, 5, 3, 4, 6, 2, 1)
10018	(0, 0, 0, 0, 0, 6, 5, 2, 4, 6, 1, 2)
10019	(0, 0, 0, 0, 0, 5, 6, 3, 4, 6, 2, 1)
10020	(0, 0, 0, 0, 0, 5, 6, 2, 4, 6, 1, 2)
10021	(0, 0, 0, 0, 0, 5, 5, 3, 4, 6, 1, 2)
10022	(0, 0, 0, 0, 0, 6, 6, 3, 2, 6, 3, 1)
10023	(0, 0, 0, 0, 0, 6, 6, 2, 3, 6, 3, 1)
10024	(0, 0, 0, 0, 0, 6, 6, 2, 2, 6, 2, 2)
10025	(0, 0, 0, 0, 0, 6, 5, 3, 3, 6, 3, 1)
10026	(0, 0, 0, 0, 0, 6, 5, 3, 2, 6, 2, 2)
10027	(0, 0, 0, 0, 0, 6, 5, 2, 3, 6, 2, 2)
10028	(0, 0, 0, 0, 0, 5, 6, 3, 3, 6, 3, 1)
10029	(0, 0, 0, 0, 0, 5, 6, 3, 2, 6, 2, 2)
10030	(0, 0, 0, 0, 0, 5, 6, 2, 3, 6, 2, 2)
10031	(0, 0, 0, 0, 0, 5, 5, 3, 3, 6, 2, 2)
10032	(0, 0, 0, 0, 0, 6, 6, 3, 1, 5, 3, 2)
10033	(0, 0, 0, 0, 0, 6, 6, 1, 5, 6, 2, 1)
10034	(0, 0, 0, 0, 0, 6, 5, 1, 6, 6, 2, 1)
10035	(0, 0, 0, 0, 0, 6, 5, 1, 5, 6, 1, 2)
10036	(0, 0, 0, 0, 0, 5, 6, 1, 6, 6, 2, 1)
10037	(0, 0, 0, 0, 0, 5, 6, 1, 5, 6, 1, 2)
10038	(0, 0, 0, 0, 0, 5, 5, 1, 6, 6, 1, 2)
10039	(0, 0, 0, 0, 0, 6, 6, 1, 4, 5, 2, 2)
10040	(0, 0, 0, 0, 0, 6, 6, 1, 3, 5, 3, 2)
10041	(0, 0, 0, 0, 0, 5, 4, 5, 5, 7, 0, 1)
10042	(0, 0, 0, 0, 0, 6, 4, 5, 4, 6, 1, 1)
10043	(0, 0, 0, 0, 0, 5, 4, 6, 4, 6, 1, 1)
10044	(0, 0, 0, 0, 0, 5, 4, 5, 4, 6, 0, 2)
10045	(0, 0, 0, 0, 0, 6, 4, 6, 2, 6, 2, 1)
10046	(0, 0, 0, 0, 0, 6, 4, 5, 3, 6, 2, 1)
10047	(0, 0, 0, 0, 0, 6, 4, 5, 2, 6, 1, 2)
10048	(0, 0, 0, 0, 0, 5, 4, 6, 3, 6, 2, 1)
10049	(0, 0, 0, 0, 0, 5, 4, 6, 2, 6, 1, 2)
10050	(0, 0, 0, 0, 0, 5, 4, 5, 3, 6, 1, 2)
10051	(0, 0, 0, 0, 0, 6, 4, 6, 1, 5, 2, 2)
10052	(0, 0, 0, 0, 0, 6, 4, 4, 5, 6, 1, 1)
10053	(0, 0, 0, 0, 0, 5, 4, 4, 6, 6, 1, 1)
10054	(0, 0, 0, 0, 0, 5, 4, 4, 5, 6, 0, 2)
10055	(0, 0, 0, 0, 0, 6, 4, 4, 4, 5, 1, 2)
10056	(0, 0, 0, 0, 0, 6, 4, 4, 3, 5, 2, 2)
10057	(0, 0, 0, 0, 0, 6, 4, 3, 5, 6, 2, 1)
10058	(0, 0, 0, 0, 0, 6, 4, 2, 6, 6, 2, 1)
10059	(0, 0, 0, 0, 0, 6, 4, 2, 5, 6, 1, 2)
10060	(0, 0, 0, 0, 0, 5, 4, 3, 6, 6, 2, 1)
10061	(0, 0, 0, 0, 0, 5, 4, 3, 5, 6, 1, 2)
10062	(0, 0, 0, 0, 0, 5, 4, 2, 6, 6, 1, 2)
10063	(0, 0, 0, 0, 0, 6, 4, 3, 4, 5, 2, 2)
10064	(0, 0, 0, 0, 0, 6, 4, 3, 3, 5, 3, 2)
10065	(0, 0, 0, 0, 0, 6, 4, 1, 6, 5, 2, 2)
10066	(0, 0, 0, 0, 0, 6, 2, 5, 5, 7, 1, 1)
10067	(0, 0, 0, 0, 0, 5, 3, 5, 5, 7, 1, 1)
10068	(0, 0, 0, 0, 0, 5, 2, 6, 5, 7, 1, 1)
10069	(0, 0, 0, 0, 0, 5, 2, 5, 6, 7, 1, 1)
10070	(0, 0, 0, 0, 0, 5, 2, 5, 5, 7, 0, 2)
10071	(0, 0, 0, 0, 0, 6, 3, 5, 4, 6, 2, 1)
10072	(0, 0, 0, 0, 0, 6, 2, 6, 4, 6, 2, 1)
10073	(0, 0, 0, 0, 0, 6, 2, 5, 4, 6, 1, 2)
10074	(0, 0, 0, 0, 0, 5, 3, 6, 4, 6, 2, 1)
10075	(0, 0, 0, 0, 0, 5, 3, 5, 4, 6, 1, 2)
10076	(0, 0, 0, 0, 0, 5, 2, 6, 4, 6, 1, 2)
10077	(0, 0, 0, 0, 0, 6, 3, 6, 2, 6, 3, 1)
10078	(0, 0, 0, 0, 0, 6, 3, 5, 3, 6, 3, 1)
10079	(0, 0, 0, 0, 0, 6, 3, 5, 2, 6, 2, 2)
10080	(0, 0, 0, 0, 0, 6, 2, 6, 3, 6, 3, 1)
10081	(0, 0, 0, 0, 0, 6, 2, 6, 2, 6, 2, 2)
10082	(0, 0, 0, 0, 0, 6, 2, 5, 3, 6, 2, 2)
10083	(0, 0, 0, 0, 0, 5, 3, 6, 3, 6, 3, 1)
10084	(0, 0, 0, 0, 0, 5, 3, 6, 2, 6, 2, 2)
10085	(0, 0, 0, 0, 0, 5, 3, 5, 3, 6, 2, 2)
10086	(0, 0, 0, 0, 0, 5, 2, 6, 3, 6, 2, 2)
10087	(0, 0, 0, 0, 0, 6, 3, 6, 1, 5, 3, 2)
10088	(0, 0, 0, 0, 0, 6, 3, 4, 5, 6, 2, 1)
10089	(0, 0, 0, 0, 0, 6, 2, 4, 6, 6, 2, 1)
10090	(0, 0, 0, 0, 0, 6, 2, 4, 5, 6, 1, 2)
10091	(0, 0, 0, 0, 0, 5, 3, 4, 6, 6, 2, 1)
10092	(0, 0, 0, 0, 0, 5, 3, 4, 5, 6, 1, 2)
10093	(0, 0, 0, 0, 0, 5, 2, 4, 6, 6, 1, 2)
10094	(0, 0, 0, 0, 0, 6, 3, 4, 4, 5, 2, 2)
10095	(0, 0, 0, 0, 0, 6, 3, 4, 3, 5, 3, 2)
10096	(0, 0, 0, 0, 0, 6, 3, 3, 5, 6, 3, 1)
10097	(0, 0, 0, 0, 0, 6, 3, 2, 6, 6, 3, 1)
10098	(0, 0, 0, 0, 0, 6, 3, 2, 5, 6, 2, 2)
10099	(0, 0, 0, 0, 0, 6, 2, 3, 6, 6, 3, 1)
10100	(0, 0, 0, 0, 0, 6, 2, 3, 5, 6, 2, 2)
10101	(0, 0, 0, 0, 0, 6, 2, 2, 6, 6, 2, 2)
10102	(0, 0, 0, 0, 0, 5, 3, 3, 6, 6, 3, 1)
10103	(0, 0, 0, 0, 0, 5, 3, 3, 5, 6, 2, 2)
10104	(0, 0, 0, 0, 0, 5, 3, 2, 6, 6, 2, 2)
10105	(0, 0, 0, 0, 0, 5, 2, 3, 6, 6, 2, 2)
10106	(0, 0, 0, 0, 0, 6, 3, 3, 4, 5, 3, 2)
10107	(0, 0, 0, 0, 0, 6, 3, 3, 3, 5, 4, 2)
10108	(0, 0, 0, 0, 0, 6, 3, 1, 6, 5, 3, 2)
10109	(0, 0, 0, 0, 0, 6, 1, 6, 5, 6, 2, 1)
10110	(0, 0, 0, 0, 0, 6, 1, 5, 6, 6, 2, 1)
10111	(0, 0, 0, 0, 0, 6, 1, 5, 5, 6, 1, 2)
10112	(0, 0, 0, 0, 0, 5, 1, 6, 6, 6, 2, 1)
10113	(0, 0, 0, 0, 0, 5, 1, 6, 5, 6, 1, 2)
10114	(0, 0, 0, 0, 0, 5, 1, 5, 6, 6, 1, 2)
10115	(0, 0, 0, 0, 0, 6, 1, 6, 4, 5, 2, 2)
10116	(0, 0, 0, 0, 0, 6, 1, 6, 3, 5, 3, 2)
10117	(0, 0, 0, 0, 0, 6, 1, 4, 6, 5, 2, 2)
10118	(0, 0, 0, 0, 0, 6, 1, 3, 6, 5, 3, 2)
10119	(0, 0, 0, 0, 0, 4, 5, 5, 5, 7, 0, 1)
10120	(0, 0, 0, 0, 0, 4, 6, 5, 4, 6, 1, 1)
10121	(0, 0, 0, 0, 0, 4, 5, 6, 4, 6, 1, 1)
10122	(0, 0, 0, 0, 0, 4, 5, 5, 4, 6, 0, 2)
10123	(0, 0, 0, 0, 0, 4, 6, 6, 2, 6, 2, 1)
10124	(0, 0, 0, 0, 0, 4, 6, 5, 3, 6, 2, 1)
10125	(0, 0, 0, 0, 0, 4, 6, 5, 2, 6, 1, 2)
10126	(0, 0, 0, 0, 0, 4, 5, 6, 3, 6, 2, 1)
10127	(0, 0, 0, 0, 0, 4, 5, 6, 2, 6, 1, 2)
10128	(0, 0, 0, 0, 0, 4, 5, 5, 3, 6, 1, 2)
10129	(0, 0, 0, 0, 0, 4, 6, 6, 1, 5, 2, 2)
10130	(0, 0, 0, 0, 0, 4, 6, 4, 5, 6, 1, 1)
10131	(0, 0, 0, 0, 0, 4, 5, 4, 6, 6, 1, 1)
10132	(0, 0, 0, 0, 0, 4, 5, 4, 5, 6, 0, 2)
10133	(0, 0, 0, 0, 0, 4, 6, 4, 4, 5, 1, 2)
10134	(0, 0, 0, 0, 0, 4, 6, 4, 3, 5, 2, 2)
10135	(0, 0, 0, 0, 0, 4, 6, 3, 5, 6, 2, 1)
10136	(0, 0, 0, 0, 0, 4, 6, 2, 6, 6, 2, 1)
10137	(0, 0, 0, 0, 0, 4, 6, 2, 5, 6, 1, 2)
10138	(0, 0, 0, 0, 0, 4, 5, 3, 6, 6, 2, 1)
10139	(0, 0, 0, 0, 0, 4, 5, 3, 5, 6, 1, 2)
10140	(0, 0, 0, 0, 0, 4, 5, 2, 6, 6, 1, 2)
10141	(0, 0, 0, 0, 0, 4, 6, 3, 4, 5, 2, 2)
10142	(0, 0, 0, 0, 0, 4, 6, 3, 3, 5, 3, 2)
10143	(0, 0, 0, 0, 0, 4, 6, 1, 6, 5, 2, 2)
10144	(0, 0, 0, 0, 0, 4, 4, 6, 5, 6, 1, 1)
10145	(0, 0, 0, 0, 0, 4, 4, 5, 6, 6, 1, 1)
10146	(0, 0, 0, 0, 0, 4, 4, 5, 5, 6, 0, 2)
10147	(0, 0, 0, 0, 0, 4, 4, 6, 4, 5, 1, 2)
10148	(0, 0, 0, 0, 0, 4, 4, 6, 3, 5, 2, 2)
10149	(0, 0, 0, 0, 0, 4, 4, 4, 6, 5, 1, 2)
10150	(0, 0, 0, 0, 0, 4, 4, 3, 6, 5, 2, 2)
10151	(0, 0, 0, 0, 0, 4, 3, 6, 5, 6, 2, 1)
10152	(0, 0, 0, 0, 0, 4, 3, 5, 6, 6, 2, 1)
10153	(0, 0, 0, 0, 0, 4, 3, 5, 5, 6, 1, 2)
10154	(0, 0, 0, 0, 0, 4, 2, 6, 6, 6, 2, 1)
10155	(0, 0, 0, 0, 0, 4, 2, 6, 5, 6, 1, 2)
10156	(0, 0, 0, 0, 0, 4, 2, 5, 6, 6, 1, 2)
10157	(0, 0, 0, 0, 0, 4, 3, 6, 4, 5, 2, 2)
10158	(0, 0, 0, 0, 0, 4, 3, 6, 3, 5, 3, 2)
10159	(0, 0, 0, 0, 0, 4, 3, 4, 6, 5, 2, 2)
10160	(0, 0, 0, 0, 0, 4, 3, 3, 6, 5, 3, 2)
10161	(0, 0, 0, 0, 0, 4, 1, 6, 6, 5, 2, 2)
10162	(0, 0, 0, 0, 0, 3, 5, 5, 5, 7, 1, 1)
10163	(0, 0, 0, 0, 0, 2, 6, 5, 5, 7, 1, 1)
10164	(0, 0, 0, 0, 0, 2, 5, 6, 5, 7, 1, 1)
10165	(0, 0, 0, 0, 0, 2, 5, 5, 6, 7, 1, 1)
10166	(0, 0, 0, 0, 0, 2, 5, 5, 5, 7, 0, 2)
10167	(0, 0, 0, 0, 0, 3, 6, 5, 4, 6, 2, 1)
10168	(0, 0, 0, 0, 0, 3, 5, 6, 4, 6, 2, 1)
10169	(0, 0, 0, 0, 0, 3, 5, 5, 4, 6, 1, 2)
10170	(0, 0, 0, 0, 0, 2, 6, 6, 4, 6, 2, 1)
10171	(0, 0, 0, 0, 0, 2, 6, 5, 4, 6, 1, 2)
10172	(0, 0, 0, 0, 0, 2, 5, 6, 4, 6, 1, 2)
10173	(0, 0, 0, 0, 0, 3, 6, 6, 2, 6, 3, 1)
10174	(0, 0, 0, 0, 0, 3, 6, 5, 3, 6, 3, 1)
10175	(0, 0, 0, 0, 0, 3, 6, 5, 2, 6, 2, 2)
10176	(0, 0, 0, 0, 0, 3, 5, 6, 3, 6, 3, 1)
10177	(0, 0, 0, 0, 0, 3, 5, 6, 2, 6, 2, 2)
10178	(0, 0, 0, 0, 0, 3, 5, 5, 3, 6, 2, 2)
10179	(0, 0, 0, 0, 0, 2, 6, 6, 3, 6, 3, 1)
10180	(0, 0, 0, 0, 0, 2, 6, 6, 2, 6, 2, 2)
10181	(0, 0, 0, 0, 0, 2, 6, 5, 3, 6, 2, 2)
10182	(0, 0, 0, 0, 0, 2, 5, 6, 3, 6, 2, 2)
10183	(0, 0, 0, 0, 0, 3, 6, 6, 1, 5, 3, 2)
10184	(0, 0, 0, 0, 0, 3, 6, 4, 5, 6, 2, 1)
10185	(0, 0, 0, 0, 0, 3, 5, 4, 6, 6, 2, 1)
10186	(0, 0, 0, 0, 0, 3, 5, 4, 5, 6, 1, 2)
10187	(0, 0, 0, 0, 0, 2, 6, 4, 6, 6, 2, 1)
10188	(0, 0, 0, 0, 0, 2, 6, 4, 5, 6, 1, 2)
10189	(0, 0, 0, 0, 0, 2, 5, 4, 6, 6, 1, 2)
10190	(0, 0, 0, 0, 0, 3, 6, 4, 4, 5, 2, 2)
10191	(0, 0, 0, 0, 0, 3, 6, 4, 3, 5, 3, 2)
10192	(0, 0, 0, 0, 0, 3, 6, 3, 5, 6, 3, 1)
10193	(0, 0, 0, 0, 0, 3, 6, 2, 6, 6, 3, 1)
10194	(0, 0, 0, 0, 0, 3, 6, 2, 5, 6, 2, 2)
10195	(0, 0, 0, 0, 0, 3, 5, 3, 6, 6, 3, 1)
10196	(0, 0, 0, 0, 0, 3, 5, 3, 5, 6, 2, 2)
10197	(0, 0, 0, 0, 0, 3, 5, 2, 6, 6, 2, 2)
10198	(0, 0, 0, 0, 0, 2, 6, 3, 6, 6, 3, 1)
10199	(0, 0, 0, 0, 0, 2, 6, 3, 5, 6, 2, 2)
10200	(0, 0, 0, 0, 0, 2, 6, 2, 6, 6, 2, 2)
10201	(0, 0, 0, 0, 0, 2, 5, 3, 6, 6, 2, 2)
10202	(0, 0, 0, 0, 0, 3, 6, 3, 4, 5, 3, 2)
10203	(0, 0, 0, 0, 0, 3, 6, 3, 3, 5, 4, 2)
10204	(0, 0, 0, 0, 0, 3, 6, 1, 6, 5, 3, 2)
10205	(0, 0, 0, 0, 0, 3, 4, 6, 5, 6, 2, 1)
10206	(0, 0, 0, 0, 0, 3, 4, 5, 6, 6, 2, 1)
10207	(0, 0, 0, 0, 0, 3, 4, 5, 5, 6, 1, 2)
10208	(0, 0, 0, 0, 0, 2, 4, 6, 6, 6, 2, 1)
10209	(0, 0, 0, 0, 0, 2, 4, 6, 5, 6, 1, 2)
10210	(0, 0, 0, 0, 0, 2, 4, 5, 6, 6, 1, 2)
10211	(0, 0, 0, 0, 0, 3, 4, 6, 4, 5, 2, 2)
10212	(0, 0, 0, 0, 0, 3, 4, 6, 3, 5, 3, 2)
10213	(0, 0, 0, 0, 0, 3, 4, 4, 6, 5, 2, 2)
10214	(0, 0, 0, 0, 0, 3, 4, 3, 6, 5, 3, 2)
10215	(0, 0, 0, 0, 0, 3, 3, 6, 5, 6, 3, 1)
10216	(0, 0, 0, 0, 0, 3, 3, 5, 6, 6, 3, 1)
10217	(0, 0, 0, 0, 0, 3, 3, 5, 5, 6, 2, 2)
10218	(0, 0, 0, 0, 0, 3, 2, 6, 6, 6, 3, 1)
10219	(0, 0, 0, 0, 0, 3, 2, 6, 5, 6, 2, 2)
10220	(0, 0, 0, 0, 0, 3, 2, 5, 6, 6, 2, 2)
10221	(0, 0, 0, 0, 0, 2, 3, 6, 6, 6, 3, 1)
10222	(0, 0, 0, 0, 0, 2, 3, 6, 5, 6, 2, 2)
10223	(0, 0, 0, 0, 0, 2, 3, 5, 6, 6, 2, 2)
10224	(0, 0, 0, 0, 0, 2, 2, 6, 6, 6, 2, 2)
10225	(0, 0, 0, 0, 0, 3, 3, 6, 4, 5, 3, 2)
10226	(0, 0, 0, 0, 0, 3, 3, 6, 3, 5, 4, 2)
10227	(0, 0, 0, 0, 0, 3, 3, 4, 6, 5, 3, 2)
10228	(0, 0, 0, 0, 0, 3, 3, 3, 6, 5, 4, 2)
10229	(0, 0, 0, 0, 0, 3, 1, 6, 6, 5, 3, 2)
10230	(0, 0, 0, 0, 0, 1, 6, 6, 5, 6, 2, 1)
10231	(0, 0, 0, 0, 0, 1, 6, 5, 6, 6, 2, 1)
10232	(0, 0, 0, 0, 0, 1, 6, 5, 5, 6, 1, 2)
10233	(0, 0, 0, 0, 0, 1, 5, 6, 6, 6, 2, 1)
10234	(0, 0, 0, 0, 0, 1, 5, 6, 5, 6, 1, 2)
10235	(0, 0, 0, 0, 0, 1, 5, 5, 6, 6, 1, 2)
10236	(0, 0, 0, 0, 0, 1, 6, 6, 4, 5, 2, 2)
10237	(0, 0, 0, 0, 0, 1, 6, 6, 3, 5, 3, 2)
10238	(0, 0, 0, 0, 0, 1, 6, 4, 6, 5, 2, 2)
10239	(0, 0, 0, 0, 0, 1, 6, 3, 6, 5, 3, 2)
10240	(0, 0, 0, 0, 0, 1, 4, 6, 6, 5, 2, 2)
10241	(0, 0, 0, 0, 0, 1, 3, 6, 6, 5, 3, 2)
10242	(0, 0, 0, 0, 0, 0, 6, 6, 6, 6, 3, 1)
10243	(0, 0, 0, 0, 0, 0, 6, 6, 5, 6, 2, 2)
10244	(0, 0, 0, 0, 0, 0, 6, 5, 6, 6, 2, 2)
10245	(0, 0, 0, 0, 0, 0, 5, 6, 6, 6, 2, 2)
10246	(0, 0, 0, 0, 0, 6, 6, 0, 6, 6, 3, 1)
10247	(0, 0, 0, 0, 0, 6, 6, 0, 5, 6, 2, 2)
10248	(0, 0, 0, 0, 0, 6, 5, 0, 6, 6, 2, 2)
10249	(0, 0, 0, 0, 0, 5, 6, 0, 6, 6, 2, 2)
10250	(0, 0, 0, 1, 0, 5, 5, 5, 5, 8, 0, 0)
10251	(0, 0, 0, 1, 0, 6, 5, 5, 4, 7, 1, 0)
10252	(0, 0, 0, 1, 0, 5, 6, 5, 4, 7, 1, 0)
10253	(0, 0, 0, 1, 0, 5, 5, 6, 4, 7, 1, 0)
10254	(0, 0, 0, 1, 0, 6, 6, 5, 2, 7, 2, 0)
10255	(0, 0, 0, 1, 0, 6, 5, 6, 2, 7, 2, 0)
10256	(0, 0, 0, 1, 0, 6, 5, 5, 3, 7, 2, 0)
10257	(0, 0, 0, 1, 0, 5, 6, 6, 2, 7, 2, 0)
10258	(0, 0, 0, 1, 0, 5, 6, 5, 3, 7, 2, 0)
10259	(0, 0, 0, 1, 0, 5, 5, 6, 3, 7, 2, 0)
10260	(0, 0, 0, 1, 0, 6, 6, 6, 1, 6, 3, 0)
10261	(0, 0, 0, 1, 0, 6, 5, 4, 5, 7, 1, 0)
10262	(0, 0, 0, 1, 0, 5, 6, 4, 5, 7, 1, 0)
10263	(0, 0, 0, 1, 0, 5, 5, 4, 6, 7, 1, 0)
10264	(0, 0, 0, 1, 0, 6, 6, 4, 4, 6, 2, 0)
10265	(0, 0, 0, 1, 0, 6, 6, 4, 3, 6, 3, 0)
10266	(0, 0, 0, 1, 0, 6, 6, 2, 5, 7, 2, 0)
10267	(0, 0, 0, 1, 0, 6, 5, 3, 5, 7, 2, 0)
10268	(0, 0, 0, 1, 0, 6, 5, 2, 6, 7, 2, 0)
10269	(0, 0, 0, 1, 0, 5, 6, 3, 5, 7, 2, 0)
10270	(0, 0, 0, 1, 0, 5, 6, 2, 6, 7, 2, 0)
10271	(0, 0, 0, 1, 0, 5, 5, 3, 6, 7, 2, 0)
10272	(0, 0, 0, 1, 0, 6, 6, 3, 4, 6, 3, 0)
10273	(0, 0, 0, 1, 0, 6, 6, 3, 3, 6, 4, 0)
10274	(0, 0, 0, 1, 0, 6, 6, 1, 6, 6, 3, 0)
10275	(0, 0, 0, 1, 0, 6, 4, 5, 5, 7, 1, 0)
10276	(0, 0, 0, 1, 0, 5, 4, 6, 5, 7, 1, 0)
10277	(0, 0, 0, 1, 0, 5, 4, 5, 6, 7, 1, 0)
10278	(0, 0, 0, 1, 0, 6, 4, 6, 4, 6, 2, 0)
10279	(0, 0, 0, 1, 0, 6, 4, 6, 3, 6, 3, 0)
10280	(0, 0, 0, 1, 0, 6, 4, 4, 6, 6, 2, 0)
10281	(0, 0, 0, 1, 0, 6, 4, 3, 6, 6, 3, 0)
10282	(0, 0, 0, 1, 0, 6, 3, 5, 5, 7, 2, 0)
10283	(0, 0, 0, 1, 0, 6, 2, 6, 5, 7, 2, 0)
10284	(0, 0, 0, 1, 0, 6, 2, 5, 6, 7, 2, 0)
10285	(0, 0, 0, 1, 0, 5, 3, 6, 5, 7, 2, 0)
10286	(0, 0, 0, 1, 0, 5, 3, 5, 6, 7, 2, 0)
10287	(0, 0, 0, 1, 0, 5, 2, 6, 6, 7, 2, 0)
10288	(0, 0, 0, 1, 0, 6, 3, 6, 4, 6, 3, 0)
10289	(0, 0, 0, 1, 0, 6, 3, 6, 3, 6, 4, 0)
10290	(0, 0, 0, 1, 0, 6, 3, 4, 6, 6, 3, 0)
10291	(0, 0, 0, 1, 0, 6, 3, 3, 6, 6, 4, 0)
10292	(0, 0, 0, 1, 0, 6, 1, 6, 6, 6, 3, 0)
10293	(0, 0, 0, 1, 0, 4, 6, 5, 5, 7, 1, 0)
10294	(0, 0, 0, 1, 0, 4, 5, 6, 5, 7, 1, 0)
10295	(0, 0, 0, 1, 0, 4, 5, 5, 6, 7, 1, 0)
10296	(0, 0, 0, 1, 0, 4, 6, 6, 4, 6, 2, 0)
10297	(0, 0, 0, 1, 0, 4, 6, 6, 3, 6, 3, 0)
10298	(0, 0, 0, 1, 0, 4, 6, 4, 6, 6, 2, 0)
10299	(0, 0, 0, 1, 0, 4, 6, 3, 6, 6, 3, 0)
10300	(0, 0, 0, 1, 0, 4, 4, 6, 6, 6, 2, 0)
10301	(0, 0, 0, 1, 0, 4, 3, 6, 6, 6, 3, 0)
10302	(0, 0, 0, 1, 0, 3, 6, 5, 5, 7, 2, 0)
10303	(0, 0, 0, 1, 0, 3, 5, 6, 5, 7, 2, 0)
10304	(0, 0, 0, 1, 0, 3, 5, 5, 6, 7, 2, 0)
10305	(0, 0, 0, 1, 0, 2, 6, 6, 5, 7, 2, 0)
10306	(0, 0, 0, 1, 0, 2, 6, 5, 6, 7, 2, 0)
10307	(0, 0, 0, 1, 0, 2, 5, 6, 6, 7, 2, 0)
10308	(0, 0, 0, 1, 0, 3, 6, 6, 4, 6, 3, 0)
10309	(0, 0, 0, 1, 0, 3, 6, 6, 3, 6, 4, 0)
10310	(0, 0, 0, 1, 0, 3, 6, 4, 6, 6, 3, 0)
10311	(0, 0, 0, 1, 0, 3, 6, 3, 6, 6, 4, 0)
10312	(0, 0, 0, 1, 0, 3, 4, 6, 6, 6, 3, 0)
10313	(0, 0, 0, 1, 0, 3, 3, 6, 6, 6, 4, 0)
10314	(0, 0, 0, 1, 0, 1, 6, 6, 6, 6, 3, 0)
10315	(0, 0, 0, 0, 0, 6, 5, 5, 5, 8, 1, 0)
10316	(0, 0, 0, 0, 0, 5, 6, 5, 5, 8, 1, 0)
10317	(0, 0, 0, 0, 0, 5, 5, 6, 5, 8, 1, 0)
10318	(0, 0, 0, 0, 0, 5, 5, 5, 6, 8, 1, 0)
10319	(0, 0, 0, 0, 0, 6, 6, 5, 4, 7, 2, 0)
10320	(0, 0, 0, 0, 0, 6, 5, 6, 4, 7, 2, 0)
10321	(0, 0, 0, 0, 0, 5, 6, 6, 4, 7, 2, 0)
10322	(0, 0, 0, 0, 0, 6, 6, 6, 2, 7, 3, 0)
10323	(0, 0, 0, 0, 0, 6, 6, 5, 3, 7, 3, 0)
10324	(0, 0, 0, 0, 0, 6, 5, 6, 3, 7, 3, 0)
10325	(0, 0, 0, 0, 0, 5, 6, 6, 3, 7, 3, 0)
10326	(0, 0, 0, 0, 0, 6, 6, 4, 5, 7, 2, 0)
10327	(0, 0, 0, 0, 0, 6, 5, 4, 6, 7, 2, 0)
10328	(0, 0, 0, 0, 0, 5, 6, 4, 6, 7, 2, 0)
10329	(0, 0, 0, 0, 0, 6, 6, 3, 5, 7, 3, 0)
10330	(0, 0, 0, 0, 0, 6, 6, 2, 6, 7, 3, 0)
10331	(0, 0, 0, 0, 0, 6, 5, 3, 6, 7, 3, 0)
10332	(0, 0, 0, 0, 0, 5, 6, 3, 6, 7, 3, 0)
10333	(0, 0, 0, 0, 0, 6, 4, 6, 5, 7, 2, 0)
10334	(0, 0, 0, 0, 0, 6, 4, 5, 6, 7, 2, 0)
10335	(0, 0, 0, 0, 0, 5, 4, 6, 6, 7, 2, 0)
10336	(0, 0, 0, 0, 0, 6, 3, 6, 5, 7, 3, 0)
10337	(0, 0, 0, 0, 0, 6, 3, 5, 6, 7, 3, 0)
10338	(0, 0, 0, 0, 0, 6, 2, 6, 6, 7, 3, 0)
10339	(0, 0, 0, 0, 0, 5, 3, 6, 6, 7, 3, 0)
10340	(0, 0, 0, 0, 0, 4, 6, 6, 5, 7, 2, 0)
10341	(0, 0, 0, 0, 0, 4, 6, 5, 6, 7, 2, 0)
10342	(0, 0, 0, 0, 0, 4, 5, 6, 6, 7, 2, 0)
10343	(0, 0, 0, 0, 0, 3, 6, 6, 5, 7, 3, 0)
10344	(0, 0, 0, 0, 0, 3, 6, 5, 6, 7, 3, 0)
10345	(0, 0, 0, 0, 0, 3, 5, 6, 6, 7, 3, 0)
10346	(0, 0, 0, 0, 0, 2, 6, 6, 6, 7, 3, 0)
10347	(0, 0, 0, 1, 0, 5, 5, 5, 4, 7, 0, 1)
10348	(0, 0, 0, 1, 0, 6, 5, 5, 2, 7, 1, 1)
10349	(0, 0, 0, 1, 0, 5, 6, 5, 2, 7, 1, 1)
10350	(0, 0, 0, 1, 0, 5, 5, 6, 2, 7, 1, 1)
10351	(0, 0, 0, 1, 0, 5, 5, 5, 3, 7, 1, 1)
10352	(0, 0, 0, 1, 0, 5, 5, 5, 2, 7, 0, 2)
10353	(0, 0, 0, 1, 0, 6, 6, 5, 1, 6, 2, 1)
10354	(0, 0, 0, 1, 0, 6, 5, 6, 1, 6, 2, 1)
10355	(0, 0, 0, 1, 0, 6, 5, 5, 1, 6, 1, 2)
10356	(0, 0, 0, 1, 0, 5, 6, 6, 1, 6, 2, 1)
10357	(0, 0, 0, 1, 0, 5, 6, 5, 1, 6, 1, 2)
10358	(0, 0, 0, 1, 0, 5, 5, 6, 1, 6, 1, 2)
10359	(0, 0, 0, 1, 0, 5, 5, 4, 5, 7, 0, 1)
10360	(0, 0, 0, 1, 0, 6, 5, 4, 4, 6, 1, 1)
10361	(0, 0, 0, 1, 0, 5, 6, 4, 4, 6, 1, 1)
10362	(0, 0, 0, 1, 0, 5, 5, 4, 4, 6, 0, 2)
10363	(0, 0, 0, 1, 0, 6, 6, 4, 2, 6, 2, 1)
10364	(0, 0, 0, 1, 0, 6, 5, 4, 3, 6, 2, 1)
10365	(0, 0, 0, 1, 0, 6, 5, 4, 2, 6, 1, 2)
10366	(0, 0, 0, 1, 0, 5, 6, 4, 3, 6, 2, 1)
10367	(0, 0, 0, 1, 0, 5, 6, 4, 2, 6, 1, 2)
10368	(0, 0, 0, 1, 0, 5, 5, 4, 3, 6, 1, 2)
10369	(0, 0, 0, 1, 0, 6, 6, 4, 1, 5, 2, 2)
10370	(0, 0, 0, 1, 0, 6, 5, 2, 5, 7, 1, 1)
10371	(0, 0, 0, 1, 0, 5, 6, 2, 5, 7, 1, 1)
10372	(0, 0, 0, 1, 0, 5, 5, 3, 5, 7, 1, 1)
10373	(0, 0, 0, 1, 0, 5, 5, 2, 6, 7, 1, 1)
10374	(0, 0, 0, 1, 0, 5, 5, 2, 5, 7, 0, 2)
10375	(0, 0, 0, 1, 0, 6, 6, 2, 4, 6, 2, 1)
10376	(0, 0, 0, 1, 0, 6, 5, 3, 4, 6, 2, 1)
10377	(0, 0, 0, 1, 0, 6, 5, 2, 4, 6, 1, 2)
10378	(0, 0, 0, 1, 0, 5, 6, 3, 4, 6, 2, 1)
10379	(0, 0, 0, 1, 0, 5, 6, 2, 4, 6, 1, 2)
10380	(0, 0, 0, 1, 0, 5, 5, 3, 4, 6, 1, 2)
10381	(0, 0, 0, 1, 0, 6, 6, 3, 2, 6, 3, 1)
10382	(0, 0, 0, 1, 0, 6, 6, 2, 3, 6, 3, 1)
10383	(0, 0, 0, 1, 0, 6, 6, 2, 2, 6, 2, 2)
10384	(0, 0, 0, 1, 0, 6, 5, 3, 3, 6, 3, 1)
10385	(0, 0, 0, 1, 0, 6, 5, 3, 2, 6, 2, 2)
10386	(0, 0, 0, 1, 0, 6, 5, 2, 3, 6, 2, 2)
10387	(0, 0, 0, 1, 0, 5, 6, 3, 3, 6, 3, 1)
10388	(0, 0, 0, 1, 0, 5, 6, 3, 2, 6, 2, 2)
10389	(0, 0, 0, 1, 0, 5, 6, 2, 3, 6, 2, 2)
10390	(0, 0, 0, 1, 0, 5, 5, 3, 3, 6, 2, 2)
10391	(0, 0, 0, 1, 0, 6, 6, 3, 1, 5, 3, 2)
10392	(0, 0, 0, 1, 0, 6, 6, 1, 5, 6, 2, 1)
10393	(0, 0, 0, 1, 0, 6, 5, 1, 6, 6, 2, 1)
10394	(0, 0, 0, 1, 0, 6, 5, 1, 5, 6, 1, 2)
10395	(0, 0, 0, 1, 0, 5, 6, 1, 6, 6, 2, 1)
10396	(0, 0, 0, 1, 0, 5, 6, 1, 5, 6, 1, 2)
10397	(0, 0, 0, 1, 0, 5, 5, 1, 6, 6, 1, 2)
10398	(0, 0, 0, 1, 0, 6, 6, 1, 4, 5, 2, 2)
10399	(0, 0, 0, 1, 0, 6, 6, 1, 3, 5, 3, 2)
10400	(0, 0, 0, 1, 0, 5, 4, 5, 5, 7, 0, 1)
10401	(0, 0, 0, 1, 0, 6, 4, 5, 4, 6, 1, 1)
10402	(0, 0, 0, 1, 0, 5, 4, 6, 4, 6, 1, 1)
10403	(0, 0, 0, 1, 0, 5, 4, 5, 4, 6, 0, 2)
10404	(0, 0, 0, 1, 0, 6, 4, 6, 2, 6, 2, 1)
10405	(0, 0, 0, 1, 0, 6, 4, 5, 3, 6, 2, 1)
10406	(0, 0, 0, 1, 0, 6, 4, 5, 2, 6, 1, 2)
10407	(0, 0, 0, 1, 0, 5, 4, 6, 3, 6, 2, 1)
10408	(0, 0, 0, 1, 0, 5, 4, 6, 2, 6, 1, 2)
10409	(0, 0, 0, 1, 0, 5, 4, 5, 3, 6, 1, 2)
10410	(0, 0, 0, 1, 0, 6, 4, 6, 1, 5, 2, 2)
10411	(0, 0, 0, 1, 0, 6, 4, 4, 5, 6, 1, 1)
10412	(0, 0, 0, 1, 0, 5, 4, 4, 6, 6, 1, 1)
10413	(0, 0, 0, 1, 0, 5, 4, 4, 5, 6, 0, 2)
10414	(0, 0, 0, 1, 0, 6, 4, 4, 4, 5, 1, 2)
10415	(0, 0, 0, 1, 0, 6, 4, 4, 3, 5, 2, 2)
10416	(0, 0, 0, 1, 0, 6, 4, 3, 5, 6, 2, 1)
10417	(0, 0, 0, 1, 0, 6, 4, 2, 6, 6, 2, 1)
10418	(0, 0, 0, 1, 0, 6, 4, 2, 5, 6, 1, 2)
10419	(0, 0, 0, 1, 0, 5, 4, 3, 6, 6, 2, 1)
10420	(0, 0, 0, 1, 0, 5, 4, 3, 5, 6, 1, 2)
10421	(0, 0, 0, 1, 0, 5, 4, 2, 6, 6, 1, 2)
10422	(0, 0, 0, 1, 0, 6, 4, 3, 4, 5, 2, 2)
10423	(0, 0, 0, 1, 0, 6, 4, 3, 3, 5, 3, 2)
10424	(0, 0, 0, 1, 0, 6, 4, 1, 6, 5, 2, 2)
10425	(0, 0, 0, 1, 0, 6, 2, 5, 5, 7, 1, 1)
10426	(0, 0, 0, 1, 0, 5, 3, 5, 5, 7, 1, 1)
10427	(0, 0, 0, 1, 0, 5, 2, 6, 5, 7, 1, 1)
10428	(0, 0, 0, 1, 0, 5, 2, 5, 6, 7, 1, 1)
10429	(0, 0, 0, 1, 0, 5, 2, 5, 5, 7, 0, 2)
10430	(0, 0, 0, 1, 0, 6, 3, 5, 4, 6, 2, 1)
10431	(0, 0, 0, 1, 0, 6, 2, 6, 4, 6, 2, 1)
10432	(0, 0, 0, 1, 0, 6, 2, 5, 4, 6, 1, 2)
10433	(0, 0, 0, 1, 0, 5, 3, 6, 4, 6, 2, 1)
10434	(0, 0, 0, 1, 0, 5, 3, 5, 4, 6, 1, 2)
10435	(0, 0, 0, 1, 0, 5, 2, 6, 4, 6, 1, 2)
10436	(0, 0, 0, 1, 0, 6, 3, 6, 2, 6, 3, 1)
10437	(0, 0, 0, 1, 0, 6, 3, 5, 3, 6, 3, 1)
10438	(0, 0, 0, 1, 0, 6, 3, 5, 2, 6, 2, 2)
10439	(0, 0, 0, 1, 0, 6, 2, 6, 3, 6, 3, 1)
10440	(0, 0, 0, 1, 0, 6, 2, 6, 2, 6, 2, 2)
10441	(0, 0, 0, 1, 0, 6, 2, 5, 3, 6, 2, 2)
10442	(0, 0, 0, 1, 0, 5, 3, 6, 3, 6, 3, 1)
10443	(0, 0, 0, 1, 0, 5, 3, 6, 2, 6, 2, 2)
10444	(0, 0, 0, 1, 0, 5, 3, 5, 3, 6, 2, 2)
10445	(0, 0, 0, 1, 0, 5, 2, 6, 3, 6, 2, 2)
10446	(0, 0, 0, 1, 0, 6, 3, 6, 1, 5, 3, 2)
10447	(0, 0, 0, 1, 0, 6, 3, 4, 5, 6, 2, 1)
10448	(0, 0, 0, 1, 0, 6, 2, 4, 6, 6, 2, 1)
10449	(0, 0, 0, 1, 0, 6, 2, 4, 5, 6, 1, 2)
10450	(0, 0, 0, 1, 0, 5, 3, 4, 6, 6, 2, 1)
10451	(0, 0, 0, 1, 0, 5, 3, 4, 5, 6, 1, 2)
10452	(0, 0, 0, 1, 0, 5, 2, 4, 6, 6, 1, 2)
10453	(0, 0, 0, 1, 0, 6, 3, 4, 4, 5, 2, 2)
10454	(0, 0, 0, 1, 0, 6, 3, 4, 3, 5, 3, 2)
10455	(0, 0, 0, 1, 0, 6, 3, 3, 5, 6, 3, 1)
10456	(0, 0, 0, 1, 0, 6, 3, 2, 6, 6, 3, 1)
10457	(0, 0, 0, 1, 0, 6, 3, 2, 5, 6, 2, 2)
10458	(0, 0, 0, 1, 0, 6, 2, 3, 6, 6, 3, 1)
10459	(0, 0, 0, 1, 0, 6, 2, 3, 5, 6, 2, 2)
10460	(0, 0, 0, 1, 0, 6, 2, 2, 6, 6, 2, 2)
10461	(0, 0, 0, 1, 0, 5, 3, 3, 6, 6, 3, 1)
10462	(0, 0, 0, 1, 0, 5, 3, 3, 5, 6, 2, 2)
10463	(0, 0, 0, 1, 0, 5, 3, 2, 6, 6, 2, 2)
10464	(0, 0, 0, 1, 0, 5, 2, 3, 6, 6, 2, 2)
10465	(0, 0, 0, 1, 0, 6, 3, 3, 4, 5, 3, 2)
10466	(0, 0, 0, 1, 0, 6, 3, 3, 3, 5, 4, 2)
10467	(0, 0, 0, 1, 0, 6, 3, 1, 6, 5, 3, 2)
10468	(0, 0, 0, 1, 0, 6, 1, 6, 5, 6, 2, 1)
10469	(0, 0, 0, 1, 0, 6, 1, 5, 6, 6, 2, 1)
10470	(0, 0, 0, 1, 0, 6, 1, 5, 5, 6, 1, 2)
10471	(0, 0, 0, 1, 0, 5, 1, 6, 6, 6, 2, 1)
10472	(0, 0, 0, 1, 0, 5, 1, 6, 5, 6, 1, 2)
10473	(0, 0, 0, 1, 0, 5, 1, 5, 6, 6, 1, 2)
10474	(0, 0, 0, 1, 0, 6, 1, 6, 4, 5, 2, 2)
10475	(0, 0, 0, 1, 0, 6, 1, 6, 3, 5, 3, 2)
10476	(0, 0, 0, 1, 0, 6, 1, 4, 6, 5, 2, 2)
10477	(0, 0, 0, 1, 0, 6, 1, 3, 6, 5, 3, 2)
10478	(0, 0, 0, 1, 0, 4, 5, 5, 5, 7, 0, 1)
10479	(0, 0, 0, 1, 0, 4, 6, 5, 4, 6, 1, 1)
10480	(0, 0, 0, 1, 0, 4, 5, 6, 4, 6, 1, 1)
10481	(0, 0, 0, 1, 0, 4, 5, 5, 4, 6, 0, 2)
10482	(0, 0, 0, 1, 0, 4, 6, 6, 2, 6, 2, 1)
10483	(0, 0, 0, 1, 0, 4, 6, 5, 3, 6, 2, 1)
10484	(0, 0, 0, 1, 0, 4, 6, 5, 2, 6, 1, 2)
10485	(0, 0, 0, 1, 0, 4, 5, 6, 3, 6, 2, 1)
10486	(0, 0, 0, 1, 0, 4, 5, 6, 2, 6, 1, 2)
10487	(0, 0, 0, 1, 0, 4, 5, 5, 3, 6, 1, 2)
10488	(0, 0, 0, 1, 0, 4, 6, 6, 1, 5, 2, 2)
10489	(0, 0, 0, 1, 0, 4, 6, 4, 5, 6, 1, 1)
10490	(0, 0, 0, 1, 0, 4, 5, 4, 6, 6, 1, 1)
10491	(0, 0, 0, 1, 0, 4, 5, 4, 5, 6, 0, 2)
10492	(0, 0, 0, 1, 0, 4, 6, 4, 4, 5, 1, 2)
10493	(0, 0, 0, 1, 0, 4, 6, 4, 3, 5, 2, 2)
10494	(0, 0, 0, 1, 0, 4, 6, 3, 5, 6, 2, 1)
10495	(0, 0, 0, 1, 0, 4, 6, 2, 6, 6, 2, 1)
10496	(0, 0, 0, 1, 0, 4, 6, 2, 5, 6, 1, 2)
10497	(0, 0, 0, 1, 0, 4, 5, 3, 6, 6, 2, 1)
10498	(0, 0, 0, 1, 0, 4, 5, 3, 5, 6, 1, 2)
10499	(0, 0, 0, 1, 0, 4, 5, 2, 6, 6, 1, 2)
10500	(0, 0, 0, 1, 0, 4, 6, 3, 4, 5, 2, 2)
10501	(0, 0, 0, 1, 0, 4, 6, 3, 3, 5, 3, 2)
10502	(0, 0, 0, 1, 0, 4, 6, 1, 6, 5, 2, 2)
10503	(0, 0, 0, 1, 0, 4, 4, 6, 5, 6, 1, 1)
10504	(0, 0, 0, 1, 0, 4, 4, 5, 6, 6, 1, 1)
10505	(0, 0, 0, 1, 0, 4, 4, 5, 5, 6, 0, 2)
10506	(0, 0, 0, 1, 0, 4, 4, 6, 4, 5, 1, 2)
10507	(0, 0, 0, 1, 0, 4, 4, 6, 3, 5, 2, 2)
10508	(0, 0, 0, 1, 0, 4, 4, 4, 6, 5, 1, 2)
10509	(0, 0, 0, 1, 0, 4, 4, 3, 6, 5, 2, 2)
10510	(0, 0, 0, 1, 0, 4, 3, 6, 5, 6, 2, 1)
10511	(0, 0, 0, 1, 0, 4, 3, 5, 6, 6, 2, 1)
10512	(0, 0, 0, 1, 0, 4, 3, 5, 5, 6, 1, 2)
10513	(0, 0, 0, 1, 0, 4, 2, 6, 6, 6, 2, 1)
10514	(0, 0, 0, 1, 0, 4, 2, 6, 5, 6, 1, 2)
10515	(0, 0, 0, 1, 0, 4, 2, 5, 6, 6, 1, 2)
10516	(0, 0, 0, 1, 0, 4, 3, 6, 4, 5, 2, 2)
10517	(0, 0, 0, 1, 0, 4, 3, 6, 3, 5, 3, 2)
10518	(0, 0, 0, 1, 0, 4, 3, 4, 6, 5, 2, 2)
10519	(0, 0, 0, 1, 0, 4, 3, 3, 6, 5, 3, 2)
10520	(0, 0, 0, 1, 0, 4, 1, 6, 6, 5, 2, 2)
10521	(0, 0, 0, 1, 0, 3, 5, 5, 5, 7, 1, 1)
10522	(0, 0, 0, 1, 0, 2, 6, 5, 5, 7, 1, 1)
10523	(0, 0, 0, 1, 0, 2, 5, 6, 5, 7, 1, 1)
10524	(0, 0, 0, 1, 0, 2, 5, 5, 6, 7, 1, 1)
10525	(0, 0, 0, 1, 0, 2, 5, 5, 5, 7, 0, 2)
10526	(0, 0, 0, 1, 0, 3, 6, 5, 4, 6, 2, 1)
10527	(0, 0, 0, 1, 0, 3, 5, 6, 4, 6, 2, 1)
10528	(0, 0, 0, 1, 0, 3, 5, 5, 4, 6, 1, 2)
10529	(0, 0, 0, 1, 0, 2, 6, 6, 4, 6, 2, 1)
10530	(0, 0, 0, 1, 0, 2, 6, 5, 4, 6, 1, 2)
10531	(0, 0, 0, 1, 0, 2, 5, 6, 4, 6, 1, 2)
10532	(0, 0, 0, 1, 0, 3, 6, 6, 2, 6, 3, 1)
10533	(0, 0, 0, 1, 0, 3, 6, 5, 3, 6, 3, 1)
10534	(0, 0, 0, 1, 0, 3, 6, 5, 2, 6, 2, 2)
10535	(0, 0, 0, 1, 0, 3, 5, 6, 3, 6, 3, 1)
10536	(0, 0, 0, 1, 0, 3, 5, 6, 2, 6, 2, 2)
10537	(0, 0, 0, 1, 0, 3, 5, 5, 3, 6, 2, 2)
10538	(0, 0, 0, 1, 0, 2, 6, 6, 3, 6, 3, 1)
10539	(0, 0, 0, 1, 0, 2, 6, 6, 2, 6, 2, 2)
10540	(0, 0, 0, 1, 0, 2, 6, 5, 3, 6, 2, 2)
10541	(0, 0, 0, 1, 0, 2, 5, 6, 3, 6, 2, 2)
10542	(0, 0, 0, 1, 0, 3, 6, 6, 1, 5, 3, 2)
10543	(0, 0, 0, 1, 0, 3, 6, 4, 5, 6, 2, 1)
10544	(0, 0, 0, 1, 0, 3, 5, 4, 6, 6, 2, 1)
10545	(0, 0, 0, 1, 0, 3, 5, 4, 5, 6, 1, 2)
10546	(0, 0, 0, 1, 0, 2, 6, 4, 6, 6, 2, 1)
10547	(0, 0, 0, 1, 0, 2, 6, 4, 5, 6, 1, 2)
10548	(0, 0, 0, 1, 0, 2, 5, 4, 6, 6, 1, 2)
10549	(0, 0, 0, 1, 0, 3, 6, 4, 4, 5, 2, 2)
10550	(0, 0, 0, 1, 0, 3, 6, 4, 3, 5, 3, 2)
10551	(0, 0, 0, 1, 0, 3, 6, 3, 5, 6, 3, 1)
10552	(0, 0, 0, 1, 0, 3, 6, 2, 6, 6, 3, 1)
10553	(0, 0, 0, 1, 0, 3, 6, 2, 5, 6, 2, 2)
10554	(0, 0, 0, 1, 0, 3, 5, 3, 6, 6, 3, 1)
10555	(0, 0, 0, 1, 0, 3, 5, 3, 5, 6, 2, 2)
10556	(0, 0, 0, 1, 0, 3, 5, 2, 6, 6, 2, 2)
10557	(0, 0, 0, 1, 0, 2, 6, 3, 6, 6, 3, 1)
10558	(0, 0, 0, 1, 0, 2, 6, 3, 5, 6, 2, 2)
10559	(0, 0, 0, 1, 0, 2, 6, 2, 6, 6, 2, 2)
10560	(0, 0, 0, 1, 0, 2, 5, 3, 6, 6, 2, 2)
10561	(0, 0, 0, 1, 0, 3, 6, 3, 4, 5, 3, 2)
10562	(0, 0, 0, 1, 0, 3, 6, 3, 3, 5, 4, 2)
10563	(0, 0, 0, 1, 0, 3, 6, 1, 6, 5, 3, 2)
10564	(0, 0, 0, 1, 0, 3, 4, 6, 5, 6, 2, 1)
10565	(0, 0, 0, 1, 0, 3, 4, 5, 6, 6, 2, 1)
10566	(0, 0, 0, 1, 0, 3, 4, 5, 5, 6, 1, 2)
10567	(0, 0, 0, 1, 0, 2, 4, 6, 6, 6, 2, 1)
10568	(0, 0, 0, 1, 0, 2, 4, 6, 5, 6, 1, 2)
10569	(0, 0, 0, 1, 0, 2, 4, 5, 6, 6, 1, 2)
10570	(0, 0, 0, 1, 0, 3, 4, 6, 4, 5, 2, 2)
10571	(0, 0, 0, 1, 0, 3, 4, 6, 3, 5, 3, 2)
10572	(0, 0, 0, 1, 0, 3, 4, 4, 6, 5, 2, 2)
10573	(0, 0, 0, 1, 0, 3, 4, 3, 6, 5, 3, 2)
10574	(0, 0, 0, 1, 0, 3, 3, 6, 5, 6, 3, 1)
10575	(0, 0, 0, 1, 0, 3, 3, 5, 6, 6, 3, 1)
10576	(0, 0, 0, 1, 0, 3, 3, 5, 5, 6, 2, 2)
10577	(0, 0, 0, 1, 0, 3, 2, 6, 6, 6, 3, 1)
10578	(0, 0, 0, 1, 0, 3, 2, 6, 5, 6, 2, 2)
10579	(0, 0, 0, 1, 0, 3, 2, 5, 6, 6, 2, 2)
10580	(0, 0, 0, 1, 0, 2, 3, 6, 6, 6, 3, 1)
10581	(0, 0, 0, 1, 0, 2, 3, 6, 5, 6, 2, 2)
10582	(0, 0, 0, 1, 0, 2, 3, 5, 6, 6, 2, 2)
10583	(0, 0, 0, 1, 0, 2, 2, 6, 6, 6, 2, 2)
10584	(0, 0, 0, 1, 0, 3, 3, 6, 4, 5, 3, 2)
10585	(0, 0, 0, 1, 0, 3, 3, 6, 3, 5, 4, 2)
10586	(0, 0, 0, 1, 0, 3, 3, 4, 6, 5, 3, 2)
10587	(0, 0, 0, 1, 0, 3, 3, 3, 6, 5, 4, 2)
10588	(0, 0, 0, 1, 0, 3, 1, 6, 6, 5, 3, 2)
10589	(0, 0, 0, 1, 0, 1, 6, 6, 5, 6, 2, 1)
10590	(0, 0, 0, 1, 0, 1, 6, 5, 6, 6, 2, 1)
10591	(0, 0, 0, 1, 0, 1, 6, 5, 5, 6, 1, 2)
10592	(0, 0, 0, 1, 0, 1, 5, 6, 6, 6, 2, 1)
10593	(0, 0, 0, 1, 0, 1, 5, 6, 5, 6, 1, 2)
10594	(0, 0, 0, 1, 0, 1, 5, 5, 6, 6, 1, 2)
10595	(0, 0, 0, 1, 0, 1, 6, 6, 4, 5, 2, 2)
10596	(0, 0, 0, 1, 0, 1, 6, 6, 3, 5, 3, 2)
10597	(0, 0, 0, 1, 0, 1, 6, 4, 6, 5, 2, 2)
10598	(0, 0, 0, 1, 0, 1, 6, 3, 6, 5, 3, 2)
10599	(0, 0, 0, 1, 0, 1, 4, 6, 6, 5, 2, 2)
10600	(0, 0, 0, 1, 0, 1, 3, 6, 6, 5, 3, 2)
10601	(0, 0, 0, 1, 0, 0, 6, 6, 6, 6, 3, 1)
10602	(0, 0, 0, 1, 0, 0, 6, 6, 5, 6, 2, 2)
10603	(0, 0, 0, 1, 0, 0, 6, 5, 6, 6, 2, 2)
10604	(0, 0, 0, 1, 0, 0, 5, 6, 6, 6, 2, 2)
10605	(0, 0, 0, 1, 0, 6, 6, 0, 6, 6, 3, 1)
10606	(0, 0, 0, 1, 0, 6, 6, 0, 5, 6, 2, 2)
10607	(0, 0, 0, 1, 0, 6, 5, 0, 6, 6, 2, 2)
10608	(0, 0, 0, 1, 0, 5, 6, 0, 6, 6, 2, 2)
10609	(0, 0, 0, 0, 0, 5, 5, 5, 5, 8, 0, 1)
10610	(0, 0, 0, 0, 0, 6, 5, 5, 4, 7, 1, 1)
10611	(0, 0, 0, 0, 0, 5, 6, 5, 4, 7, 1, 1)
10612	(0, 0, 0, 0, 0, 5, 5, 6, 4, 7, 1, 1)
10613	(0, 0, 0, 0, 0, 5, 5, 5, 4, 7, 0, 2)
10614	(0, 0, 0, 0, 0, 6, 6, 5, 2, 7, 2, 1)
10615	(0, 0, 0, 0, 0, 6, 5, 6, 2, 7, 2, 1)
10616	(0, 0, 0, 0, 0, 6, 5, 5, 3, 7, 2, 1)
10617	(0, 0, 0, 0, 0, 6, 5, 5, 2, 7, 1, 2)
10618	(0, 0, 0, 0, 0, 5, 6, 6, 2, 7, 2, 1)
10619	(0, 0, 0, 0, 0, 5, 6, 5, 3, 7, 2, 1)
10620	(0, 0, 0, 0, 0, 5, 6, 5, 2, 7, 1, 2)
10621	(0, 0, 0, 0, 0, 5, 5, 6, 3, 7, 2, 1)
10622	(0, 0, 0, 0, 0, 5, 5, 6, 2, 7, 1, 2)
10623	(0, 0, 0, 0, 0, 5, 5, 5, 3, 7, 1, 2)
10624	(0, 0, 0, 0, 0, 6, 6, 6, 1, 6, 3, 1)
10625	(0, 0, 0, 0, 0, 6, 6, 5, 1, 6, 2, 2)
10626	(0, 0, 0, 0, 0, 6, 5, 6, 1, 6, 2, 2)
10627	(0, 0, 0, 0, 0, 5, 6, 6, 1, 6, 2, 2)
10628	(0, 0, 0, 0, 0, 6, 5, 4, 5, 7, 1, 1)
10629	(0, 0, 0, 0, 0, 5, 6, 4, 5, 7, 1, 1)
10630	(0, 0, 0, 0, 0, 5, 5, 4, 6, 7, 1, 1)
10631	(0, 0, 0, 0, 0, 5, 5, 4, 5, 7, 0, 2)
10632	(0, 0, 0, 0, 0, 6, 6, 4, 4, 6, 2, 1)
10633	(0, 0, 0, 0, 0, 6, 5, 4, 4, 6, 1, 2)
10634	(0, 0, 0, 0, 0, 5, 6, 4, 4, 6, 1, 2)
10635	(0, 0, 0, 0, 0, 6, 6, 4, 3, 6, 3, 1)
10636	(0, 0, 0, 0, 0, 6, 6, 4, 2, 6, 2, 2)
10637	(0, 0, 0, 0, 0, 6, 5, 4, 3, 6, 2, 2)
10638	(0, 0, 0, 0, 0, 5, 6, 4, 3, 6, 2, 2)
10639	(0, 0, 0, 0, 0, 6, 6, 2, 5, 7, 2, 1)
10640	(0, 0, 0, 0, 0, 6, 5, 3, 5, 7, 2, 1)
10641	(0, 0, 0, 0, 0, 6, 5, 2, 6, 7, 2, 1)
10642	(0, 0, 0, 0, 0, 6, 5, 2, 5, 7, 1, 2)
10643	(0, 0, 0, 0, 0, 5, 6, 3, 5, 7, 2, 1)
10644	(0, 0, 0, 0, 0, 5, 6, 2, 6, 7, 2, 1)
10645	(0, 0, 0, 0, 0, 5, 6, 2, 5, 7, 1, 2)
10646	(0, 0, 0, 0, 0, 5, 5, 3, 6, 7, 2, 1)
10647	(0, 0, 0, 0, 0, 5, 5, 3, 5, 7, 1, 2)
10648	(0, 0, 0, 0, 0, 5, 5, 2, 6, 7, 1, 2)
10649	(0, 0, 0, 0, 0, 6, 6, 3, 4, 6, 3, 1)
10650	(0, 0, 0, 0, 0, 6, 6, 2, 4, 6, 2, 2)
10651	(0, 0, 0, 0, 0, 6, 5, 3, 4, 6, 2, 2)
10652	(0, 0, 0, 0, 0, 5, 6, 3, 4, 6, 2, 2)
10653	(0, 0, 0, 0, 0, 6, 6, 3, 3, 6, 4, 1)
10654	(0, 0, 0, 0, 0, 6, 6, 3, 2, 6, 3, 2)
10655	(0, 0, 0, 0, 0, 6, 6, 2, 3, 6, 3, 2)
10656	(0, 0, 0, 0, 0, 6, 5, 3, 3, 6, 3, 2)
10657	(0, 0, 0, 0, 0, 5, 6, 3, 3, 6, 3, 2)
10658	(0, 0, 0, 0, 0, 6, 6, 1, 6, 6, 3, 1)
10659	(0, 0, 0, 0, 0, 6, 6, 1, 5, 6, 2, 2)
10660	(0, 0, 0, 0, 0, 6, 5, 1, 6, 6, 2, 2)
10661	(0, 0, 0, 0, 0, 5, 6, 1, 6, 6, 2, 2)
10662	(0, 0, 0, 0, 0, 6, 4, 5, 5, 7, 1, 1)
10663	(0, 0, 0, 0, 0, 5, 4, 6, 5, 7, 1, 1)
10664	(0, 0, 0, 0, 0, 5, 4, 5, 6, 7, 1, 1)
10665	(0, 0, 0, 0, 0, 5, 4, 5, 5, 7, 0, 2)
10666	(0, 0, 0, 0, 0, 6, 4, 6, 4, 6, 2, 1)
10667	(0, 0, 0, 0, 0, 6, 4, 5, 4, 6, 1, 2)
10668	(0, 0, 0, 0, 0, 5, 4, 6, 4, 6, 1, 2)
10669	(0, 0, 0, 0, 0, 6, 4, 6, 3, 6, 3, 1)
10670	(0, 0, 0, 0, 0, 6, 4, 6, 2, 6, 2, 2)
10671	(0, 0, 0, 0, 0, 6, 4, 5, 3, 6, 2, 2)
10672	(0, 0, 0, 0, 0, 5, 4, 6, 3, 6, 2, 2)
10673	(0, 0, 0, 0, 0, 6, 4, 4, 6, 6, 2, 1)
10674	(0, 0, 0, 0, 0, 6, 4, 4, 5, 6, 1, 2)
10675	(0, 0, 0, 0, 0, 5, 4, 4, 6, 6, 1, 2)
10676	(0, 0, 0, 0, 0, 6, 4, 3, 6, 6, 3, 1)
10677	(0, 0, 0, 0, 0, 6, 4, 3, 5, 6, 2, 2)
10678	(0, 0, 0, 0, 0, 6, 4, 2, 6, 6, 2, 2)
10679	(0, 0, 0, 0, 0, 5, 4, 3, 6, 6, 2, 2)
10680	(0, 0, 0, 0, 0, 6, 3, 5, 5, 7, 2, 1)
10681	(0, 0, 0, 0, 0, 6, 2, 6, 5, 7, 2, 1)
10682	(0, 0, 0, 0, 0, 6, 2, 5, 6, 7, 2, 1)
10683	(0, 0, 0, 0, 0, 6, 2, 5, 5, 7, 1, 2)
10684	(0, 0, 0, 0, 0, 5, 3, 6, 5, 7, 2, 1)
10685	(0, 0, 0, 0, 0, 5, 3, 5, 6, 7, 2, 1)
10686	(0, 0, 0, 0, 0, 5, 3, 5, 5, 7, 1, 2)
10687	(0, 0, 0, 0, 0, 5, 2, 6, 6, 7, 2, 1)
10688	(0, 0, 0, 0, 0, 5, 2, 6, 5, 7, 1, 2)
10689	(0, 0, 0, 0, 0, 5, 2, 5, 6, 7, 1, 2)
10690	(0, 0, 0, 0, 0, 6, 3, 6, 4, 6, 3, 1)
10691	(0, 0, 0, 0, 0, 6, 3, 5, 4, 6, 2, 2)
10692	(0, 0, 0, 0, 0, 6, 2, 6, 4, 6, 2, 2)
10693	(0, 0, 0, 0, 0, 5, 3, 6, 4, 6, 2, 2)
10694	(0, 0, 0, 0, 0, 6, 3, 6, 3, 6, 4, 1)
10695	(0, 0, 0, 0, 0, 6, 3, 6, 2, 6, 3, 2)
10696	(0, 0, 0, 0, 0, 6, 3, 5, 3, 6, 3, 2)
10697	(0, 0, 0, 0, 0, 6, 2, 6, 3, 6, 3, 2)
10698	(0, 0, 0, 0, 0, 5, 3, 6, 3, 6, 3, 2)
10699	(0, 0, 0, 0, 0, 6, 3, 4, 6, 6, 3, 1)
10700	(0, 0, 0, 0, 0, 6, 3, 4, 5, 6, 2, 2)
10701	(0, 0, 0, 0, 0, 6, 2, 4, 6, 6, 2, 2)
10702	(0, 0, 0, 0, 0, 5, 3, 4, 6, 6, 2, 2)
10703	(0, 0, 0, 0, 0, 6, 3, 3, 6, 6, 4, 1)
10704	(0, 0, 0, 0, 0, 6, 3, 3, 5, 6, 3, 2)
10705	(0, 0, 0, 0, 0, 6, 3, 2, 6, 6, 3, 2)
10706	(0, 0, 0, 0, 0, 6, 2, 3, 6, 6, 3, 2)
10707	(0, 0, 0, 0, 0, 5, 3, 3, 6, 6, 3, 2)
10708	(0, 0, 0, 0, 0, 6, 1, 6, 6, 6, 3, 1)
10709	(0, 0, 0, 0, 0, 6, 1, 6, 5, 6, 2, 2)
10710	(0, 0, 0, 0, 0, 6, 1, 5, 6, 6, 2, 2)
10711	(0, 0, 0, 0, 0, 5, 1, 6, 6, 6, 2, 2)
10712	(0, 0, 0, 0, 0, 4, 6, 5, 5, 7, 1, 1)
10713	(0, 0, 0, 0, 0, 4, 5, 6, 5, 7, 1, 1)
10714	(0, 0, 0, 0, 0, 4, 5, 5, 6, 7, 1, 1)
10715	(0, 0, 0, 0, 0, 4, 5, 5, 5, 7, 0, 2)
10716	(0, 0, 0, 0, 0, 4, 6, 6, 4, 6, 2, 1)
10717	(0, 0, 0, 0, 0, 4, 6, 5, 4, 6, 1, 2)
10718	(0, 0, 0, 0, 0, 4, 5, 6, 4, 6, 1, 2)
10719	(0, 0, 0, 0, 0, 4, 6, 6, 3, 6, 3, 1)
10720	(0, 0, 0, 0, 0, 4, 6, 6, 2, 6, 2, 2)
10721	(0, 0, 0, 0, 0, 4, 6, 5, 3, 6, 2, 2)
10722	(0, 0, 0, 0, 0, 4, 5, 6, 3, 6, 2, 2)
10723	(0, 0, 0, 0, 0, 4, 6, 4, 6, 6, 2, 1)
10724	(0, 0, 0, 0, 0, 4, 6, 4, 5, 6, 1, 2)
10725	(0, 0, 0, 0, 0, 4, 5, 4, 6, 6, 1, 2)
10726	(0, 0, 0, 0, 0, 4, 6, 3, 6, 6, 3, 1)
10727	(0, 0, 0, 0, 0, 4, 6, 3, 5, 6, 2, 2)
10728	(0, 0, 0, 0, 0, 4, 6, 2, 6, 6, 2, 2)
10729	(0, 0, 0, 0, 0, 4, 5, 3, 6, 6, 2, 2)
10730	(0, 0, 0, 0, 0, 4, 4, 6, 6, 6, 2, 1)
10731	(0, 0, 0, 0, 0, 4, 4, 6, 5, 6, 1, 2)
10732	(0, 0, 0, 0, 0, 4, 4, 5, 6, 6, 1, 2)
10733	(0, 0, 0, 0, 0, 4, 3, 6, 6, 6, 3, 1)
10734	(0, 0, 0, 0, 0, 4, 3, 6, 5, 6, 2, 2)
10735	(0, 0, 0, 0, 0, 4, 3, 5, 6, 6, 2, 2)
10736	(0, 0, 0, 0, 0, 4, 2, 6, 6, 6, 2, 2)
10737	(0, 0, 0, 0, 0, 3, 6, 5, 5, 7, 2, 1)
10738	(0, 0, 0, 0, 0, 3, 5, 6, 5, 7, 2, 1)
10739	(0, 0, 0, 0, 0, 3, 5, 5, 6, 7, 2, 1)
10740	(0, 0, 0, 0, 0, 3, 5, 5, 5, 7, 1, 2)
10741	(0, 0, 0, 0, 0, 2, 6, 6, 5, 7, 2, 1)
10742	(0, 0, 0, 0, 0, 2, 6, 5, 6, 7, 2, 1)
10743	(0, 0, 0, 0, 0, 2, 6, 5, 5, 7, 1, 2)
10744	(0, 0, 0, 0, 0, 2, 5, 6, 6, 7, 2, 1)
10745	(0, 0, 0, 0, 0, 2, 5, 6, 5, 7, 1, 2)
10746	(0, 0, 0, 0, 0, 2, 5, 5, 6, 7, 1, 2)
10747	(0, 0, 0, 0, 0, 3, 6, 6, 4, 6, 3, 1)
10748	(0, 0, 0, 0, 0, 3, 6, 5, 4, 6, 2, 2)
10749	(0, 0, 0, 0, 0, 3, 5, 6, 4, 6, 2, 2)
10750	(0, 0, 0, 0, 0, 2, 6, 6, 4, 6, 2, 2)
10751	(0, 0, 0, 0, 0, 3, 6, 6, 3, 6, 4, 1)
10752	(0, 0, 0, 0, 0, 3, 6, 6, 2, 6, 3, 2)
10753	(0, 0, 0, 0, 0, 3, 6, 5, 3, 6, 3, 2)
10754	(0, 0, 0, 0, 0, 3, 5, 6, 3, 6, 3, 2)
10755	(0, 0, 0, 0, 0, 2, 6, 6, 3, 6, 3, 2)
10756	(0, 0, 0, 0, 0, 3, 6, 4, 6, 6, 3, 1)
10757	(0, 0, 0, 0, 0, 3, 6, 4, 5, 6, 2, 2)
10758	(0, 0, 0, 0, 0, 3, 5, 4, 6, 6, 2, 2)
10759	(0, 0, 0, 0, 0, 2, 6, 4, 6, 6, 2, 2)
10760	(0, 0, 0, 0, 0, 3, 6, 3, 6, 6, 4, 1)
10761	(0, 0, 0, 0, 0, 3, 6, 3, 5, 6, 3, 2)
10762	(0, 0, 0, 0, 0, 3, 6, 2, 6, 6, 3, 2)
10763	(0, 0, 0, 0, 0, 3, 5, 3, 6, 6, 3, 2)
10764	(0, 0, 0, 0, 0, 2, 6, 3, 6, 6, 3, 2)
10765	(0, 0, 0, 0, 0, 3, 4, 6, 6, 6, 3, 1)
10766	(0, 0, 0, 0, 0, 3, 4, 6, 5, 6, 2, 2)
10767	(0, 0, 0, 0, 0, 3, 4, 5, 6, 6, 2, 2)
10768	(0, 0, 0, 0, 0, 2, 4, 6, 6, 6, 2, 2)
10769	(0, 0, 0, 0, 0, 3, 3, 6, 6, 6, 4, 1)
10770	(0, 0, 0, 0, 0, 3, 3, 6, 5, 6, 3, 2)
10771	(0, 0, 0, 0, 0, 3, 3, 5, 6, 6, 3, 2)
10772	(0, 0, 0, 0, 0, 3, 2, 6, 6, 6, 3, 2)
10773	(0, 0, 0, 0, 0, 2, 3, 6, 6, 6, 3, 2)
10774	(0, 0, 0, 0, 0, 1, 6, 6, 6, 6, 3, 1)
10775	(0, 0, 0, 0, 0, 1, 6, 6, 5, 6, 2, 2)
10776	(0, 0, 0, 0, 0, 1, 6, 5, 6, 6, 2, 2)
10777	(0, 0, 0, 0, 0, 1, 5, 6, 6, 6, 2, 2)
10778	(0, 0, 0, 0, 0, 0, 6, 6, 6, 6, 3, 2)
10779	(0, 0, 0, 0, 0, 6, 6, 0, 6, 6, 3, 2)
10780	(0, 0, 0, 1, 0, 6, 5, 5, 5, 8, 1, 0)
10781	(0, 0, 0, 1, 0, 5, 6, 5, 5, 8, 1, 0)
10782	(0, 0, 0, 1, 0, 5, 5, 6, 5, 8, 1, 0)
10783	(0, 0, 0, 1, 0, 5, 5, 5, 6, 8, 1, 0)
10784	(0, 0, 0, 1, 0, 6, 6, 5, 4, 7, 2, 0)
10785	(0, 0, 0, 1, 0, 6, 5, 6, 4, 7, 2, 0)
10786	(0, 0, 0, 1, 0, 5, 6, 6, 4, 7, 2, 0)
10787	(0, 0, 0, 1, 0, 6, 6, 6, 2, 7, 3, 0)
10788	(0, 0, 0, 1, 0, 6, 6, 5, 3, 7, 3, 0)
10789	(0, 0, 0, 1, 0, 6, 5, 6, 3, 7, 3, 0)
10790	(0, 0, 0, 1, 0, 5, 6, 6, 3, 7, 3, 0)
10791	(0, 0, 0, 1, 0, 6, 6, 4, 5, 7, 2, 0)
10792	(0, 0, 0, 1, 0, 6, 5, 4, 6, 7, 2, 0)
10793	(0, 0, 0, 1, 0, 5, 6, 4, 6, 7, 2, 0)
10794	(0, 0, 0, 1, 0, 6, 6, 3, 5, 7, 3, 0)
10795	(0, 0, 0, 1, 0, 6, 6, 2, 6, 7, 3, 0)
10796	(0, 0, 0, 1, 0, 6, 5, 3, 6, 7, 3, 0)
10797	(0, 0, 0, 1, 0, 5, 6, 3, 6, 7, 3, 0)
10798	(0, 0, 0, 1, 0, 6, 4, 6, 5, 7, 2, 0)
10799	(0, 0, 0, 1, 0, 6, 4, 5, 6, 7, 2, 0)
10800	(0, 0, 0, 1, 0, 5, 4, 6, 6, 7, 2, 0)
10801	(0, 0, 0, 1, 0, 6, 3, 6, 5, 7, 3, 0)
10802	(0, 0, 0, 1, 0, 6, 3, 5, 6, 7, 3, 0)
10803	(0, 0, 0, 1, 0, 6, 2, 6, 6, 7, 3, 0)
10804	(0, 0, 0, 1, 0, 5, 3, 6, 6, 7, 3, 0)
10805	(0, 0, 0, 1, 0, 4, 6, 6, 5, 7, 2, 0)
10806	(0, 0, 0, 1, 0, 4, 6, 5, 6, 7, 2, 0)
10807	(0, 0, 0, 1, 0, 4, 5, 6, 6, 7, 2, 0)
10808	(0, 0, 0, 1, 0, 3, 6, 6, 5, 7, 3, 0)
10809	(0, 0, 0, 1, 0, 3, 6, 5, 6, 7, 3, 0)
10810	(0, 0, 0, 1, 0, 3, 5, 6, 6, 7, 3, 0)
10811	(0, 0, 0, 1, 0, 2, 6, 6, 6, 7, 3, 0)
10812	(0, 0, 0, 0, 0, 6, 6, 5, 5, 8, 2, 0)
10813	(0, 0, 0, 0, 0, 6, 5, 6, 5, 8, 2, 0)
10814	(0, 0, 0, 0, 0, 6, 5, 5, 6, 8, 2, 0)
10815	(0, 0, 0, 0, 0, 5, 6, 6, 5, 8, 2, 0)
10816	(0, 0, 0, 0, 0, 5, 6, 5, 6, 8, 2, 0)
10817	(0, 0, 0, 0, 0, 5, 5, 6, 6, 8, 2, 0)
10818	(0, 0, 0, 0, 0, 6, 6, 6, 4, 7, 3, 0)
10819	(0, 0, 0, 0, 0, 6, 6, 6, 3, 7, 4, 0)
10820	(0, 0, 0, 0, 0, 6, 6, 4, 6, 7, 3, 0)
10821	(0, 0, 0, 0, 0, 6, 6, 3, 6, 7, 4, 0)
10822	(0, 0, 0, 0, 0, 6, 4, 6, 6, 7, 3, 0)
10823	(0, 0, 0, 0, 0, 6, 3, 6, 6, 7, 4, 0)
10824	(0, 0, 0, 0, 0, 4, 6, 6, 6, 7, 3, 0)
10825	(0, 0, 0, 0, 0, 3, 6, 6, 6, 7, 4, 0)
10826	(0, 0, 0, 1, 0, 5, 5, 5, 5, 8, 0, 1)
10827	(0, 0, 0, 1, 0, 6, 5, 5, 4, 7, 1, 1)
10828	(0, 0, 0, 1, 0, 5, 6, 5, 4, 7, 1, 1)
10829	(0, 0, 0, 1, 0, 5, 5, 6, 4, 7, 1, 1)
10830	(0, 0, 0, 1, 0, 5, 5, 5, 4, 7, 0, 2)
10831	(0, 0, 0, 1, 0, 6, 6, 5, 2, 7, 2, 1)
10832	(0, 0, 0, 1, 0, 6, 5, 6, 2, 7, 2, 1)
10833	(0, 0, 0, 1, 0, 6, 5, 5, 3, 7, 2, 1)
10834	(0, 0, 0, 1, 0, 6, 5, 5, 2, 7, 1, 2)
10835	(0, 0, 0, 1, 0, 5, 6, 6, 2, 7, 2, 1)
10836	(0, 0, 0, 1, 0, 5, 6, 5, 3, 7, 2, 1)
10837	(0, 0, 0, 1, 0, 5, 6, 5, 2, 7, 1, 2)
10838	(0, 0, 0, 1, 0, 5, 5, 6, 3, 7, 2, 1)
10839	(0, 0, 0, 1, 0, 5, 5, 6, 2, 7, 1, 2)
10840	(0, 0, 0, 1, 0, 5, 5, 5, 3, 7, 1, 2)
10841	(0, 0, 0, 1, 0, 6, 6, 6, 1, 6, 3, 1)
10842	(0, 0, 0, 1, 0, 6, 6, 5, 1, 6, 2, 2)
10843	(0, 0, 0, 1, 0, 6, 5, 6, 1, 6, 2, 2)
10844	(0, 0, 0, 1, 0, 5, 6, 6, 1, 6, 2, 2)
10845	(0, 0, 0, 1, 0, 6, 5, 4, 5, 7, 1, 1)
10846	(0, 0, 0, 1, 0, 5, 6, 4, 5, 7, 1, 1)
10847	(0, 0, 0, 1, 0, 5, 5, 4, 6, 7, 1, 1)
10848	(0, 0, 0, 1, 0, 5, 5, 4, 5, 7, 0, 2)
10849	(0, 0, 0, 1, 0, 6, 6, 4, 4, 6, 2, 1)
10850	(0, 0, 0, 1, 0, 6, 5, 4, 4, 6, 1, 2)
10851	(0, 0, 0, 1, 0, 5, 6, 4, 4, 6, 1, 2)
10852	(0, 0, 0, 1, 0, 6, 6, 4, 3, 6, 3, 1)
10853	(0, 0, 0, 1, 0, 6, 6, 4, 2, 6, 2, 2)
10854	(0, 0, 0, 1, 0, 6, 5, 4, 3, 6, 2, 2)
10855	(0, 0, 0, 1, 0, 5, 6, 4, 3, 6, 2, 2)
10856	(0, 0, 0, 1, 0, 6, 6, 2, 5, 7, 2, 1)
10857	(0, 0, 0, 1, 0, 6, 5, 3, 5, 7, 2, 1)
10858	(0, 0, 0, 1, 0, 6, 5, 2, 6, 7, 2, 1)
10859	(0, 0, 0, 1, 0, 6, 5, 2, 5, 7, 1, 2)
10860	(0, 0, 0, 1, 0, 5, 6, 3, 5, 7, 2, 1)
10861	(0, 0, 0, 1, 0, 5, 6, 2, 6, 7, 2, 1)
10862	(0, 0, 0, 1, 0, 5, 6, 2, 5, 7, 1, 2)
10863	(0, 0, 0, 1, 0, 5, 5, 3, 6, 7, 2, 1)
10864	(0, 0, 0, 1, 0, 5, 5, 3, 5, 7, 1, 2)
10865	(0, 0, 0, 1, 0, 5, 5, 2, 6, 7, 1, 2)
10866	(0, 0, 0, 1, 0, 6, 6, 3, 4, 6, 3, 1)
10867	(0, 0, 0, 1, 0, 6, 6, 2, 4, 6, 2, 2)
10868	(0, 0, 0, 1, 0, 6, 5, 3, 4, 6, 2, 2)
10869	(0, 0, 0, 1, 0, 5, 6, 3, 4, 6, 2, 2)
10870	(0, 0, 0, 1, 0, 6, 6, 3, 3, 6, 4, 1)
10871	(0, 0, 0, 1, 0, 6, 6, 3, 2, 6, 3, 2)
10872	(0, 0, 0, 1, 0, 6, 6, 2, 3, 6, 3, 2)
10873	(0, 0, 0, 1, 0, 6, 5, 3, 3, 6, 3, 2)
10874	(0, 0, 0, 1, 0, 5, 6, 3, 3, 6, 3, 2)
10875	(0, 0, 0, 1, 0, 6, 6, 1, 6, 6, 3, 1)
10876	(0, 0, 0, 1, 0, 6, 6, 1, 5, 6, 2, 2)
10877	(0, 0, 0, 1, 0, 6, 5, 1, 6, 6, 2, 2)
10878	(0, 0, 0, 1, 0, 5, 6, 1, 6, 6, 2, 2)
10879	(0, 0, 0, 1, 0, 6, 4, 5, 5, 7, 1, 1)
10880	(0, 0, 0, 1, 0, 5, 4, 6, 5, 7, 1, 1)
10881	(0, 0, 0, 1, 0, 5, 4, 5, 6, 7, 1, 1)
10882	(0, 0, 0, 1, 0, 5, 4, 5, 5, 7, 0, 2)
10883	(0, 0, 0, 1, 0, 6, 4, 6, 4, 6, 2, 1)
10884	(0, 0, 0, 1, 0, 6, 4, 5, 4, 6, 1, 2)
10885	(0, 0, 0, 1, 0, 5, 4, 6, 4, 6, 1, 2)
10886	(0, 0, 0, 1, 0, 6, 4, 6, 3, 6, 3, 1)
10887	(0, 0, 0, 1, 0, 6, 4, 6, 2, 6, 2, 2)
10888	(0, 0, 0, 1, 0, 6, 4, 5, 3, 6, 2, 2)
10889	(0, 0, 0, 1, 0, 5, 4, 6, 3, 6, 2, 2)
10890	(0, 0, 0, 1, 0, 6, 4, 4, 6, 6, 2, 1)
10891	(0, 0, 0, 1, 0, 6, 4, 4, 5, 6, 1, 2)
10892	(0, 0, 0, 1, 0, 5, 4, 4, 6, 6, 1, 2)
10893	(0, 0, 0, 1, 0, 6, 4, 3, 6, 6, 3, 1)
10894	(0, 0, 0, 1, 0, 6, 4, 3, 5, 6, 2, 2)
10895	(0, 0, 0, 1, 0, 6, 4, 2, 6, 6, 2, 2)
10896	(0, 0, 0, 1, 0, 5, 4, 3, 6, 6, 2, 2)
10897	(0, 0, 0, 1, 0, 6, 3, 5, 5, 7, 2, 1)
10898	(0, 0, 0, 1, 0, 6, 2, 6, 5, 7, 2, 1)
10899	(0, 0, 0, 1, 0, 6, 2, 5, 6, 7, 2, 1)
10900	(0, 0, 0, 1, 0, 6, 2, 5, 5, 7, 1, 2)
10901	(0, 0, 0, 1, 0, 5, 3, 6, 5, 7, 2, 1)
10902	(0, 0, 0, 1, 0, 5, 3, 5, 6, 7, 2, 1)
10903	(0, 0, 0, 1, 0, 5, 3, 5, 5, 7, 1, 2)
10904	(0, 0, 0, 1, 0, 5, 2, 6, 6, 7, 2, 1)
10905	(0, 0, 0, 1, 0, 5, 2, 6, 5, 7, 1, 2)
10906	(0, 0, 0, 1, 0, 5, 2, 5, 6, 7, 1, 2)
10907	(0, 0, 0, 1, 0, 6, 3, 6, 4, 6, 3, 1)
10908	(0, 0, 0, 1, 0, 6, 3, 5, 4, 6, 2, 2)
10909	(0, 0, 0, 1, 0, 6, 2, 6, 4, 6, 2, 2)
10910	(0, 0, 0, 1, 0, 5, 3, 6, 4, 6, 2, 2)
10911	(0, 0, 0, 1, 0, 6, 3, 6, 3, 6, 4, 1)
10912	(0, 0, 0, 1, 0, 6, 3, 6, 2, 6, 3, 2)
10913	(0, 0, 0, 1, 0, 6, 3, 5, 3, 6, 3, 2)
10914	(0, 0, 0, 1, 0, 6, 2, 6, 3, 6, 3, 2)
10915	(0, 0, 0, 1, 0, 5, 3, 6, 3, 6, 3, 2)
10916	(0, 0, 0, 1, 0, 6, 3, 4, 6, 6, 3, 1)
10917	(0, 0, 0, 1, 0, 6, 3, 4, 5, 6, 2, 2)
10918	(0, 0, 0, 1, 0, 6, 2, 4, 6, 6, 2, 2)
10919	(0, 0, 0, 1, 0, 5, 3, 4, 6, 6, 2, 2)
10920	(0, 0, 0, 1, 0, 6, 3, 3, 6, 6, 4, 1)
10921	(0, 0, 0, 1, 0, 6, 3, 3, 5, 6, 3, 2)
10922	(0, 0, 0, 1, 0, 6, 3, 2, 6, 6, 3, 2)
10923	(0, 0, 0, 1, 0, 6, 2, 3, 6, 6, 3, 2)
10924	(0, 0, 0, 1, 0, 5, 3, 3, 6, 6, 3, 2)
10925	(0, 0, 0, 1, 0, 6, 1, 6, 6, 6, 3, 1)
10926	(0, 0, 0, 1, 0, 6, 1, 6, 5, 6, 2, 2)
10927	(0, 0, 0, 1, 0, 6, 1, 5, 6, 6, 2, 2)
10928	(0, 0, 0, 1, 0, 5, 1, 6, 6, 6, 2, 2)
10929	(0, 0, 0, 1, 0, 4, 6, 5, 5, 7, 1, 1)
10930	(0, 0, 0, 1, 0, 4, 5, 6, 5, 7, 1, 1)
10931	(0, 0, 0, 1, 0, 4, 5, 5, 6, 7, 1, 1)
10932	(0, 0, 0, 1, 0, 4, 5, 5, 5, 7, 0, 2)
10933	(0, 0, 0, 1, 0, 4, 6, 6, 4, 6, 2, 1)
10934	(0, 0, 0, 1, 0, 4, 6, 5, 4, 6, 1, 2)
10935	(0, 0, 0, 1, 0, 4, 5, 6, 4, 6, 1, 2)
10936	(0, 0, 0, 1, 0, 4, 6, 6, 3, 6, 3, 1)
10937	(0, 0, 0, 1, 0, 4, 6, 6, 2, 6, 2, 2)
10938	(0, 0, 0, 1, 0, 4, 6, 5, 3, 6, 2, 2)
10939	(0, 0, 0, 1, 0, 4, 5, 6, 3, 6, 2, 2)
10940	(0, 0, 0, 1, 0, 4, 6, 4, 6, 6, 2, 1)
10941	(0, 0, 0, 1, 0, 4, 6, 4, 5, 6, 1, 2)
10942	(0, 0, 0, 1, 0, 4, 5, 4, 6, 6, 1, 2)
10943	(0, 0, 0, 1, 0, 4, 6, 3, 6, 6, 3, 1)
10944	(0, 0, 0, 1, 0, 4, 6, 3, 5, 6, 2, 2)
10945	(0, 0, 0, 1, 0, 4, 6, 2, 6, 6, 2, 2)
10946	(0, 0, 0, 1, 0, 4, 5, 3, 6, 6, 2, 2)
10947	(0, 0, 0, 1, 0, 4, 4, 6, 6, 6, 2, 1)
10948	(0, 0, 0, 1, 0, 4, 4, 6, 5, 6, 1, 2)
10949	(0, 0, 0, 1, 0, 4, 4, 5, 6, 6, 1, 2)
10950	(0, 0, 0, 1, 0, 4, 3, 6, 6, 6, 3, 1)
10951	(0, 0, 0, 1, 0, 4, 3, 6, 5, 6, 2, 2)
10952	(0, 0, 0, 1, 0, 4, 3, 5, 6, 6, 2, 2)
10953	(0, 0, 0, 1, 0, 4, 2, 6, 6, 6, 2, 2)
10954	(0, 0, 0, 1, 0, 3, 6, 5, 5, 7, 2, 1)
10955	(0, 0, 0, 1, 0, 3, 5, 6, 5, 7, 2, 1)
10956	(0, 0, 0, 1, 0, 3, 5, 5, 6, 7, 2, 1)
10957	(0, 0, 0, 1, 0, 3, 5, 5, 5, 7, 1, 2)
10958	(0, 0, 0, 1, 0, 2, 6, 6, 5, 7, 2, 1)
10959	(0, 0, 0, 1, 0, 2, 6, 5, 6, 7, 2, 1)
10960	(0, 0, 0, 1, 0, 2, 6, 5, 5, 7, 1, 2)
10961	(0, 0, 0, 1, 0, 2, 5, 6, 6, 7, 2, 1)
10962	(0, 0, 0, 1, 0, 2, 5, 6, 5, 7, 1, 2)
10963	(0, 0, 0, 1, 0, 2, 5, 5, 6, 7, 1, 2)
10964	(0, 0, 0, 1, 0, 3, 6, 6, 4, 6, 3, 1)
10965	(0, 0, 0, 1, 0, 3, 6, 5, 4, 6, 2, 2)
10966	(0, 0, 0, 1, 0, 3, 5, 6, 4, 6, 2, 2)
10967	(0, 0, 0, 1, 0, 2, 6, 6, 4, 6, 2, 2)
10968	(0, 0, 0, 1, 0, 3, 6, 6, 3, 6, 4, 1)
10969	(0, 0, 0, 1, 0, 3, 6, 6, 2, 6, 3, 2)
10970	(0, 0, 0, 1, 0, 3, 6, 5, 3, 6, 3, 2)
10971	(0, 0, 0, 1, 0, 3, 5, 6, 3, 6, 3, 2)
10972	(0, 0, 0, 1, 0, 2, 6, 6, 3, 6, 3, 2)
10973	(0, 0, 0, 1, 0, 3, 6, 4, 6, 6, 3, 1)
10974	(0, 0, 0, 1, 0, 3, 6, 4, 5, 6, 2, 2)
10975	(0, 0, 0, 1, 0, 3, 5, 4, 6, 6, 2, 2)
10976	(0, 0, 0, 1, 0, 2, 6, 4, 6, 6, 2, 2)
10977	(0, 0, 0, 1, 0, 3, 6, 3, 6, 6, 4, 1)
10978	(0, 0, 0, 1, 0, 3, 6, 3, 5, 6, 3, 2)
10979	(0, 0, 0, 1, 0, 3, 6, 2, 6, 6, 3, 2)
10980	(0, 0, 0, 1, 0, 3, 5, 3, 6, 6, 3, 2)
10981	(0, 0, 0, 1, 0, 2, 6, 3, 6, 6, 3, 2)
10982	(0, 0, 0, 1, 0, 3, 4, 6, 6, 6, 3, 1)
10983	(0, 0, 0, 1, 0, 3, 4, 6, 5, 6, 2, 2)
10984	(0, 0, 0, 1, 0, 3, 4, 5, 6, 6, 2, 2)
10985	(0, 0, 0, 1, 0, 2, 4, 6, 6, 6, 2, 2)
10986	(0, 0, 0, 1, 0, 3, 3, 6, 6, 6, 4, 1)
10987	(0, 0, 0, 1, 0, 3, 3, 6, 5, 6, 3, 2)
10988	(0, 0, 0, 1, 0, 3, 3, 5, 6, 6, 3, 2)
10989	(0, 0, 0, 1, 0, 3, 2, 6, 6, 6, 3, 2)
10990	(0, 0, 0, 1, 0, 2, 3, 6, 6, 6, 3, 2)
10991	(0, 0, 0, 1, 0, 1, 6, 6, 6, 6, 3, 1)
10992	(0, 0, 0, 1, 0, 1, 6, 6, 5, 6, 2, 2)
10993	(0, 0, 0, 1, 0, 1, 6, 5, 6, 6, 2, 2)
10994	(0, 0, 0, 1, 0, 1, 5, 6, 6, 6, 2, 2)
10995	(0, 0, 0, 1, 0, 0, 6, 6, 6, 6, 3, 2)
10996	(0, 0, 0, 1, 0, 6, 6, 0, 6, 6, 3, 2)
10997	(0, 0, 0, 0, 0, 6, 5, 5, 5, 8, 1, 1)
10998	(0, 0, 0, 0, 0, 5, 6, 5, 5, 8, 1, 1)
10999	(0, 0, 0, 0, 0, 5, 5, 6, 5, 8, 1, 1)
11000	(0, 0, 0, 0, 0, 5, 5, 5, 6, 8, 1, 1)
11001	(0, 0, 0, 0, 0, 5, 5, 5, 5, 8, 0, 2)
11002	(0, 0, 0, 0, 0, 6, 6, 5, 4, 7, 2, 1)
11003	(0, 0, 0, 0, 0, 6, 5, 6, 4, 7, 2, 1)
11004	(0, 0, 0, 0, 0, 6, 5, 5, 4, 7, 1, 2)
11005	(0, 0, 0, 0, 0, 5, 6, 6, 4, 7, 2, 1)
11006	(0, 0, 0, 0, 0, 5, 6, 5, 4, 7, 1, 2)
11007	(0, 0, 0, 0, 0, 5, 5, 6, 4, 7, 1, 2)
11008	(0, 0, 0, 0, 0, 6, 6, 6, 2, 7, 3, 1)
11009	(0, 0, 0, 0, 0, 6, 6, 5, 3, 7, 3, 1)
11010	(0, 0, 0, 0, 0, 6, 6, 5, 2, 7, 2, 2)
11011	(0, 0, 0, 0, 0, 6, 5, 6, 3, 7, 3, 1)
11012	(0, 0, 0, 0, 0, 6, 5, 6, 2, 7, 2, 2)
11013	(0, 0, 0, 0, 0, 6, 5, 5, 3, 7, 2, 2)
11014	(0, 0, 0, 0, 0, 5, 6, 6, 3, 7, 3, 1)
11015	(0, 0, 0, 0, 0, 5, 6, 6, 2, 7, 2, 2)
11016	(0, 0, 0, 0, 0, 5, 6, 5, 3, 7, 2, 2)
11017	(0, 0, 0, 0, 0, 5, 5, 6, 3, 7, 2, 2)
11018	(0, 0, 0, 0, 0, 6, 6, 6, 1, 6, 3, 2)
11019	(0, 0, 0, 0, 0, 6, 6, 4, 5, 7, 2, 1)
11020	(0, 0, 0, 0, 0, 6, 5, 4, 6, 7, 2, 1)
11021	(0, 0, 0, 0, 0, 6, 5, 4, 5, 7, 1, 2)
11022	(0, 0, 0, 0, 0, 5, 6, 4, 6, 7, 2, 1)
11023	(0, 0, 0, 0, 0, 5, 6, 4, 5, 7, 1, 2)
11024	(0, 0, 0, 0, 0, 5, 5, 4, 6, 7, 1, 2)
11025	(0, 0, 0, 0, 0, 6, 6, 4, 4, 6, 2, 2)
11026	(0, 0, 0, 0, 0, 6, 6, 4, 3, 6, 3, 2)
11027	(0, 0, 0, 0, 0, 6, 6, 3, 5, 7, 3, 1)
11028	(0, 0, 0, 0, 0, 6, 6, 2, 6, 7, 3, 1)
11029	(0, 0, 0, 0, 0, 6, 6, 2, 5, 7, 2, 2)
11030	(0, 0, 0, 0, 0, 6, 5, 3, 6, 7, 3, 1)
11031	(0, 0, 0, 0, 0, 6, 5, 3, 5, 7, 2, 2)
11032	(0, 0, 0, 0, 0, 6, 5, 2, 6, 7, 2, 2)
11033	(0, 0, 0, 0, 0, 5, 6, 3, 6, 7, 3, 1)
11034	(0, 0, 0, 0, 0, 5, 6, 3, 5, 7, 2, 2)
11035	(0, 0, 0, 0, 0, 5, 6, 2, 6, 7, 2, 2)
11036	(0, 0, 0, 0, 0, 5, 5, 3, 6, 7, 2, 2)
11037	(0, 0, 0, 0, 0, 6, 6, 3, 4, 6, 3, 2)
11038	(0, 0, 0, 0, 0, 6, 6, 3, 3, 6, 4, 2)
11039	(0, 0, 0, 0, 0, 6, 6, 1, 6, 6, 3, 2)
11040	(0, 0, 0, 0, 0, 6, 4, 6, 5, 7, 2, 1)
11041	(0, 0, 0, 0, 0, 6, 4, 5, 6, 7, 2, 1)
11042	(0, 0, 0, 0, 0, 6, 4, 5, 5, 7, 1, 2)
11043	(0, 0, 0, 0, 0, 5, 4, 6, 6, 7, 2, 1)
11044	(0, 0, 0, 0, 0, 5, 4, 6, 5, 7, 1, 2)
11045	(0, 0, 0, 0, 0, 5, 4, 5, 6, 7, 1, 2)
11046	(0, 0, 0, 0, 0, 6, 4, 6, 4, 6, 2, 2)
11047	(0, 0, 0, 0, 0, 6, 4, 6, 3, 6, 3, 2)
11048	(0, 0, 0, 0, 0, 6, 4, 4, 6, 6, 2, 2)
11049	(0, 0, 0, 0, 0, 6, 4, 3, 6, 6, 3, 2)
11050	(0, 0, 0, 0, 0, 6, 3, 6, 5, 7, 3, 1)
11051	(0, 0, 0, 0, 0, 6, 3, 5, 6, 7, 3, 1)
11052	(0, 0, 0, 0, 0, 6, 3, 5, 5, 7, 2, 2)
11053	(0, 0, 0, 0, 0, 6, 2, 6, 6, 7, 3, 1)
11054	(0, 0, 0, 0, 0, 6, 2, 6, 5, 7, 2, 2)
11055	(0, 0, 0, 0, 0, 6, 2, 5, 6, 7, 2, 2)
11056	(0, 0, 0, 0, 0, 5, 3, 6, 6, 7, 3, 1)
11057	(0, 0, 0, 0, 0, 5, 3, 6, 5, 7, 2, 2)
11058	(0, 0, 0, 0, 0, 5, 3, 5, 6, 7, 2, 2)
11059	(0, 0, 0, 0, 0, 5, 2, 6, 6, 7, 2, 2)
11060	(0, 0, 0, 0, 0, 6, 3, 6, 4, 6, 3, 2)
11061	(0, 0, 0, 0, 0, 6, 3, 6, 3, 6, 4, 2)
11062	(0, 0, 0, 0, 0, 6, 3, 4, 6, 6, 3, 2)
11063	(0, 0, 0, 0, 0, 6, 3, 3, 6, 6, 4, 2)
11064	(0, 0, 0, 0, 0, 6, 1, 6, 6, 6, 3, 2)
11065	(0, 0, 0, 0, 0, 4, 6, 6, 5, 7, 2, 1)
11066	(0, 0, 0, 0, 0, 4, 6, 5, 6, 7, 2, 1)
11067	(0, 0, 0, 0, 0, 4, 6, 5, 5, 7, 1, 2)
11068	(0, 0, 0, 0, 0, 4, 5, 6, 6, 7, 2, 1)
11069	(0, 0, 0, 0, 0, 4, 5, 6, 5, 7, 1, 2)
11070	(0, 0, 0, 0, 0, 4, 5, 5, 6, 7, 1, 2)
11071	(0, 0, 0, 0, 0, 4, 6, 6, 4, 6, 2, 2)
11072	(0, 0, 0, 0, 0, 4, 6, 6, 3, 6, 3, 2)
11073	(0, 0, 0, 0, 0, 4, 6, 4, 6, 6, 2, 2)
11074	(0, 0, 0, 0, 0, 4, 6, 3, 6, 6, 3, 2)
11075	(0, 0, 0, 0, 0, 4, 4, 6, 6, 6, 2, 2)
11076	(0, 0, 0, 0, 0, 4, 3, 6, 6, 6, 3, 2)
11077	(0, 0, 0, 0, 0, 3, 6, 6, 5, 7, 3, 1)
11078	(0, 0, 0, 0, 0, 3, 6, 5, 6, 7, 3, 1)
11079	(0, 0, 0, 0, 0, 3, 6, 5, 5, 7, 2, 2)
11080	(0, 0, 0, 0, 0, 3, 5, 6, 6, 7, 3, 1)
11081	(0, 0, 0, 0, 0, 3, 5, 6, 5, 7, 2, 2)
11082	(0, 0, 0, 0, 0, 3, 5, 5, 6, 7, 2, 2)
11083	(0, 0, 0, 0, 0, 2, 6, 6, 6, 7, 3, 1)
11084	(0, 0, 0, 0, 0, 2, 6, 6, 5, 7, 2, 2)
11085	(0, 0, 0, 0, 0, 2, 6, 5, 6, 7, 2, 2)
11086	(0, 0, 0, 0, 0, 2, 5, 6, 6, 7, 2, 2)
11087	(0, 0, 0, 0, 0, 3, 6, 6, 4, 6, 3, 2)
11088	(0, 0, 0, 0, 0, 3, 6, 6, 3, 6, 4, 2)
11089	(0, 0, 0, 0, 0, 3, 6, 4, 6, 6, 3, 2)
11090	(0, 0, 0, 0, 0, 3, 6, 3, 6, 6, 4, 2)
11091	(0, 0, 0, 0, 0, 3, 4, 6, 6, 6, 3, 2)
11092	(0, 0, 0, 0, 0, 3, 3, 6, 6, 6, 4, 2)
11093	(0, 0, 0, 0, 0, 1, 6, 6, 6, 6, 3, 2)
11094	(0, 0, 0, 1, 0, 6, 6, 5, 5, 8, 2, 0)
11095	(0, 0, 0, 1, 0, 6, 5, 6, 5, 8, 2, 0)
11096	(0, 0, 0, 1, 0, 6, 5, 5, 6, 8, 2, 0)
11097	(0, 0, 0, 1, 0, 5, 6, 6, 5, 8, 2, 0)
11098	(0, 0, 0, 1, 0, 5, 6, 5, 6, 8, 2, 0)
11099	(0, 0, 0, 1, 0, 5, 5, 6, 6, 8, 2, 0)
11100	(0, 0, 0, 1, 0, 6, 6, 6, 4, 7, 3, 0)
11101	(0, 0, 0, 1, 0, 6, 6, 6, 3, 7, 4, 0)
11102	(0, 0, 0, 1, 0, 6, 6, 4, 6, 7, 3, 0)
11103	(0, 0, 0, 1, 0, 6, 6, 3, 6, 7, 4, 0)
11104	(0, 0, 0, 1, 0, 6, 4, 6, 6, 7, 3, 0)
11105	(0, 0, 0, 1, 0, 6, 3, 6, 6, 7, 4, 0)
11106	(0, 0, 0, 1, 0, 4, 6, 6, 6, 7, 3, 0)
11107	(0, 0, 0, 1, 0, 3, 6, 6, 6, 7, 4, 0)
11108	(0, 0, 0, 0, 0, 6, 6, 6, 5, 8, 3, 0)
11109	(0, 0, 0, 0, 0, 6, 6, 5, 6, 8, 3, 0)
11110	(0, 0, 0, 0, 0, 6, 5, 6, 6, 8, 3, 0)
11111	(0, 0, 0, 0, 0, 5, 6, 6, 6, 8, 3, 0)
11112	(0, 0, 0, 1, 0, 6, 5, 5, 5, 8, 1, 1)
11113	(0, 0, 0, 1, 0, 5, 6, 5, 5, 8, 1, 1)
11114	(0, 0, 0, 1, 0, 5, 5, 6, 5, 8, 1, 1)
11115	(0, 0, 0, 1, 0, 5, 5, 5, 6, 8, 1, 1)
11116	(0, 0, 0, 1, 0, 5, 5, 5, 5, 8, 0, 2)
11117	(0, 0, 0, 1, 0, 6, 6, 5, 4, 7, 2, 1)
11118	(0, 0, 0, 1, 0, 6, 5, 6, 4, 7, 2, 1)
11119	(0, 0, 0, 1, 0, 6, 5, 5, 4, 7, 1, 2)
11120	(0, 0, 0, 1, 0, 5, 6, 6, 4, 7, 2, 1)
11121	(0, 0, 0, 1, 0, 5, 6, 5, 4, 7, 1, 2)
11122	(0, 0, 0, 1, 0, 5, 5, 6, 4, 7, 1, 2)
11123	(0, 0, 0, 1, 0, 6, 6, 6, 2, 7, 3, 1)
11124	(0, 0, 0, 1, 0, 6, 6, 5, 3, 7, 3, 1)
11125	(0, 0, 0, 1, 0, 6, 6, 5, 2, 7, 2, 2)
11126	(0, 0, 0, 1, 0, 6, 5, 6, 3, 7, 3, 1)
11127	(0, 0, 0, 1, 0, 6, 5, 6, 2, 7, 2, 2)
11128	(0, 0, 0, 1, 0, 6, 5, 5, 3, 7, 2, 2)
11129	(0, 0, 0, 1, 0, 5, 6, 6, 3, 7, 3, 1)
11130	(0, 0, 0, 1, 0, 5, 6, 6, 2, 7, 2, 2)
11131	(0, 0, 0, 1, 0, 5, 6, 5, 3, 7, 2, 2)
11132	(0, 0, 0, 1, 0, 5, 5, 6, 3, 7, 2, 2)
11133	(0, 0, 0, 1, 0, 6, 6, 6, 1, 6, 3, 2)
11134	(0, 0, 0, 1, 0, 6, 6, 4, 5, 7, 2, 1)
11135	(0, 0, 0, 1, 0, 6, 5, 4, 6, 7, 2, 1)
11136	(0, 0, 0, 1, 0, 6, 5, 4, 5, 7, 1, 2)
11137	(0, 0, 0, 1, 0, 5, 6, 4, 6, 7, 2, 1)
11138	(0, 0, 0, 1, 0, 5, 6, 4, 5, 7, 1, 2)
11139	(0, 0, 0, 1, 0, 5, 5, 4, 6, 7, 1, 2)
11140	(0, 0, 0, 1, 0, 6, 6, 4, 4, 6, 2, 2)
11141	(0, 0, 0, 1, 0, 6, 6, 4, 3, 6, 3, 2)
11142	(0, 0, 0, 1, 0, 6, 6, 3, 5, 7, 3, 1)
11143	(0, 0, 0, 1, 0, 6, 6, 2, 6, 7, 3, 1)
11144	(0, 0, 0, 1, 0, 6, 6, 2, 5, 7, 2, 2)
11145	(0, 0, 0, 1, 0, 6, 5, 3, 6, 7, 3, 1)
11146	(0, 0, 0, 1, 0, 6, 5, 3, 5, 7, 2, 2)
11147	(0, 0, 0, 1, 0, 6, 5, 2, 6, 7, 2, 2)
11148	(0, 0, 0, 1, 0, 5, 6, 3, 6, 7, 3, 1)
11149	(0, 0, 0, 1, 0, 5, 6, 3, 5, 7, 2, 2)
11150	(0, 0, 0, 1, 0, 5, 6, 2, 6, 7, 2, 2)
11151	(0, 0, 0, 1, 0, 5, 5, 3, 6, 7, 2, 2)
11152	(0, 0, 0, 1, 0, 6, 6, 3, 4, 6, 3, 2)
11153	(0, 0, 0, 1, 0, 6, 6, 3, 3, 6, 4, 2)
11154	(0, 0, 0, 1, 0, 6, 6, 1, 6, 6, 3, 2)
11155	(0, 0, 0, 1, 0, 6, 4, 6, 5, 7, 2, 1)
11156	(0, 0, 0, 1, 0, 6, 4, 5, 6, 7, 2, 1)
11157	(0, 0, 0, 1, 0, 6, 4, 5, 5, 7, 1, 2)
11158	(0, 0, 0, 1, 0, 5, 4, 6, 6, 7, 2, 1)
11159	(0, 0, 0, 1, 0, 5, 4, 6, 5, 7, 1, 2)
11160	(0, 0, 0, 1, 0, 5, 4, 5, 6, 7, 1, 2)
11161	(0, 0, 0, 1, 0, 6, 4, 6, 4, 6, 2, 2)
11162	(0, 0, 0, 1, 0, 6, 4, 6, 3, 6, 3, 2)
11163	(0, 0, 0, 1, 0, 6, 4, 4, 6, 6, 2, 2)
11164	(0, 0, 0, 1, 0, 6, 4, 3, 6, 6, 3, 2)
11165	(0, 0, 0, 1, 0, 6, 3, 6, 5, 7, 3, 1)
11166	(0, 0, 0, 1, 0, 6, 3, 5, 6, 7, 3, 1)
11167	(0, 0, 0, 1, 0, 6, 3, 5, 5, 7, 2, 2)
11168	(0, 0, 0, 1, 0, 6, 2, 6, 6, 7, 3, 1)
11169	(0, 0, 0, 1, 0, 6, 2, 6, 5, 7, 2, 2)
11170	(0, 0, 0, 1, 0, 6, 2, 5, 6, 7, 2, 2)
11171	(0, 0, 0, 1, 0, 5, 3, 6, 6, 7, 3, 1)
11172	(0, 0, 0, 1, 0, 5, 3, 6, 5, 7, 2, 2)
11173	(0, 0, 0, 1, 0, 5, 3, 5, 6, 7, 2, 2)
11174	(0, 0, 0, 1, 0, 5, 2, 6, 6, 7, 2, 2)
11175	(0, 0, 0, 1, 0, 6, 3, 6, 4, 6, 3, 2)
11176	(0, 0, 0, 1, 0, 6, 3, 6, 3, 6, 4, 2)
11177	(0, 0, 0, 1, 0, 6, 3, 4, 6, 6, 3, 2)
11178	(0, 0, 0, 1, 0, 6, 3, 3, 6, 6, 4, 2)
11179	(0, 0, 0, 1, 0, 6, 1, 6, 6, 6, 3, 2)
11180	(0, 0, 0, 1, 0, 4, 6, 6, 5, 7, 2, 1)
11181	(0, 0, 0, 1, 0, 4, 6, 5, 6, 7, 2, 1)
11182	(0, 0, 0, 1, 0, 4, 6, 5, 5, 7, 1, 2)
11183	(0, 0, 0, 1, 0, 4, 5, 6, 6, 7, 2, 1)
11184	(0, 0, 0, 1, 0, 4, 5, 6, 5, 7, 1, 2)
11185	(0, 0, 0, 1, 0, 4, 5, 5, 6, 7, 1, 2)
11186	(0, 0, 0, 1, 0, 4, 6, 6, 4, 6, 2, 2)
11187	(0, 0, 0, 1, 0, 4, 6, 6, 3, 6, 3, 2)
11188	(0, 0, 0, 1, 0, 4, 6, 4, 6, 6, 2, 2)
11189	(0, 0, 0, 1, 0, 4, 6, 3, 6, 6, 3, 2)
11190	(0, 0, 0, 1, 0, 4, 4, 6, 6, 6, 2, 2)
11191	(0, 0, 0, 1, 0, 4, 3, 6, 6, 6, 3, 2)
11192	(0, 0, 0, 1, 0, 3, 6, 6, 5, 7, 3, 1)
11193	(0, 0, 0, 1, 0, 3, 6, 5, 6, 7, 3, 1)
11194	(0, 0, 0, 1, 0, 3, 6, 5, 5, 7, 2, 2)
11195	(0, 0, 0, 1, 0, 3, 5, 6, 6, 7, 3, 1)
11196	(0, 0, 0, 1, 0, 3, 5, 6, 5, 7, 2, 2)
11197	(0, 0, 0, 1, 0, 3, 5, 5, 6, 7, 2, 2)
11198	(0, 0, 0, 1, 0, 2, 6, 6, 6, 7, 3, 1)
11199	(0, 0, 0, 1, 0, 2, 6, 6, 5, 7, 2, 2)
11200	(0, 0, 0, 1, 0, 2, 6, 5, 6, 7, 2, 2)
11201	(0, 0, 0, 1, 0, 2, 5, 6, 6, 7, 2, 2)
11202	(0, 0, 0, 1, 0, 3, 6, 6, 4, 6, 3, 2)
11203	(0, 0, 0, 1, 0, 3, 6, 6, 3, 6, 4, 2)
11204	(0, 0, 0, 1, 0, 3, 6, 4, 6, 6, 3, 2)
11205	(0, 0, 0, 1, 0, 3, 6, 3, 6, 6, 4, 2)
11206	(0, 0, 0, 1, 0, 3, 4, 6, 6, 6, 3, 2)
11207	(0, 0, 0, 1, 0, 3, 3, 6, 6, 6, 4, 2)
11208	(0, 0, 0, 1, 0, 1, 6, 6, 6, 6, 3, 2)
11209	(0, 0, 0, 0, 0, 6, 6, 5, 5, 8, 2, 1)
11210	(0, 0, 0, 0, 0, 6, 5, 6, 5, 8, 2, 1)
11211	(0, 0, 0, 0, 0, 6, 5, 5, 6, 8, 2, 1)
11212	(0, 0, 0, 0, 0, 6, 5, 5, 5, 8, 1, 2)
11213	(0, 0, 0, 0, 0, 5, 6, 6, 5, 8, 2, 1)
11214	(0, 0, 0, 0, 0, 5, 6, 5, 6, 8, 2, 1)
11215	(0, 0, 0, 0, 0, 5, 6, 5, 5, 8, 1, 2)
11216	(0, 0, 0, 0, 0, 5, 5, 6, 6, 8, 2, 1)
11217	(0, 0, 0, 0, 0, 5, 5, 6, 5, 8, 1, 2)
11218	(0, 0, 0, 0, 0, 5, 5, 5, 6, 8, 1, 2)
11219	(0, 0, 0, 0, 0, 6, 6, 6, 4, 7, 3, 1)
11220	(0, 0, 0, 0, 0, 6, 6, 5, 4, 7, 2, 2)
11221	(0, 0, 0, 0, 0, 6, 5, 6, 4, 7, 2, 2)
11222	(0, 0, 0, 0, 0, 5, 6, 6, 4, 7, 2, 2)
11223	(0, 0, 0, 0, 0, 6, 6, 6, 3, 7, 4, 1)
11224	(0, 0, 0, 0, 0, 6, 6, 6, 2, 7, 3, 2)
11225	(0, 0, 0, 0, 0, 6, 6, 5, 3, 7, 3, 2)
11226	(0, 0, 0, 0, 0, 6, 5, 6, 3, 7, 3, 2)
11227	(0, 0, 0, 0, 0, 5, 6, 6, 3, 7, 3, 2)
11228	(0, 0, 0, 0, 0, 6, 6, 4, 6, 7, 3, 1)
11229	(0, 0, 0, 0, 0, 6, 6, 4, 5, 7, 2, 2)
11230	(0, 0, 0, 0, 0, 6, 5, 4, 6, 7, 2, 2)
11231	(0, 0, 0, 0, 0, 5, 6, 4, 6, 7, 2, 2)
11232	(0, 0, 0, 0, 0, 6, 6, 3, 6, 7, 4, 1)
11233	(0, 0, 0, 0, 0, 6, 6, 3, 5, 7, 3, 2)
11234	(0, 0, 0, 0, 0, 6, 6, 2, 6, 7, 3, 2)
11235	(0, 0, 0, 0, 0, 6, 5, 3, 6, 7, 3, 2)
11236	(0, 0, 0, 0, 0, 5, 6, 3, 6, 7, 3, 2)
11237	(0, 0, 0, 0, 0, 6, 4, 6, 6, 7, 3, 1)
11238	(0, 0, 0, 0, 0, 6, 4, 6, 5, 7, 2, 2)
11239	(0, 0, 0, 0, 0, 6, 4, 5, 6, 7, 2, 2)
11240	(0, 0, 0, 0, 0, 5, 4, 6, 6, 7, 2, 2)
11241	(0, 0, 0, 0, 0, 6, 3, 6, 6, 7, 4, 1)
11242	(0, 0, 0, 0, 0, 6, 3, 6, 5, 7, 3, 2)
11243	(0, 0, 0, 0, 0, 6, 3, 5, 6, 7, 3, 2)
11244	(0, 0, 0, 0, 0, 6, 2, 6, 6, 7, 3, 2)
11245	(0, 0, 0, 0, 0, 5, 3, 6, 6, 7, 3, 2)
11246	(0, 0, 0, 0, 0, 4, 6, 6, 6, 7, 3, 1)
11247	(0, 0, 0, 0, 0, 4, 6, 6, 5, 7, 2, 2)
11248	(0, 0, 0, 0, 0, 4, 6, 5, 6, 7, 2, 2)
11249	(0, 0, 0, 0, 0, 4, 5, 6, 6, 7, 2, 2)
11250	(0, 0, 0, 0, 0, 3, 6, 6, 6, 7, 4, 1)
11251	(0, 0, 0, 0, 0, 3, 6, 6, 5, 7, 3, 2)
11252	(0, 0, 0, 0, 0, 3, 6, 5, 6, 7, 3, 2)
11253	(0, 0, 0, 0, 0, 3, 5, 6, 6, 7, 3, 2)
11254	(0, 0, 0, 0, 0, 2, 6, 6, 6, 7, 3, 2)
11255	(0, 0, 0, 1, 0, 6, 6, 6, 5, 8, 3, 0)
11256	(0, 0, 0, 1, 0, 6, 6, 5, 6, 8, 3, 0)
11257	(0, 0, 0, 1, 0, 6, 5, 6, 6, 8, 3, 0)
11258	(0, 0, 0, 1, 0, 5, 6, 6, 6, 8, 3, 0)
11259	(0, 0, 0, 0, 0, 6, 6, 6, 6, 8, 4, 0)
11260	(0, 0, 0, 1, 0, 6, 6, 5, 5, 8, 2, 1)
11261	(0, 0, 0, 1, 0, 6, 5, 6, 5, 8, 2, 1)
11262	(0, 0, 0, 1, 0, 6, 5, 5, 6, 8, 2, 1)
11263	(0, 0, 0, 1, 0, 6, 5, 5, 5, 8, 1, 2)
11264	(0, 0, 0, 1, 0, 5, 6, 6, 5, 8, 2, 1)
11265	(0, 0, 0, 1, 0, 5, 6, 5, 6, 8, 2, 1)
11266	(0, 0, 0, 1, 0, 5, 6, 5, 5, 8, 1, 2)
11267	(0, 0, 0, 1, 0, 5, 5, 6, 6, 8, 2, 1)
11268	(0, 0, 0, 1, 0, 5, 5, 6, 5, 8, 1, 2)
11269	(0, 0, 0, 1, 0, 5, 5, 5, 6, 8, 1, 2)
11270	(0, 0, 0, 1, 0, 6, 6, 6, 4, 7, 3, 1)
11271	(0, 0, 0, 1, 0, 6, 6, 5, 4, 7, 2, 2)
11272	(0, 0, 0, 1, 0, 6, 5, 6, 4, 7, 2, 2)
11273	(0, 0, 0, 1, 0, 5, 6, 6, 4, 7, 2, 2)
11274	(0, 0, 0, 1, 0, 6, 6, 6, 3, 7, 4, 1)
11275	(0, 0, 0, 1, 0, 6, 6, 6, 2, 7, 3, 2)
11276	(0, 0, 0, 1, 0, 6, 6, 5, 3, 7, 3, 2)
11277	(0, 0, 0, 1, 0, 6, 5, 6, 3, 7, 3, 2)
11278	(0, 0, 0, 1, 0, 5, 6, 6, 3, 7, 3, 2)
11279	(0, 0, 0, 1, 0, 6, 6, 4, 6, 7, 3, 1)
11280	(0, 0, 0, 1, 0, 6, 6, 4, 5, 7, 2, 2)
11281	(0, 0, 0, 1, 0, 6, 5, 4, 6, 7, 2, 2)
11282	(0, 0, 0, 1, 0, 5, 6, 4, 6, 7, 2, 2)
11283	(0, 0, 0, 1, 0, 6, 6, 3, 6, 7, 4, 1)
11284	(0, 0, 0, 1, 0, 6, 6, 3, 5, 7, 3, 2)
11285	(0, 0, 0, 1, 0, 6, 6, 2, 6, 7, 3, 2)
11286	(0, 0, 0, 1, 0, 6, 5, 3, 6, 7, 3, 2)
11287	(0, 0, 0, 1, 0, 5, 6, 3, 6, 7, 3, 2)
11288	(0, 0, 0, 1, 0, 6, 4, 6, 6, 7, 3, 1)
11289	(0, 0, 0, 1, 0, 6, 4, 6, 5, 7, 2, 2)
11290	(0, 0, 0, 1, 0, 6, 4, 5, 6, 7, 2, 2)
11291	(0, 0, 0, 1, 0, 5, 4, 6, 6, 7, 2, 2)
11292	(0, 0, 0, 1, 0, 6, 3, 6, 6, 7, 4, 1)
11293	(0, 0, 0, 1, 0, 6, 3, 6, 5, 7, 3, 2)
11294	(0, 0, 0, 1, 0, 6, 3, 5, 6, 7, 3, 2)
11295	(0, 0, 0, 1, 0, 6, 2, 6, 6, 7, 3, 2)
11296	(0, 0, 0, 1, 0, 5, 3, 6, 6, 7, 3, 2)
11297	(0, 0, 0, 1, 0, 4, 6, 6, 6, 7, 3, 1)
11298	(0, 0, 0, 1, 0, 4, 6, 6, 5, 7, 2, 2)
11299	(0, 0, 0, 1, 0, 4, 6, 5, 6, 7, 2, 2)
11300	(0, 0, 0, 1, 0, 4, 5, 6, 6, 7, 2, 2)
11301	(0, 0, 0, 1, 0, 3, 6, 6, 6, 7, 4, 1)
11302	(0, 0, 0, 1, 0, 3, 6, 6, 5, 7, 3, 2)
11303	(0, 0, 0, 1, 0, 3, 6, 5, 6, 7, 3, 2)
11304	(0, 0, 0, 1, 0, 3, 5, 6, 6, 7, 3, 2)
11305	(0, 0, 0, 1, 0, 2, 6, 6, 6, 7, 3, 2)
11306	(0, 0, 0, 0, 0, 6, 6, 6, 5, 8, 3, 1)
11307	(0, 0, 0, 0, 0, 6, 6, 5, 6, 8, 3, 1)
11308	(0, 0, 0, 0, 0, 6, 6, 5, 5, 8, 2, 2)
11309	(0, 0, 0, 0, 0, 6, 5, 6, 6, 8, 3, 1)
11310	(0, 0, 0, 0, 0, 6, 5, 6, 5, 8, 2, 2)
11311	(0, 0, 0, 0, 0, 6, 5, 5, 6, 8, 2, 2)
11312	(0, 0, 0, 0, 0, 5, 6, 6, 6, 8, 3, 1)
11313	(0, 0, 0, 0, 0, 5, 6, 6, 5, 8, 2, 2)
11314	(0, 0, 0, 0, 0, 5, 6, 5, 6, 8, 2, 2)
11315	(0, 0, 0, 0, 0, 5, 5, 6, 6, 8, 2, 2)
11316	(0, 0, 0, 0, 0, 6, 6, 6, 4, 7, 3, 2)
11317	(0, 0, 0, 0, 0, 6, 6, 6, 3, 7, 4, 2)
11318	(0, 0, 0, 0, 0, 6, 6, 4, 6, 7, 3, 2)
11319	(0, 0, 0, 0, 0, 6, 6, 3, 6, 7, 4, 2)
11320	(0, 0, 0, 0, 0, 6, 4, 6, 6, 7, 3, 2)
11321	(0, 0, 0, 0, 0, 6, 3, 6, 6, 7, 4, 2)
11322	(0, 0, 0, 0, 0, 4, 6, 6, 6, 7, 3, 2)
11323	(0, 0, 0, 0, 0, 3, 6, 6, 6, 7, 4, 2)
11324	(0, 0, 0, 1, 0, 6, 6, 6, 6, 8, 4, 0)
11325	(0, 0, 0, 1, 0, 6, 6, 6, 5, 8, 3, 1)
11326	(0, 0, 0, 1, 0, 6, 6, 5, 6, 8, 3, 1)
11327	(0, 0, 0, 1, 0, 6, 6, 5, 5, 8, 2, 2)
11328	(0, 0, 0, 1, 0, 6, 5, 6, 6, 8, 3, 1)
11329	(0, 0, 0, 1, 0, 6, 5, 6, 5, 8, 2, 2)
11330	(0, 0, 0, 1, 0, 6, 5, 5, 6, 8, 2, 2)
11331	(0, 0, 0, 1, 0, 5, 6, 6, 6, 8, 3, 1)
11332	(0, 0, 0, 1, 0, 5, 6, 6, 5, 8, 2, 2)
11333	(0, 0, 0, 1, 0, 5, 6, 5, 6, 8, 2, 2)
11334	(0, 0, 0, 1, 0, 5, 5, 6, 6, 8, 2, 2)
11335	(0, 0, 0, 1, 0, 6, 6, 6, 4, 7, 3, 2)
11336	(0, 0, 0, 1, 0, 6, 6, 6, 3, 7, 4, 2)
11337	(0, 0, 0, 1, 0, 6, 6, 4, 6, 7, 3, 2)
11338	(0, 0, 0, 1, 0, 6, 6, 3, 6, 7, 4, 2)
11339	(0, 0, 0, 1, 0, 6, 4, 6, 6, 7, 3, 2)
11340	(0, 0, 0, 1, 0, 6, 3, 6, 6, 7, 4, 2)
11341	(0, 0, 0, 1, 0, 4, 6, 6, 6, 7, 3, 2)
11342	(0, 0, 0, 1, 0, 3, 6, 6, 6, 7, 4, 2)
11343	(0, 0, 0, 0, 0, 6, 6, 6, 6, 8, 4, 1)
11344	(0, 0, 0, 0, 0, 6, 6, 6, 5, 8, 3, 2)
11345	(0, 0, 0, 0, 0, 6, 6, 5, 6, 8, 3, 2)
11346	(0, 0, 0, 0, 0, 6, 5, 6, 6, 8, 3, 2)
11347	(0, 0, 0, 0, 0, 5, 6, 6, 6, 8, 3, 2)
11348	(0, 0, 0, 1, 0, 6, 6, 6, 6, 8, 4, 1)
11349	(0, 0, 0, 1, 0, 6, 6, 6, 5, 8, 3, 2)
11350	(0, 0, 0, 1, 0, 6, 6, 5, 6, 8, 3, 2)
11351	(0, 0, 0, 1, 0, 6, 5, 6, 6, 8, 3, 2)
11352	(0, 0, 0, 1, 0, 5, 6, 6, 6, 8, 3, 2)
11353	(0, 0, 0, 0, 0, 6, 6, 6, 6, 8, 4, 2)
11354	(0, 0, 0, 1, 0, 6, 6, 6, 6, 8, 4, 2)
